[2510月2025 17:37:02.207] [main/INFO] [cpw.mods.modlauncher.Launcher/MODLAUNCHER]: ModLauncher running: args [--launchTarget, forgeclientuserdev, --version, MOD_DEV, --assetIndex, 5, --assetsDir, C:\Users\Administrator\.gradle\caches\forge_gradle\assets, --gameDir, ., --fml.forgeVersion, 47.4.10, --fml.mcVersion, 1.20.1, --fml.forgeGroup, net.minecraftforge, --fml.mcpVersion, 20230612.114412, --mixin.config, gameplay_sculptor.mixins.json]
[2510月2025 17:37:02.213] [main/INFO] [cpw.mods.modlauncher.Launcher/MODLAUNCHER]: ModLauncher 10.0.9+10.0.9+main.dcd20f30 starting: java version 17.0.6 by Oracle Corporation; OS Windows 10 arch amd64 version 10.0
[2510月2025 17:37:02.229] [main/DEBUG] [cpw.mods.modlauncher.LaunchServiceHandler/MODLAUNCHER]: Found launch services [fmlclientdev,forgeclient,minecraft,forgegametestserverdev,fmlserveruserdev,fmlclient,fmldatauserdev,forgeserverdev,forgeserveruserdev,forgeclientdev,forgeclientuserdev,forgeserver,forgedatadev,fmlserver,fmlclientuserdev,fmlserverdev,forgedatauserdev,testharness,forgegametestserveruserdev]
[2510月2025 17:37:02.241] [main/DEBUG] [cpw.mods.modlauncher.NameMappingServiceHandler/MODLAUNCHER]: Found naming services : [srgtomcp]
[2510月2025 17:37:02.247] [main/DEBUG] [cpw.mods.modlauncher.LaunchPluginHandler/MODLAUNCHER]: Found launch plugins: [mixin,eventbus,slf4jfixer,object_holder_definalize,runtime_enum_extender,capability_token_subclass,accesstransformer,runtimedistcleaner]
[2510月2025 17:37:02.252] [main/DEBUG] [cpw.mods.modlauncher.TransformationServicesHandler/MODLAUNCHER]: Discovering transformation services
[2510月2025 17:37:02.255] [main/DEBUG] [net.minecraftforge.fml.loading.FMLPaths/CORE]: Path GAMEDIR is E:\yuanchu\Gameplay Sculptor\run
[2510月2025 17:37:02.255] [main/DEBUG] [net.minecraftforge.fml.loading.FMLPaths/CORE]: Path MODSDIR is E:\yuanchu\Gameplay Sculptor\run\mods
[2510月2025 17:37:02.255] [main/DEBUG] [net.minecraftforge.fml.loading.FMLPaths/CORE]: Path CONFIGDIR is E:\yuanchu\Gameplay Sculptor\run\config
[2510月2025 17:37:02.256] [main/DEBUG] [net.minecraftforge.fml.loading.FMLPaths/CORE]: Path FMLCONFIG is E:\yuanchu\Gameplay Sculptor\run\config\fml.toml
[2510月2025 17:37:02.273] [main/DEBUG] [cpw.mods.modlauncher.TransformationServicesHandler/MODLAUNCHER]: Found additional transformation services from discovery services: 
[2510月2025 17:37:02.276] [main/INFO] [net.minecraftforge.fml.loading.ImmediateWindowHandler/]: Loading ImmediateWindowProvider fmlearlywindow
[2510月2025 17:37:02.320] [main/INFO] [EARLYDISPLAY/]: Trying GL version 4.6
[2510月2025 17:37:02.437] [main/INFO] [EARLYDISPLAY/]: Requested GL version 4.6 got version 4.6
[2510月2025 17:37:02.458] [main/DEBUG] [cpw.mods.modlauncher.TransformationServicesHandler/MODLAUNCHER]: Found transformer services : [mixin,fml]
[2510月2025 17:37:02.458] [main/DEBUG] [cpw.mods.modlauncher.TransformationServicesHandler/MODLAUNCHER]: Transformation services loading
[2510月2025 17:37:02.458] [main/DEBUG] [cpw.mods.modlauncher.TransformationServiceDecorator/MODLAUNCHER]: Loading service mixin
[2510月2025 17:37:02.458] [main/DEBUG] [cpw.mods.modlauncher.TransformationServiceDecorator/MODLAUNCHER]: Loaded service mixin
[2510月2025 17:37:02.459] [main/DEBUG] [cpw.mods.modlauncher.TransformationServiceDecorator/MODLAUNCHER]: Loading service fml
[2510月2025 17:37:02.459] [main/DEBUG] [net.minecraftforge.fml.loading.LauncherVersion/CORE]: Found FMLLauncher version 1.0
[2510月2025 17:37:02.459] [main/DEBUG] [net.minecraftforge.fml.loading.FMLLoader/CORE]: FML 1.0 loading
[2510月2025 17:37:02.459] [main/DEBUG] [net.minecraftforge.fml.loading.FMLLoader/CORE]: FML found ModLauncher version : 10.0.9+10.0.9+main.dcd20f30
[2510月2025 17:37:02.459] [main/DEBUG] [net.minecraftforge.fml.loading.FMLLoader/CORE]: Requesting CoreMods to not apply the fix for ASMAPI.findFirstInstructionBefore by default
[2510月2025 17:37:02.460] [main/DEBUG] [net.minecraftforge.fml.loading.FMLLoader/CORE]: FML found AccessTransformer version : 8.0.4+66+master.c09db6d7
[2510月2025 17:37:02.460] [main/DEBUG] [net.minecraftforge.fml.loading.FMLLoader/CORE]: FML found EventBus version : 6.0.5+6.0.5+master.eb8e549b
[2510月2025 17:37:02.460] [main/DEBUG] [net.minecraftforge.fml.loading.FMLLoader/CORE]: Found Runtime Dist Cleaner
[2510月2025 17:37:02.461] [main/DEBUG] [net.minecraftforge.coremod.CoreModEngine/]: CoreMods will preserve legacy behavior of ASMAPI.findFirstInstructionBefore for backwards-compatibility
[2510月2025 17:37:02.461] [main/DEBUG] [net.minecraftforge.fml.loading.FMLLoader/CORE]: FML found CoreMod version : 5.2.4
[2510月2025 17:37:02.461] [main/DEBUG] [net.minecraftforge.fml.loading.FMLLoader/CORE]: Found ForgeSPI package implementation version 7.0.1+7.0.1+master.d2b38bf6
[2510月2025 17:37:02.462] [main/DEBUG] [net.minecraftforge.fml.loading.FMLLoader/CORE]: Found ForgeSPI package specification 5
[2510月2025 17:37:02.462] [main/DEBUG] [cpw.mods.modlauncher.TransformationServiceDecorator/MODLAUNCHER]: Loaded service fml
[2510月2025 17:37:02.462] [main/DEBUG] [cpw.mods.modlauncher.TransformationServicesHandler/MODLAUNCHER]: Configuring option handling for services
[2510月2025 17:37:02.465] [main/DEBUG] [cpw.mods.modlauncher.TransformationServicesHandler/MODLAUNCHER]: Transformation services initializing
[2510月2025 17:37:02.465] [main/DEBUG] [cpw.mods.modlauncher.TransformationServiceDecorator/MODLAUNCHER]: Initializing transformation service mixin
[2510月2025 17:37:02.474] [main/DEBUG] [mixin/]: MixinService [ModLauncher] was successfully booted in cpw.mods.cl.ModuleClassLoader@76508ed1
[2510月2025 17:37:02.482] [main/INFO] [mixin/]: SpongePowered MIXIN Subsystem Version=0.8.5 Source=union:/C:/Users/Administrator/.gradle/caches/modules-2/files-2.1/org.spongepowered/mixin/0.8.5/9d1c0c3a304ae6697ecd477218fa61b850bf57fc/mixin-0.8.5.jar%23128!/ Service=ModLauncher Env=CLIENT
[2510月2025 17:37:02.484] [main/DEBUG] [mixin/]: Initialising Mixin Platform Manager
[2510月2025 17:37:02.484] [main/DEBUG] [mixin/]: Adding mixin platform agents for container ModLauncher Root Container(ModLauncher:4f56a0a2)
[2510月2025 17:37:02.484] [main/DEBUG] [mixin/]: Instancing new MixinPlatformAgentMinecraftForge for ModLauncher Root Container(ModLauncher:4f56a0a2)
[2510月2025 17:37:02.484] [main/DEBUG] [mixin/]: MixinPlatformAgentMinecraftForge rejected container ModLauncher Root Container(ModLauncher:4f56a0a2)
[2510月2025 17:37:02.485] [main/DEBUG] [mixin/]: Instancing new MixinPlatformAgentDefault for ModLauncher Root Container(ModLauncher:4f56a0a2)
[2510月2025 17:37:02.485] [main/DEBUG] [mixin/]: MixinPlatformAgentDefault accepted container ModLauncher Root Container(ModLauncher:4f56a0a2)
[2510月2025 17:37:02.486] [main/DEBUG] [cpw.mods.modlauncher.TransformationServiceDecorator/MODLAUNCHER]: Initialized transformation service mixin
[2510月2025 17:37:02.486] [main/DEBUG] [cpw.mods.modlauncher.TransformationServiceDecorator/MODLAUNCHER]: Initializing transformation service fml
[2510月2025 17:37:02.486] [main/DEBUG] [net.minecraftforge.fml.loading.FMLServiceProvider/CORE]: Setting up basic FML game directories
[2510月2025 17:37:02.486] [main/DEBUG] [net.minecraftforge.fml.loading.FMLPaths/CORE]: Path GAMEDIR is E:\yuanchu\Gameplay Sculptor\run
[2510月2025 17:37:02.486] [main/DEBUG] [net.minecraftforge.fml.loading.FMLPaths/CORE]: Path MODSDIR is E:\yuanchu\Gameplay Sculptor\run\mods
[2510月2025 17:37:02.486] [main/DEBUG] [net.minecraftforge.fml.loading.FMLPaths/CORE]: Path CONFIGDIR is E:\yuanchu\Gameplay Sculptor\run\config
[2510月2025 17:37:02.486] [main/DEBUG] [net.minecraftforge.fml.loading.FMLPaths/CORE]: Path FMLCONFIG is E:\yuanchu\Gameplay Sculptor\run\config\fml.toml
[2510月2025 17:37:02.486] [main/DEBUG] [net.minecraftforge.fml.loading.FMLServiceProvider/CORE]: Loading configuration
[2510月2025 17:37:02.488] [main/DEBUG] [net.minecraftforge.fml.loading.FMLServiceProvider/CORE]: Preparing ModFile
[2510月2025 17:37:02.489] [main/DEBUG] [net.minecraftforge.fml.loading.FMLServiceProvider/CORE]: Preparing launch handler
[2510月2025 17:37:02.490] [main/DEBUG] [net.minecraftforge.fml.loading.FMLLoader/CORE]: Using forgeclientuserdev as launch service
[2510月2025 17:37:02.495] [main/DEBUG] [net.minecraftforge.fml.loading.FMLLoader/CORE]: Received command line version data  : VersionInfo[forgeVersion=47.4.10, mcVersion=1.20.1, mcpVersion=20230612.114412, forgeGroup=net.minecraftforge]
[2510月2025 17:37:02.496] [main/DEBUG] [cpw.mods.modlauncher.TransformationServiceDecorator/MODLAUNCHER]: Initialized transformation service fml
[2510月2025 17:37:02.496] [main/DEBUG] [cpw.mods.modlauncher.NameMappingServiceHandler/MODLAUNCHER]: Current naming domain is 'mcp'
[2510月2025 17:37:02.496] [main/DEBUG] [cpw.mods.modlauncher.NameMappingServiceHandler/MODLAUNCHER]: Identified name mapping providers {srg=srgtomcp:1234}
[2510月2025 17:37:02.496] [main/DEBUG] [cpw.mods.modlauncher.TransformationServicesHandler/MODLAUNCHER]: Transformation services begin scanning
[2510月2025 17:37:02.497] [main/DEBUG] [cpw.mods.modlauncher.TransformationServiceDecorator/MODLAUNCHER]: Beginning scan trigger - transformation service mixin
[2510月2025 17:37:02.497] [main/DEBUG] [cpw.mods.modlauncher.TransformationServiceDecorator/MODLAUNCHER]: End scan trigger - transformation service mixin
[2510月2025 17:37:02.497] [main/DEBUG] [cpw.mods.modlauncher.TransformationServiceDecorator/MODLAUNCHER]: Beginning scan trigger - transformation service fml
[2510月2025 17:37:02.497] [main/DEBUG] [net.minecraftforge.fml.loading.FMLServiceProvider/CORE]: Initiating mod scan
[2510月2025 17:37:02.502] [main/DEBUG] [net.minecraftforge.fml.loading.moddiscovery.ModListHandler/CORE]: Found mod coordinates from lists: []
[2510月2025 17:37:02.503] [main/DEBUG] [net.minecraftforge.fml.loading.moddiscovery.ModDiscoverer/CORE]: Found Mod Locators : (mods folder:null),(maven libs:null),(exploded directory:null),(minecraft:null),(userdev classpath:null)
[2510月2025 17:37:02.503] [main/DEBUG] [net.minecraftforge.fml.loading.moddiscovery.ModDiscoverer/CORE]: Found Dependency Locators : (JarInJar:null)
[2510月2025 17:37:02.506] [main/DEBUG] [net.minecraftforge.fml.loading.targets.CommonLaunchHandler/CORE]: Got mod coordinates gameplay_sculptor%%E:/yuanchu/Gameplay Sculptor\build\resources\main;gameplay_sculptor%%E:/yuanchu/Gameplay Sculptor\build\classes\java\main from env
[2510月2025 17:37:02.506] [main/DEBUG] [net.minecraftforge.fml.loading.targets.CommonLaunchHandler/CORE]: Found supplied mod coordinates [{gameplay_sculptor=[E:\yuanchu\Gameplay Sculptor\build\resources\main, E:\yuanchu\Gameplay Sculptor\build\classes\java\main]}]
[2510月2025 17:37:02.510] [pool-2-thread-1/INFO] [EARLYDISPLAY/]: GL info: NVIDIA GeForce RTX 5070 Ti/PCIe/SSE2 GL version 4.6.0 NVIDIA 581.57, NVIDIA Corporation
[2510月2025 17:37:02.646] [main/DEBUG] [net.minecraftforge.fml.loading.moddiscovery.ModFileInfo/LOADING]: Found valid mod file forge-1.20.1-47.4.10_mapped_official_1.20.1.jar with {minecraft} mods - versions {1.20.1}
[2510月2025 17:37:02.652] [main/DEBUG] [net.minecraftforge.fml.loading.moddiscovery.ModFileParser/LOADING]: Considering mod file candidate C:\Users\Administrator\.gradle\caches\modules-2\files-2.1\net.minecraftforge\javafmllanguage\1.20.1-47.4.10\ccc533c7dd67e0983217197d7549c8b49e7ab453\javafmllanguage-1.20.1-47.4.10.jar
[2510月2025 17:37:02.652] [main/WARN] [net.minecraftforge.fml.loading.moddiscovery.ModFileParser/LOADING]: Mod file C:\Users\Administrator\.gradle\caches\modules-2\files-2.1\net.minecraftforge\javafmllanguage\1.20.1-47.4.10\ccc533c7dd67e0983217197d7549c8b49e7ab453\javafmllanguage-1.20.1-47.4.10.jar is missing mods.toml file
[2510月2025 17:37:02.657] [main/DEBUG] [net.minecraftforge.fml.loading.moddiscovery.ModFileParser/LOADING]: Considering mod file candidate C:\Users\Administrator\.gradle\caches\modules-2\files-2.1\net.minecraftforge\lowcodelanguage\1.20.1-47.4.10\e9a2879fe3612ea34b9728ec2633304a1e67d480\lowcodelanguage-1.20.1-47.4.10.jar
[2510月2025 17:37:02.657] [main/WARN] [net.minecraftforge.fml.loading.moddiscovery.ModFileParser/LOADING]: Mod file C:\Users\Administrator\.gradle\caches\modules-2\files-2.1\net.minecraftforge\lowcodelanguage\1.20.1-47.4.10\e9a2879fe3612ea34b9728ec2633304a1e67d480\lowcodelanguage-1.20.1-47.4.10.jar is missing mods.toml file
[2510月2025 17:37:02.662] [main/DEBUG] [net.minecraftforge.fml.loading.moddiscovery.ModFileParser/LOADING]: Considering mod file candidate C:\Users\Administrator\.gradle\caches\modules-2\files-2.1\net.minecraftforge\mclanguage\1.20.1-47.4.10\ec5cefbbc65c67302b8fac317010faab85fa14b9\mclanguage-1.20.1-47.4.10.jar
[2510月2025 17:37:02.662] [main/WARN] [net.minecraftforge.fml.loading.moddiscovery.ModFileParser/LOADING]: Mod file C:\Users\Administrator\.gradle\caches\modules-2\files-2.1\net.minecraftforge\mclanguage\1.20.1-47.4.10\ec5cefbbc65c67302b8fac317010faab85fa14b9\mclanguage-1.20.1-47.4.10.jar is missing mods.toml file
[2510月2025 17:37:02.666] [main/DEBUG] [net.minecraftforge.fml.loading.moddiscovery.ModFileParser/LOADING]: Considering mod file candidate C:\Users\Administrator\.gradle\caches\modules-2\files-2.1\net.minecraftforge\fmlcore\1.20.1-47.4.10\94dae566be650566ea9115a1414ab76bfcf5a804\fmlcore-1.20.1-47.4.10.jar
[2510月2025 17:37:02.666] [main/WARN] [net.minecraftforge.fml.loading.moddiscovery.ModFileParser/LOADING]: Mod file C:\Users\Administrator\.gradle\caches\modules-2\files-2.1\net.minecraftforge\fmlcore\1.20.1-47.4.10\94dae566be650566ea9115a1414ab76bfcf5a804\fmlcore-1.20.1-47.4.10.jar is missing mods.toml file
[2510月2025 17:37:02.669] [main/DEBUG] [net.minecraftforge.fml.loading.moddiscovery.ModFileParser/LOADING]: Considering mod file candidate E:\yuanchu\Gameplay Sculptor\build\resources\main
[2510月2025 17:37:02.672] [main/DEBUG] [net.minecraftforge.fml.loading.moddiscovery.ModFileInfo/LOADING]: Found valid mod file main with {gameplay_sculptor} mods - versions {1.0}
[2510月2025 17:37:02.673] [main/DEBUG] [net.minecraftforge.fml.loading.moddiscovery.ModFileParser/LOADING]: Considering mod file candidate /
[2510月2025 17:37:02.675] [main/DEBUG] [net.minecraftforge.fml.loading.moddiscovery.ModFileInfo/LOADING]: Found valid mod file  with {forge} mods - versions {47.4.10}
[2510月2025 17:37:02.690] [main/DEBUG] [net.minecraftforge.fml.loading.moddiscovery.ModFileParser/LOADING]: Considering mod file candidate C:\Users\Administrator\.gradle\caches\forge_gradle\deobf_dependencies\curse\maven\itemzoom-261725\5043628_mapped_official_1.20.1\itemzoom-261725-5043628_mapped_official_1.20.1.jar
[2510月2025 17:37:02.691] [main/DEBUG] [net.minecraftforge.fml.loading.moddiscovery.ModFileInfo/LOADING]: Found valid mod file itemzoom-261725-5043628_mapped_official_1.20.1.jar with {itemzoom} mods - versions {2.9.0}
[2510月2025 17:37:02.696] [main/DEBUG] [net.minecraftforge.fml.loading.moddiscovery.ModFileParser/LOADING]: Considering mod file candidate C:\Users\Administrator\.gradle\caches\forge_gradle\deobf_dependencies\curse\maven\inventory-tweaks-refoxed-976858\5939627_mapped_official_1.20.1\inventory-tweaks-refoxed-976858-5939627_mapped_official_1.20.1.jar
[2510月2025 17:37:02.698] [main/DEBUG] [net.minecraftforge.fml.loading.moddiscovery.ModFileInfo/LOADING]: Found valid mod file inventory-tweaks-refoxed-976858-5939627_mapped_official_1.20.1.jar with {invtweaks} mods - versions {1.2.0}
[2510月2025 17:37:02.703] [main/DEBUG] [net.minecraftforge.fml.loading.moddiscovery.ModFileParser/LOADING]: Considering mod file candidate C:\Users\Administrator\.gradle\caches\forge_gradle\deobf_dependencies\curse\maven\curios-309927\6418456_mapped_official_1.20.1\curios-309927-6418456_mapped_official_1.20.1.jar
[2510月2025 17:37:02.703] [main/DEBUG] [net.minecraftforge.fml.loading.moddiscovery.ModFileInfo/LOADING]: Found valid mod file curios-309927-6418456_mapped_official_1.20.1.jar with {curios} mods - versions {5.14.1+1.20.1}
[2510月2025 17:37:02.708] [main/DEBUG] [net.minecraftforge.fml.loading.moddiscovery.ModFileParser/LOADING]: Considering mod file candidate C:\Users\Administrator\.gradle\caches\forge_gradle\deobf_dependencies\curse\maven\modernfix-790626\6837713_mapped_official_1.20.1\modernfix-790626-6837713_mapped_official_1.20.1.jar
[2510月2025 17:37:02.709] [main/DEBUG] [net.minecraftforge.fml.loading.moddiscovery.ModFileInfo/LOADING]: Found valid mod file modernfix-790626-6837713_mapped_official_1.20.1.jar with {modernfix} mods - versions {5.24.4+mc1.20.1}
[2510月2025 17:37:02.714] [main/DEBUG] [net.minecraftforge.fml.loading.moddiscovery.ModFileParser/LOADING]: Considering mod file candidate C:\Users\Administrator\.gradle\caches\forge_gradle\deobf_dependencies\curse\maven\selene-499980\5942980_mapped_official_1.20.1\selene-499980-5942980_mapped_official_1.20.1.jar
[2510月2025 17:37:02.715] [main/DEBUG] [net.minecraftforge.fml.loading.moddiscovery.ModFileInfo/LOADING]: Found valid mod file selene-499980-5942980_mapped_official_1.20.1.jar with {moonlight} mods - versions {1.20-2.13.33}
[2510月2025 17:37:02.719] [main/DEBUG] [net.minecraftforge.fml.loading.moddiscovery.ModFileParser/LOADING]: Considering mod file candidate C:\Users\Administrator\.gradle\caches\forge_gradle\deobf_dependencies\curse\maven\mmmmmmmmmmmm-225738\5737040_mapped_official_1.20.1\mmmmmmmmmmmm-225738-5737040_mapped_official_1.20.1.jar
[2510月2025 17:37:02.720] [main/DEBUG] [net.minecraftforge.fml.loading.moddiscovery.ModFileInfo/LOADING]: Found valid mod file mmmmmmmmmmmm-225738-5737040_mapped_official_1.20.1.jar with {dummmmmmy} mods - versions {1.20-2.0.2}
[2510月2025 17:37:02.724] [main/DEBUG] [net.minecraftforge.fml.loading.moddiscovery.ModFileParser/LOADING]: Considering mod file candidate C:\Users\Administrator\.gradle\caches\forge_gradle\deobf_dependencies\curse\maven\damage-number-998849\5538112_mapped_official_1.20.1\damage-number-998849-5538112_mapped_official_1.20.1.jar
[2510月2025 17:37:02.725] [main/DEBUG] [net.minecraftforge.fml.loading.moddiscovery.ModFileInfo/LOADING]: Found valid mod file damage-number-998849-5538112_mapped_official_1.20.1.jar with {damage_number} mods - versions {1.3.1}
[2510月2025 17:37:02.730] [main/DEBUG] [net.minecraftforge.fml.loading.moddiscovery.ModFileParser/LOADING]: Considering mod file candidate C:\Users\Administrator\.gradle\caches\forge_gradle\deobf_dependencies\curse\maven\jade-324717\5876199_mapped_official_1.20.1\jade-324717-5876199_mapped_official_1.20.1.jar
[2510月2025 17:37:02.730] [main/DEBUG] [net.minecraftforge.fml.loading.moddiscovery.ModFileInfo/LOADING]: Found valid mod file jade-324717-5876199_mapped_official_1.20.1.jar with {jade} mods - versions {11.12.2+forge}
[2510月2025 17:37:02.735] [main/DEBUG] [net.minecraftforge.fml.loading.moddiscovery.ModFileParser/LOADING]: Considering mod file candidate C:\Users\Administrator\.gradle\caches\forge_gradle\deobf_dependencies\curse\maven\emi-580555\4663085_mapped_official_1.20.1\emi-580555-4663085_mapped_official_1.20.1.jar
[2510月2025 17:37:02.736] [main/DEBUG] [net.minecraftforge.fml.loading.moddiscovery.ModFileInfo/LOADING]: Found valid mod file emi-580555-4663085_mapped_official_1.20.1.jar with {emi} mods - versions {1.0.14+1.20.1+forge}
[2510月2025 17:37:02.740] [main/DEBUG] [net.minecraftforge.fml.loading.moddiscovery.ModFileParser/LOADING]: Considering mod file candidate C:\Users\Administrator\.gradle\caches\forge_gradle\deobf_dependencies\curse\maven\baubley-heart-canisters-282947\6927920_mapped_official_1.20.1\baubley-heart-canisters-282947-6927920_mapped_official_1.20.1.jar
[2510月2025 17:37:02.741] [main/DEBUG] [net.minecraftforge.fml.loading.moddiscovery.ModFileInfo/LOADING]: Found valid mod file baubley-heart-canisters-282947-6927920_mapped_official_1.20.1.jar with {bhc} mods - versions {1.20.1-1.1.1}
[2510月2025 17:37:02.745] [main/DEBUG] [net.minecraftforge.fml.loading.moddiscovery.ModFileParser/LOADING]: Considering mod file candidate C:\Users\Administrator\.gradle\caches\forge_gradle\deobf_dependencies\curse\maven\configured-457570\5180900_mapped_official_1.20.1\configured-457570-5180900_mapped_official_1.20.1.jar
[2510月2025 17:37:02.746] [main/DEBUG] [net.minecraftforge.fml.loading.moddiscovery.ModFileInfo/LOADING]: Found valid mod file configured-457570-5180900_mapped_official_1.20.1.jar with {configured} mods - versions {2.2.3}
[2510月2025 17:37:02.750] [main/DEBUG] [net.minecraftforge.fml.loading.moddiscovery.ModFileParser/LOADING]: Considering mod file candidate C:\Users\Administrator\.gradle\caches\forge_gradle\deobf_dependencies\curse\maven\apothic-attributes-898963\5634071_mapped_official_1.20.1\apothic-attributes-898963-5634071_mapped_official_1.20.1.jar
[2510月2025 17:37:02.751] [main/DEBUG] [net.minecraftforge.fml.loading.moddiscovery.ModFileInfo/LOADING]: Found valid mod file apothic-attributes-898963-5634071_mapped_official_1.20.1.jar with {attributeslib} mods - versions {1.3.7}
[2510月2025 17:37:02.755] [main/DEBUG] [net.minecraftforge.fml.loading.moddiscovery.ModFileParser/LOADING]: Considering mod file candidate C:\Users\Administrator\.gradle\caches\forge_gradle\deobf_dependencies\curse\maven\placebo-283644\6274231_mapped_official_1.20.1\placebo-283644-6274231_mapped_official_1.20.1.jar
[2510月2025 17:37:02.755] [main/DEBUG] [net.minecraftforge.fml.loading.moddiscovery.ModFileInfo/LOADING]: Found valid mod file placebo-283644-6274231_mapped_official_1.20.1.jar with {placebo} mods - versions {8.6.3}
[2510月2025 17:37:02.760] [main/DEBUG] [net.minecraftforge.fml.loading.moddiscovery.ModFileParser/LOADING]: Considering mod file candidate C:\Users\Administrator\.gradle\caches\forge_gradle\deobf_dependencies\curse\maven\born-in-chaos-686437\6833957_mapped_official_1.20.1\born-in-chaos-686437-6833957_mapped_official_1.20.1.jar
[2510月2025 17:37:02.761] [main/DEBUG] [net.minecraftforge.fml.loading.moddiscovery.ModFileInfo/LOADING]: Found valid mod file born-in-chaos-686437-6833957_mapped_official_1.20.1.jar with {born_in_chaos_v1} mods - versions {1.7.2}
[2510月2025 17:37:02.765] [main/DEBUG] [net.minecraftforge.fml.loading.moddiscovery.ModFileParser/LOADING]: Considering mod file candidate C:\Users\Administrator\.gradle\caches\forge_gradle\deobf_dependencies\curse\maven\geckolib-388172\7025129_mapped_official_1.20.1\geckolib-388172-7025129_mapped_official_1.20.1.jar
[2510月2025 17:37:02.765] [main/DEBUG] [net.minecraftforge.fml.loading.moddiscovery.ModFileInfo/LOADING]: Found valid mod file geckolib-388172-7025129_mapped_official_1.20.1.jar with {geckolib} mods - versions {4.8.2}
[2510月2025 17:37:02.774] [main/DEBUG] [net.minecraftforge.fml.loading.moddiscovery.ModFileParser/LOADING]: Considering mod file candidate C:\Users\Administrator\.gradle\caches\forge_gradle\minecraft_user_repo\net\minecraftforge\forge\1.20.1-47.4.10_mapped_official_1.20.1\forge-1.20.1-47.4.10_mapped_official_1.20.1-recomp.jar
[2510月2025 17:37:02.775] [main/DEBUG] [net.minecraftforge.fml.loading.moddiscovery.ModFileInfo/LOADING]: Found valid mod file forge-1.20.1-47.4.10_mapped_official_1.20.1-recomp.jar with {forge} mods - versions {47.4.10}
[2510月2025 17:37:02.787] [main/DEBUG] [net.minecraftforge.fml.loading.moddiscovery.ModFileParser/LOADING]: Considering mod file candidate C:\Users\Administrator\.gradle\caches\forge_gradle\deobf_dependencies\curse\maven\modern-ui-352491\6199942)_mapped_official_1.20.1\modern-ui-352491-6199942)_mapped_official_1.20.1.jar
[2510月2025 17:37:02.787] [main/DEBUG] [net.minecraftforge.fml.loading.moddiscovery.ModFileInfo/LOADING]: Found valid mod file modern-ui-352491-6199942)_mapped_official_1.20.1.jar with {modernui} mods - versions {3.11.1.6}
[2510月2025 17:37:02.791] [main/DEBUG] [net.minecraftforge.fml.loading.moddiscovery.ModFileParser/LOADING]: Considering mod file candidate C:\Users\Administrator\.gradle\caches\forge_gradle\deobf_dependencies\curse\maven\itemzoom-261725\5043628_mapped_official_1.20.1\itemzoom-261725-5043628_mapped_official_1.20.1.jar
[2510月2025 17:37:02.792] [main/DEBUG] [net.minecraftforge.fml.loading.moddiscovery.ModFileInfo/LOADING]: Found valid mod file itemzoom-261725-5043628_mapped_official_1.20.1.jar with {itemzoom} mods - versions {2.9.0}
[2510月2025 17:37:02.796] [main/DEBUG] [net.minecraftforge.fml.loading.moddiscovery.ModFileParser/LOADING]: Considering mod file candidate C:\Users\Administrator\.gradle\caches\forge_gradle\deobf_dependencies\curse\maven\inventory-tweaks-refoxed-976858\5939627_mapped_official_1.20.1\inventory-tweaks-refoxed-976858-5939627_mapped_official_1.20.1.jar
[2510月2025 17:37:02.796] [main/DEBUG] [net.minecraftforge.fml.loading.moddiscovery.ModFileInfo/LOADING]: Found valid mod file inventory-tweaks-refoxed-976858-5939627_mapped_official_1.20.1.jar with {invtweaks} mods - versions {1.2.0}
[2510月2025 17:37:02.801] [main/DEBUG] [net.minecraftforge.fml.loading.moddiscovery.ModFileParser/LOADING]: Considering mod file candidate C:\Users\Administrator\.gradle\caches\forge_gradle\deobf_dependencies\curse\maven\curios-309927\6418456_mapped_official_1.20.1\curios-309927-6418456_mapped_official_1.20.1.jar
[2510月2025 17:37:02.801] [main/DEBUG] [net.minecraftforge.fml.loading.moddiscovery.ModFileInfo/LOADING]: Found valid mod file curios-309927-6418456_mapped_official_1.20.1.jar with {curios} mods - versions {5.14.1+1.20.1}
[2510月2025 17:37:02.805] [main/DEBUG] [net.minecraftforge.fml.loading.moddiscovery.ModFileParser/LOADING]: Considering mod file candidate C:\Users\Administrator\.gradle\caches\forge_gradle\deobf_dependencies\curse\maven\modernfix-790626\6837713_mapped_official_1.20.1\modernfix-790626-6837713_mapped_official_1.20.1.jar
[2510月2025 17:37:02.806] [main/DEBUG] [net.minecraftforge.fml.loading.moddiscovery.ModFileInfo/LOADING]: Found valid mod file modernfix-790626-6837713_mapped_official_1.20.1.jar with {modernfix} mods - versions {5.24.4+mc1.20.1}
[2510月2025 17:37:02.810] [main/DEBUG] [net.minecraftforge.fml.loading.moddiscovery.ModFileParser/LOADING]: Considering mod file candidate C:\Users\Administrator\.gradle\caches\forge_gradle\deobf_dependencies\curse\maven\selene-499980\5942980_mapped_official_1.20.1\selene-499980-5942980_mapped_official_1.20.1.jar
[2510月2025 17:37:02.810] [main/DEBUG] [net.minecraftforge.fml.loading.moddiscovery.ModFileInfo/LOADING]: Found valid mod file selene-499980-5942980_mapped_official_1.20.1.jar with {moonlight} mods - versions {1.20-2.13.33}
[2510月2025 17:37:02.814] [main/DEBUG] [net.minecraftforge.fml.loading.moddiscovery.ModFileParser/LOADING]: Considering mod file candidate C:\Users\Administrator\.gradle\caches\forge_gradle\deobf_dependencies\curse\maven\mmmmmmmmmmmm-225738\5737040_mapped_official_1.20.1\mmmmmmmmmmmm-225738-5737040_mapped_official_1.20.1.jar
[2510月2025 17:37:02.815] [main/DEBUG] [net.minecraftforge.fml.loading.moddiscovery.ModFileInfo/LOADING]: Found valid mod file mmmmmmmmmmmm-225738-5737040_mapped_official_1.20.1.jar with {dummmmmmy} mods - versions {1.20-2.0.2}
[2510月2025 17:37:02.819] [main/DEBUG] [net.minecraftforge.fml.loading.moddiscovery.ModFileParser/LOADING]: Considering mod file candidate C:\Users\Administrator\.gradle\caches\forge_gradle\deobf_dependencies\curse\maven\damage-number-998849\5538112_mapped_official_1.20.1\damage-number-998849-5538112_mapped_official_1.20.1.jar
[2510月2025 17:37:02.819] [main/DEBUG] [net.minecraftforge.fml.loading.moddiscovery.ModFileInfo/LOADING]: Found valid mod file damage-number-998849-5538112_mapped_official_1.20.1.jar with {damage_number} mods - versions {1.3.1}
[2510月2025 17:37:02.823] [main/DEBUG] [net.minecraftforge.fml.loading.moddiscovery.ModFileParser/LOADING]: Considering mod file candidate C:\Users\Administrator\.gradle\caches\forge_gradle\deobf_dependencies\curse\maven\jade-324717\5876199_mapped_official_1.20.1\jade-324717-5876199_mapped_official_1.20.1.jar
[2510月2025 17:37:02.823] [main/DEBUG] [net.minecraftforge.fml.loading.moddiscovery.ModFileInfo/LOADING]: Found valid mod file jade-324717-5876199_mapped_official_1.20.1.jar with {jade} mods - versions {11.12.2+forge}
[2510月2025 17:37:02.827] [main/DEBUG] [net.minecraftforge.fml.loading.moddiscovery.ModFileParser/LOADING]: Considering mod file candidate C:\Users\Administrator\.gradle\caches\forge_gradle\deobf_dependencies\curse\maven\emi-580555\4663085_mapped_official_1.20.1\emi-580555-4663085_mapped_official_1.20.1.jar
[2510月2025 17:37:02.828] [main/DEBUG] [net.minecraftforge.fml.loading.moddiscovery.ModFileInfo/LOADING]: Found valid mod file emi-580555-4663085_mapped_official_1.20.1.jar with {emi} mods - versions {1.0.14+1.20.1+forge}
[2510月2025 17:37:02.831] [main/DEBUG] [net.minecraftforge.fml.loading.moddiscovery.ModFileParser/LOADING]: Considering mod file candidate C:\Users\Administrator\.gradle\caches\forge_gradle\deobf_dependencies\curse\maven\baubley-heart-canisters-282947\6927920_mapped_official_1.20.1\baubley-heart-canisters-282947-6927920_mapped_official_1.20.1.jar
[2510月2025 17:37:02.832] [main/DEBUG] [net.minecraftforge.fml.loading.moddiscovery.ModFileInfo/LOADING]: Found valid mod file baubley-heart-canisters-282947-6927920_mapped_official_1.20.1.jar with {bhc} mods - versions {1.20.1-1.1.1}
[2510月2025 17:37:02.836] [main/DEBUG] [net.minecraftforge.fml.loading.moddiscovery.ModFileParser/LOADING]: Considering mod file candidate C:\Users\Administrator\.gradle\caches\forge_gradle\deobf_dependencies\curse\maven\configured-457570\5180900_mapped_official_1.20.1\configured-457570-5180900_mapped_official_1.20.1.jar
[2510月2025 17:37:02.836] [main/DEBUG] [net.minecraftforge.fml.loading.moddiscovery.ModFileInfo/LOADING]: Found valid mod file configured-457570-5180900_mapped_official_1.20.1.jar with {configured} mods - versions {2.2.3}
[2510月2025 17:37:02.840] [main/DEBUG] [net.minecraftforge.fml.loading.moddiscovery.ModFileParser/LOADING]: Considering mod file candidate C:\Users\Administrator\.gradle\caches\forge_gradle\deobf_dependencies\curse\maven\apothic-attributes-898963\5634071_mapped_official_1.20.1\apothic-attributes-898963-5634071_mapped_official_1.20.1.jar
[2510月2025 17:37:02.840] [main/DEBUG] [net.minecraftforge.fml.loading.moddiscovery.ModFileInfo/LOADING]: Found valid mod file apothic-attributes-898963-5634071_mapped_official_1.20.1.jar with {attributeslib} mods - versions {1.3.7}
[2510月2025 17:37:02.844] [main/DEBUG] [net.minecraftforge.fml.loading.moddiscovery.ModFileParser/LOADING]: Considering mod file candidate C:\Users\Administrator\.gradle\caches\forge_gradle\deobf_dependencies\curse\maven\placebo-283644\6274231_mapped_official_1.20.1\placebo-283644-6274231_mapped_official_1.20.1.jar
[2510月2025 17:37:02.845] [main/DEBUG] [net.minecraftforge.fml.loading.moddiscovery.ModFileInfo/LOADING]: Found valid mod file placebo-283644-6274231_mapped_official_1.20.1.jar with {placebo} mods - versions {8.6.3}
[2510月2025 17:37:02.850] [main/DEBUG] [net.minecraftforge.fml.loading.moddiscovery.ModFileParser/LOADING]: Considering mod file candidate C:\Users\Administrator\.gradle\caches\forge_gradle\deobf_dependencies\curse\maven\born-in-chaos-686437\6833957_mapped_official_1.20.1\born-in-chaos-686437-6833957_mapped_official_1.20.1.jar
[2510月2025 17:37:02.850] [main/DEBUG] [net.minecraftforge.fml.loading.moddiscovery.ModFileInfo/LOADING]: Found valid mod file born-in-chaos-686437-6833957_mapped_official_1.20.1.jar with {born_in_chaos_v1} mods - versions {1.7.2}
[2510月2025 17:37:02.854] [main/DEBUG] [net.minecraftforge.fml.loading.moddiscovery.ModFileParser/LOADING]: Considering mod file candidate C:\Users\Administrator\.gradle\caches\forge_gradle\deobf_dependencies\curse\maven\geckolib-388172\7025129_mapped_official_1.20.1\geckolib-388172-7025129_mapped_official_1.20.1.jar
[2510月2025 17:37:02.855] [main/DEBUG] [net.minecraftforge.fml.loading.moddiscovery.ModFileInfo/LOADING]: Found valid mod file geckolib-388172-7025129_mapped_official_1.20.1.jar with {geckolib} mods - versions {4.8.2}
[2510月2025 17:37:02.863] [main/DEBUG] [net.minecraftforge.fml.loading.moddiscovery.ModFileParser/LOADING]: Considering mod file candidate C:\Users\Administrator\.gradle\caches\forge_gradle\minecraft_user_repo\net\minecraftforge\forge\1.20.1-47.4.10_mapped_official_1.20.1\forge-1.20.1-47.4.10_mapped_official_1.20.1-recomp.jar
[2510月2025 17:37:02.863] [main/DEBUG] [net.minecraftforge.fml.loading.moddiscovery.ModFileInfo/LOADING]: Found valid mod file forge-1.20.1-47.4.10_mapped_official_1.20.1-recomp.jar with {forge} mods - versions {47.4.10}
[2510月2025 17:37:02.876] [main/DEBUG] [net.minecraftforge.fml.loading.moddiscovery.ModFileParser/LOADING]: Considering mod file candidate C:\Users\Administrator\.gradle\caches\forge_gradle\deobf_dependencies\curse\maven\modern-ui-352491\6199942)_mapped_official_1.20.1\modern-ui-352491-6199942)_mapped_official_1.20.1.jar
[2510月2025 17:37:02.876] [main/DEBUG] [net.minecraftforge.fml.loading.moddiscovery.ModFileInfo/LOADING]: Found valid mod file modern-ui-352491-6199942)_mapped_official_1.20.1.jar with {modernui} mods - versions {3.11.1.6}
[2510月2025 17:37:02.879] [main/DEBUG] [net.minecraftforge.fml.loading.UniqueModListBuilder/]: Found 2 mods for first modid attributeslib, selecting most recent based on version data
[2510月2025 17:37:02.879] [main/DEBUG] [net.minecraftforge.fml.loading.UniqueModListBuilder/]: Selected file apothic-attributes-898963-5634071_mapped_official_1.20.1.jar for modid attributeslib with version 1.3.7
[2510月2025 17:37:02.879] [main/DEBUG] [net.minecraftforge.fml.loading.UniqueModListBuilder/]: Found 2 mods for first modid configured, selecting most recent based on version data
[2510月2025 17:37:02.879] [main/DEBUG] [net.minecraftforge.fml.loading.UniqueModListBuilder/]: Selected file configured-457570-5180900_mapped_official_1.20.1.jar for modid configured with version 2.2.3
[2510月2025 17:37:02.879] [main/DEBUG] [net.minecraftforge.fml.loading.UniqueModListBuilder/]: Found 2 mods for first modid emi, selecting most recent based on version data
[2510月2025 17:37:02.879] [main/DEBUG] [net.minecraftforge.fml.loading.UniqueModListBuilder/]: Selected file emi-580555-4663085_mapped_official_1.20.1.jar for modid emi with version 1.0.14+1.20.1+forge
[2510月2025 17:37:02.879] [main/DEBUG] [net.minecraftforge.fml.loading.UniqueModListBuilder/]: Found 2 mods for first modid damage_number, selecting most recent based on version data
[2510月2025 17:37:02.879] [main/DEBUG] [net.minecraftforge.fml.loading.UniqueModListBuilder/]: Selected file damage-number-998849-5538112_mapped_official_1.20.1.jar for modid damage_number with version 1.3.1
[2510月2025 17:37:02.879] [main/DEBUG] [net.minecraftforge.fml.loading.UniqueModListBuilder/]: Found 2 mods for first modid moonlight, selecting most recent based on version data
[2510月2025 17:37:02.879] [main/DEBUG] [net.minecraftforge.fml.loading.UniqueModListBuilder/]: Selected file selene-499980-5942980_mapped_official_1.20.1.jar for modid moonlight with version 1.20-2.13.33
[2510月2025 17:37:02.879] [main/DEBUG] [net.minecraftforge.fml.loading.UniqueModListBuilder/]: Found 2 mods for first modid itemzoom, selecting most recent based on version data
[2510月2025 17:37:02.879] [main/DEBUG] [net.minecraftforge.fml.loading.UniqueModListBuilder/]: Selected file itemzoom-261725-5043628_mapped_official_1.20.1.jar for modid itemzoom with version 2.9.0
[2510月2025 17:37:02.879] [main/DEBUG] [net.minecraftforge.fml.loading.UniqueModListBuilder/]: Found 2 mods for first modid jade, selecting most recent based on version data
[2510月2025 17:37:02.879] [main/DEBUG] [net.minecraftforge.fml.loading.UniqueModListBuilder/]: Selected file jade-324717-5876199_mapped_official_1.20.1.jar for modid jade with version 11.12.2+forge
[2510月2025 17:37:02.879] [main/DEBUG] [net.minecraftforge.fml.loading.UniqueModListBuilder/]: Found 2 mods for first modid geckolib, selecting most recent based on version data
[2510月2025 17:37:02.879] [main/DEBUG] [net.minecraftforge.fml.loading.UniqueModListBuilder/]: Selected file geckolib-388172-7025129_mapped_official_1.20.1.jar for modid geckolib with version 4.8.2
[2510月2025 17:37:02.880] [main/DEBUG] [net.minecraftforge.fml.loading.UniqueModListBuilder/]: Found 2 mods for first modid modernui, selecting most recent based on version data
[2510月2025 17:37:02.880] [main/DEBUG] [net.minecraftforge.fml.loading.UniqueModListBuilder/]: Selected file modern-ui-352491-6199942)_mapped_official_1.20.1.jar for modid modernui with version 3.11.1.6
[2510月2025 17:37:02.880] [main/DEBUG] [net.minecraftforge.fml.loading.UniqueModListBuilder/]: Found 2 mods for first modid born_in_chaos_v1, selecting most recent based on version data
[2510月2025 17:37:02.880] [main/DEBUG] [net.minecraftforge.fml.loading.UniqueModListBuilder/]: Selected file born-in-chaos-686437-6833957_mapped_official_1.20.1.jar for modid born_in_chaos_v1 with version 1.7.2
[2510月2025 17:37:02.880] [main/DEBUG] [net.minecraftforge.fml.loading.UniqueModListBuilder/]: Found 3 mods for first modid forge, selecting most recent based on version data
[2510月2025 17:37:02.880] [main/DEBUG] [net.minecraftforge.fml.loading.UniqueModListBuilder/]: Selected file  for modid forge with version 47.4.10
[2510月2025 17:37:02.880] [main/DEBUG] [net.minecraftforge.fml.loading.UniqueModListBuilder/]: Found 2 mods for first modid dummmmmmy, selecting most recent based on version data
[2510月2025 17:37:02.880] [main/DEBUG] [net.minecraftforge.fml.loading.UniqueModListBuilder/]: Selected file mmmmmmmmmmmm-225738-5737040_mapped_official_1.20.1.jar for modid dummmmmmy with version 1.20-2.0.2
[2510月2025 17:37:02.880] [main/DEBUG] [net.minecraftforge.fml.loading.UniqueModListBuilder/]: Found 2 mods for first modid curios, selecting most recent based on version data
[2510月2025 17:37:02.880] [main/DEBUG] [net.minecraftforge.fml.loading.UniqueModListBuilder/]: Selected file curios-309927-6418456_mapped_official_1.20.1.jar for modid curios with version 5.14.1+1.20.1
[2510月2025 17:37:02.880] [main/DEBUG] [net.minecraftforge.fml.loading.UniqueModListBuilder/]: Found 2 mods for first modid invtweaks, selecting most recent based on version data
[2510月2025 17:37:02.880] [main/DEBUG] [net.minecraftforge.fml.loading.UniqueModListBuilder/]: Selected file inventory-tweaks-refoxed-976858-5939627_mapped_official_1.20.1.jar for modid invtweaks with version 1.2.0
[2510月2025 17:37:02.880] [main/DEBUG] [net.minecraftforge.fml.loading.UniqueModListBuilder/]: Found 2 mods for first modid bhc, selecting most recent based on version data
[2510月2025 17:37:02.880] [main/DEBUG] [net.minecraftforge.fml.loading.UniqueModListBuilder/]: Selected file baubley-heart-canisters-282947-6927920_mapped_official_1.20.1.jar for modid bhc with version 1.20.1-1.1.1
[2510月2025 17:37:02.880] [main/DEBUG] [net.minecraftforge.fml.loading.UniqueModListBuilder/]: Found 2 mods for first modid placebo, selecting most recent based on version data
[2510月2025 17:37:02.880] [main/DEBUG] [net.minecraftforge.fml.loading.UniqueModListBuilder/]: Selected file placebo-283644-6274231_mapped_official_1.20.1.jar for modid placebo with version 8.6.3
[2510月2025 17:37:02.880] [main/DEBUG] [net.minecraftforge.fml.loading.UniqueModListBuilder/]: Found 2 mods for first modid modernfix, selecting most recent based on version data
[2510月2025 17:37:02.880] [main/DEBUG] [net.minecraftforge.fml.loading.UniqueModListBuilder/]: Selected file modernfix-790626-6837713_mapped_official_1.20.1.jar for modid modernfix with version 5.24.4+mc1.20.1
[2510月2025 17:37:02.883] [main/DEBUG] [net.minecraftforge.fml.loading.moddiscovery.AbstractJarFileDependencyLocator/]: Failed to load resource META-INF\jarjar\metadata.json from apothic-attributes-898963-5634071_mapped_official_1.20.1.jar, it does not contain dependency information.
[2510月2025 17:37:02.883] [main/DEBUG] [net.minecraftforge.fml.loading.moddiscovery.AbstractJarFileDependencyLocator/]: Failed to load resource META-INF\jarjar\metadata.json from configured-457570-5180900_mapped_official_1.20.1.jar, it does not contain dependency information.
[2510月2025 17:37:02.883] [main/DEBUG] [net.minecraftforge.fml.loading.moddiscovery.AbstractJarFileDependencyLocator/]: Failed to load resource META-INF\jarjar\metadata.json from emi-580555-4663085_mapped_official_1.20.1.jar, it does not contain dependency information.
[2510月2025 17:37:02.883] [main/DEBUG] [net.minecraftforge.fml.loading.moddiscovery.AbstractJarFileDependencyLocator/]: Failed to load resource META-INF\jarjar\metadata.json from forge-1.20.1-47.4.10_mapped_official_1.20.1.jar, it does not contain dependency information.
[2510月2025 17:37:02.883] [main/DEBUG] [net.minecraftforge.fml.loading.moddiscovery.AbstractJarFileDependencyLocator/]: Failed to load resource META-INF\jarjar\metadata.json from damage-number-998849-5538112_mapped_official_1.20.1.jar, it does not contain dependency information.
[2510月2025 17:37:02.883] [main/DEBUG] [net.minecraftforge.fml.loading.moddiscovery.AbstractJarFileDependencyLocator/]: Failed to load resource META-INF\jarjar\metadata.json from itemzoom-261725-5043628_mapped_official_1.20.1.jar, it does not contain dependency information.
[2510月2025 17:37:02.883] [main/DEBUG] [net.minecraftforge.fml.loading.moddiscovery.AbstractJarFileDependencyLocator/]: Failed to load resource META-INF\jarjar\metadata.json from main, it does not contain dependency information.
[2510月2025 17:37:02.883] [main/DEBUG] [net.minecraftforge.fml.loading.moddiscovery.AbstractJarFileDependencyLocator/]: Failed to load resource META-INF\jarjar\metadata.json from jade-324717-5876199_mapped_official_1.20.1.jar, it does not contain dependency information.
[2510月2025 17:37:02.883] [main/DEBUG] [net.minecraftforge.fml.loading.moddiscovery.AbstractJarFileDependencyLocator/]: Failed to load resource META-INF\jarjar\metadata.json from born-in-chaos-686437-6833957_mapped_official_1.20.1.jar, it does not contain dependency information.
[2510月2025 17:37:02.883] [main/DEBUG] [net.minecraftforge.fml.loading.moddiscovery.AbstractJarFileDependencyLocator/]: Failed to load resource META-INF\jarjar\metadata.json from , it does not contain dependency information.
[2510月2025 17:37:02.883] [main/DEBUG] [net.minecraftforge.fml.loading.moddiscovery.AbstractJarFileDependencyLocator/]: Failed to load resource META-INF\jarjar\metadata.json from curios-309927-6418456_mapped_official_1.20.1.jar, it does not contain dependency information.
[2510月2025 17:37:02.883] [main/DEBUG] [net.minecraftforge.fml.loading.moddiscovery.AbstractJarFileDependencyLocator/]: Failed to load resource META-INF\jarjar\metadata.json from inventory-tweaks-refoxed-976858-5939627_mapped_official_1.20.1.jar, it does not contain dependency information.
[2510月2025 17:37:02.883] [main/DEBUG] [net.minecraftforge.fml.loading.moddiscovery.AbstractJarFileDependencyLocator/]: Failed to load resource META-INF\jarjar\metadata.json from baubley-heart-canisters-282947-6927920_mapped_official_1.20.1.jar, it does not contain dependency information.
[2510月2025 17:37:02.884] [main/DEBUG] [net.minecraftforge.fml.loading.moddiscovery.AbstractJarFileDependencyLocator/]: Failed to load resource META-INF\jarjar\metadata.json from placebo-283644-6274231_mapped_official_1.20.1.jar, it does not contain dependency information.
[2510月2025 17:37:02.884] [main/DEBUG] [net.minecraftforge.fml.loading.moddiscovery.AbstractJarFileDependencyLocator/]: Failed to load resource META-INF\jarjar\metadata.json from mclanguage-1.20.1-47.4.10.jar, it does not contain dependency information.
[2510月2025 17:37:02.884] [main/DEBUG] [net.minecraftforge.fml.loading.moddiscovery.AbstractJarFileDependencyLocator/]: Failed to load resource META-INF\jarjar\metadata.json from javafmllanguage-1.20.1-47.4.10.jar, it does not contain dependency information.
[2510月2025 17:37:02.884] [main/DEBUG] [net.minecraftforge.fml.loading.moddiscovery.AbstractJarFileDependencyLocator/]: Failed to load resource META-INF\jarjar\metadata.json from fmlcore-1.20.1-47.4.10.jar, it does not contain dependency information.
[2510月2025 17:37:02.884] [main/DEBUG] [net.minecraftforge.fml.loading.moddiscovery.AbstractJarFileDependencyLocator/]: Failed to load resource META-INF\jarjar\metadata.json from lowcodelanguage-1.20.1-47.4.10.jar, it does not contain dependency information.
[2510月2025 17:37:02.951] [main/DEBUG] [net.minecraftforge.fml.loading.moddiscovery.ModFileParser/LOADING]: Considering mod file candidate 
[2510月2025 17:37:02.951] [main/DEBUG] [net.minecraftforge.fml.loading.moddiscovery.ModFileInfo/LOADING]: Found valid mod file mixinextras-forge-0.3.6.jar with {mixinextras} mods - versions {0.3.6}
[2510月2025 17:37:02.952] [main/DEBUG] [net.minecraftforge.fml.loading.moddiscovery.ModFileParser/LOADING]: Considering mod file candidate 
[2510月2025 17:37:02.953] [main/DEBUG] [net.minecraftforge.fml.loading.moddiscovery.ModFileInfo/LOADING]: Found valid mod file mixinextras-forge-0.2.1-beta.2.jar with {mixinextras} mods - versions {0.2.1-beta.2}
[2510月2025 17:37:02.954] [main/DEBUG] [net.minecraftforge.fml.loading.moddiscovery.ModFileParser/LOADING]: Considering mod file candidate 
[2510月2025 17:37:02.954] [main/DEBUG] [net.minecraftforge.fml.loading.moddiscovery.ModFileInfo/LOADING]: Found valid mod file mixinextras-forge-0.4.1.jar with {mixinextras} mods - versions {0.4.1}
[2510月2025 17:37:02.954] [main/DEBUG] [net.minecraftforge.fml.loading.moddiscovery.AbstractJarFileDependencyLocator/]: Failed to load resource META-INF\jarjar\metadata.json from caffeine-3.1.7.jar, it does not contain dependency information.
[2510月2025 17:37:02.954] [main/DEBUG] [net.minecraftforge.fml.loading.moddiscovery.AbstractJarFileDependencyLocator/]: Failed to load resource META-INF\jarjar\metadata.json from flexmark-0.64.8.jar, it does not contain dependency information.
[2510月2025 17:37:02.954] [main/DEBUG] [net.minecraftforge.fml.loading.moddiscovery.AbstractJarFileDependencyLocator/]: Failed to load resource META-INF\jarjar\metadata.json from flexmark-util-ast-0.64.8.jar, it does not contain dependency information.
[2510月2025 17:37:02.954] [main/DEBUG] [net.minecraftforge.fml.loading.moddiscovery.AbstractJarFileDependencyLocator/]: Failed to load resource META-INF\jarjar\metadata.json from flexmark-util-builder-0.64.8.jar, it does not contain dependency information.
[2510月2025 17:37:02.954] [main/DEBUG] [net.minecraftforge.fml.loading.moddiscovery.AbstractJarFileDependencyLocator/]: Failed to load resource META-INF\jarjar\metadata.json from flexmark-util-collection-0.64.8.jar, it does not contain dependency information.
[2510月2025 17:37:02.954] [main/DEBUG] [net.minecraftforge.fml.loading.moddiscovery.AbstractJarFileDependencyLocator/]: Failed to load resource META-INF\jarjar\metadata.json from flexmark-util-data-0.64.8.jar, it does not contain dependency information.
[2510月2025 17:37:02.954] [main/DEBUG] [net.minecraftforge.fml.loading.moddiscovery.AbstractJarFileDependencyLocator/]: Failed to load resource META-INF\jarjar\metadata.json from flexmark-util-dependency-0.64.8.jar, it does not contain dependency information.
[2510月2025 17:37:02.954] [main/DEBUG] [net.minecraftforge.fml.loading.moddiscovery.AbstractJarFileDependencyLocator/]: Failed to load resource META-INF\jarjar\metadata.json from flexmark-util-format-0.64.8.jar, it does not contain dependency information.
[2510月2025 17:37:02.954] [main/DEBUG] [net.minecraftforge.fml.loading.moddiscovery.AbstractJarFileDependencyLocator/]: Failed to load resource META-INF\jarjar\metadata.json from flexmark-util-html-0.64.8.jar, it does not contain dependency information.
[2510月2025 17:37:02.954] [main/DEBUG] [net.minecraftforge.fml.loading.moddiscovery.AbstractJarFileDependencyLocator/]: Failed to load resource META-INF\jarjar\metadata.json from flexmark-util-misc-0.64.8.jar, it does not contain dependency information.
[2510月2025 17:37:02.954] [main/DEBUG] [net.minecraftforge.fml.loading.moddiscovery.AbstractJarFileDependencyLocator/]: Failed to load resource META-INF\jarjar\metadata.json from flexmark-util-sequence-0.64.8.jar, it does not contain dependency information.
[2510月2025 17:37:02.954] [main/DEBUG] [net.minecraftforge.fml.loading.moddiscovery.AbstractJarFileDependencyLocator/]: Failed to load resource META-INF\jarjar\metadata.json from flexmark-util-visitor-0.64.8.jar, it does not contain dependency information.
[2510月2025 17:37:02.955] [main/DEBUG] [net.minecraftforge.fml.loading.moddiscovery.AbstractJarFileDependencyLocator/]: Failed to load resource META-INF\jarjar\metadata.json from mclib-20.jar, it does not contain dependency information.
[2510月2025 17:37:02.964] [main/DEBUG] [net.minecraftforge.fml.loading.moddiscovery.AbstractJarFileDependencyLocator/]: Failed to load resource META-INF\jarjar\metadata.json from MixinExtras-0.3.6.jar, it does not contain dependency information.
[2510月2025 17:37:02.964] [main/DEBUG] [net.minecraftforge.fml.loading.moddiscovery.AbstractJarFileDependencyLocator/]: Failed to load resource META-INF\jarjar\metadata.json from MixinExtras-0.2.1-beta.2.jar, it does not contain dependency information.
[2510月2025 17:37:02.964] [main/DEBUG] [net.minecraftforge.fml.loading.moddiscovery.AbstractJarFileDependencyLocator/]: Failed to load resource META-INF\jarjar\metadata.json from MixinExtras-0.4.1.jar, it does not contain dependency information.
[2510月2025 17:37:02.982] [main/DEBUG] [net.minecraftforge.fml.loading.moddiscovery.ModFileParser/LOADING]: Considering mod file candidate 
[2510月2025 17:37:02.983] [main/DEBUG] [net.minecraftforge.fml.loading.moddiscovery.ModFileInfo/LOADING]: Found valid mod file mixinextras-forge-0.4.1.jar with {mixinextras} mods - versions {0.4.1}
[2510月2025 17:37:03.008] [main/INFO] [net.minecraftforge.fml.loading.moddiscovery.JarInJarDependencyLocator/]: Found 15 dependencies adding them to mods collection
[2510月2025 17:37:03.010] [main/DEBUG] [net.minecraftforge.fml.loading.moddiscovery.ModFileInfo/LOADING]: Found valid mod file forge-1.20.1-47.4.10_mapped_official_1.20.1.jar with {minecraft} mods - versions {1.20.1}
[2510月2025 17:37:03.011] [main/DEBUG] [net.minecraftforge.fml.loading.moddiscovery.ModFile/LOADING]: Loading mod file C:\Users\Administrator\.gradle\caches\forge_gradle\minecraft_user_repo\net\minecraftforge\forge\1.20.1-47.4.10_mapped_official_1.20.1\forge-1.20.1-47.4.10_mapped_official_1.20.1.jar with languages [LanguageSpec[languageName=minecraft, acceptedVersions=1]]
[2510月2025 17:37:03.012] [main/DEBUG] [net.minecraftforge.fml.loading.moddiscovery.ModFileParser/LOADING]: Considering mod file candidate C:\Users\Administrator\.gradle\caches\forge_gradle\deobf_dependencies\curse\maven\emi-580555\4663085_mapped_official_1.20.1\emi-580555-4663085_mapped_official_1.20.1.jar
[2510月2025 17:37:03.012] [main/DEBUG] [net.minecraftforge.fml.loading.moddiscovery.ModFileInfo/LOADING]: Found valid mod file emi-580555-4663085_mapped_official_1.20.1.jar with {emi} mods - versions {1.0.14+1.20.1+forge}
[2510月2025 17:37:03.013] [main/DEBUG] [net.minecraftforge.fml.loading.moddiscovery.ModFile/LOADING]: Loading mod file C:\Users\Administrator\.gradle\caches\forge_gradle\deobf_dependencies\curse\maven\emi-580555\4663085_mapped_official_1.20.1\emi-580555-4663085_mapped_official_1.20.1.jar with languages [LanguageSpec[languageName=javafml, acceptedVersions=[40,)]]
[2510月2025 17:37:03.013] [main/DEBUG] [net.minecraftforge.fml.loading.moddiscovery.ModFileParser/LOADING]: Considering mod file candidate C:\Users\Administrator\.gradle\caches\forge_gradle\deobf_dependencies\curse\maven\damage-number-998849\5538112_mapped_official_1.20.1\damage-number-998849-5538112_mapped_official_1.20.1.jar
[2510月2025 17:37:03.013] [main/DEBUG] [net.minecraftforge.fml.loading.moddiscovery.ModFileInfo/LOADING]: Found valid mod file damage-number-998849-5538112_mapped_official_1.20.1.jar with {damage_number} mods - versions {1.3.1}
[2510月2025 17:37:03.013] [main/DEBUG] [net.minecraftforge.fml.loading.moddiscovery.ModFile/LOADING]: Loading mod file C:\Users\Administrator\.gradle\caches\forge_gradle\deobf_dependencies\curse\maven\damage-number-998849\5538112_mapped_official_1.20.1\damage-number-998849-5538112_mapped_official_1.20.1.jar with languages [LanguageSpec[languageName=javafml, acceptedVersions=[47,)]]
[2510月2025 17:37:03.013] [main/DEBUG] [net.minecraftforge.fml.loading.moddiscovery.ModFileParser/LOADING]: Considering mod file candidate C:\Users\Administrator\.gradle\caches\forge_gradle\deobf_dependencies\curse\maven\selene-499980\5942980_mapped_official_1.20.1\selene-499980-5942980_mapped_official_1.20.1.jar
[2510月2025 17:37:03.013] [main/DEBUG] [net.minecraftforge.fml.loading.moddiscovery.ModFileInfo/LOADING]: Found valid mod file selene-499980-5942980_mapped_official_1.20.1.jar with {moonlight} mods - versions {1.20-2.13.33}
[2510月2025 17:37:03.013] [main/DEBUG] [net.minecraftforge.fml.loading.moddiscovery.ModFile/LOADING]: Loading mod file C:\Users\Administrator\.gradle\caches\forge_gradle\deobf_dependencies\curse\maven\selene-499980\5942980_mapped_official_1.20.1\selene-499980-5942980_mapped_official_1.20.1.jar with languages [LanguageSpec[languageName=javafml, acceptedVersions=[40,)]]
[2510月2025 17:37:03.014] [main/DEBUG] [net.minecraftforge.fml.loading.moddiscovery.ModFileParser/LOADING]: Considering mod file candidate E:\yuanchu\Gameplay Sculptor\build\resources\main
[2510月2025 17:37:03.014] [main/DEBUG] [net.minecraftforge.fml.loading.moddiscovery.ModFileInfo/LOADING]: Found valid mod file main with {gameplay_sculptor} mods - versions {1.0}
[2510月2025 17:37:03.014] [main/DEBUG] [net.minecraftforge.fml.loading.moddiscovery.ModFile/LOADING]: Loading mod file E:\yuanchu\Gameplay Sculptor\build\resources\main with languages [LanguageSpec[languageName=javafml, acceptedVersions=[47,)]]
[2510月2025 17:37:03.015] [main/DEBUG] [net.minecraftforge.fml.loading.moddiscovery.ModFileParser/LOADING]: Considering mod file candidate C:\Users\Administrator\.gradle\caches\forge_gradle\deobf_dependencies\curse\maven\jade-324717\5876199_mapped_official_1.20.1\jade-324717-5876199_mapped_official_1.20.1.jar
[2510月2025 17:37:03.015] [main/DEBUG] [net.minecraftforge.fml.loading.moddiscovery.ModFileInfo/LOADING]: Found valid mod file jade-324717-5876199_mapped_official_1.20.1.jar with {jade} mods - versions {11.12.2+forge}
[2510月2025 17:37:03.015] [main/DEBUG] [net.minecraftforge.fml.loading.moddiscovery.ModFile/LOADING]: Loading mod file C:\Users\Administrator\.gradle\caches\forge_gradle\deobf_dependencies\curse\maven\jade-324717\5876199_mapped_official_1.20.1\jade-324717-5876199_mapped_official_1.20.1.jar with languages [LanguageSpec[languageName=javafml, acceptedVersions=[46,)]]
[2510月2025 17:37:03.015] [main/DEBUG] [net.minecraftforge.fml.loading.moddiscovery.ModFileParser/LOADING]: Considering mod file candidate C:\Users\Administrator\.gradle\caches\forge_gradle\deobf_dependencies\curse\maven\geckolib-388172\7025129_mapped_official_1.20.1\geckolib-388172-7025129_mapped_official_1.20.1.jar
[2510月2025 17:37:03.015] [main/DEBUG] [net.minecraftforge.fml.loading.moddiscovery.ModFileInfo/LOADING]: Found valid mod file geckolib-388172-7025129_mapped_official_1.20.1.jar with {geckolib} mods - versions {4.8.2}
[2510月2025 17:37:03.015] [main/DEBUG] [net.minecraftforge.fml.loading.moddiscovery.ModFile/LOADING]: Loading mod file C:\Users\Administrator\.gradle\caches\forge_gradle\deobf_dependencies\curse\maven\geckolib-388172\7025129_mapped_official_1.20.1\geckolib-388172-7025129_mapped_official_1.20.1.jar with languages [LanguageSpec[languageName=javafml, acceptedVersions=[47,)]]
[2510月2025 17:37:03.015] [main/DEBUG] [net.minecraftforge.fml.loading.moddiscovery.ModFileParser/LOADING]: Considering mod file candidate C:\Users\Administrator\.gradle\caches\forge_gradle\deobf_dependencies\curse\maven\born-in-chaos-686437\6833957_mapped_official_1.20.1\born-in-chaos-686437-6833957_mapped_official_1.20.1.jar
[2510月2025 17:37:03.015] [main/DEBUG] [net.minecraftforge.fml.loading.moddiscovery.ModFileInfo/LOADING]: Found valid mod file born-in-chaos-686437-6833957_mapped_official_1.20.1.jar with {born_in_chaos_v1} mods - versions {1.7.2}
[2510月2025 17:37:03.016] [main/DEBUG] [net.minecraftforge.fml.loading.moddiscovery.ModFile/LOADING]: Loading mod file C:\Users\Administrator\.gradle\caches\forge_gradle\deobf_dependencies\curse\maven\born-in-chaos-686437\6833957_mapped_official_1.20.1\born-in-chaos-686437-6833957_mapped_official_1.20.1.jar with languages [LanguageSpec[languageName=javafml, acceptedVersions=[47,)]]
[2510月2025 17:37:03.016] [main/DEBUG] [net.minecraftforge.fml.loading.moddiscovery.ModFileParser/LOADING]: Considering mod file candidate C:\Users\Administrator\.gradle\caches\forge_gradle\deobf_dependencies\curse\maven\inventory-tweaks-refoxed-976858\5939627_mapped_official_1.20.1\inventory-tweaks-refoxed-976858-5939627_mapped_official_1.20.1.jar
[2510月2025 17:37:03.016] [main/DEBUG] [net.minecraftforge.fml.loading.moddiscovery.ModFileInfo/LOADING]: Found valid mod file inventory-tweaks-refoxed-976858-5939627_mapped_official_1.20.1.jar with {invtweaks} mods - versions {1.2.0}
[2510月2025 17:37:03.016] [main/DEBUG] [net.minecraftforge.fml.loading.moddiscovery.ModFile/LOADING]: Loading mod file C:\Users\Administrator\.gradle\caches\forge_gradle\deobf_dependencies\curse\maven\inventory-tweaks-refoxed-976858\5939627_mapped_official_1.20.1\inventory-tweaks-refoxed-976858-5939627_mapped_official_1.20.1.jar with languages [LanguageSpec[languageName=javafml, acceptedVersions=[47,)]]
[2510月2025 17:37:03.016] [main/DEBUG] [net.minecraftforge.fml.loading.moddiscovery.ModFileParser/LOADING]: Considering mod file candidate C:\Users\Administrator\.gradle\caches\forge_gradle\deobf_dependencies\curse\maven\curios-309927\6418456_mapped_official_1.20.1\curios-309927-6418456_mapped_official_1.20.1.jar
[2510月2025 17:37:03.017] [main/DEBUG] [net.minecraftforge.fml.loading.moddiscovery.ModFileInfo/LOADING]: Found valid mod file curios-309927-6418456_mapped_official_1.20.1.jar with {curios} mods - versions {5.14.1+1.20.1}
[2510月2025 17:37:03.017] [main/DEBUG] [net.minecraftforge.fml.loading.moddiscovery.ModFile/LOADING]: Loading mod file C:\Users\Administrator\.gradle\caches\forge_gradle\deobf_dependencies\curse\maven\curios-309927\6418456_mapped_official_1.20.1\curios-309927-6418456_mapped_official_1.20.1.jar with languages [LanguageSpec[languageName=javafml, acceptedVersions=[41,)]]
[2510月2025 17:37:03.017] [main/DEBUG] [net.minecraftforge.fml.loading.moddiscovery.ModFileParser/LOADING]: Considering mod file candidate C:\Users\Administrator\.gradle\caches\forge_gradle\deobf_dependencies\curse\maven\baubley-heart-canisters-282947\6927920_mapped_official_1.20.1\baubley-heart-canisters-282947-6927920_mapped_official_1.20.1.jar
[2510月2025 17:37:03.017] [main/DEBUG] [net.minecraftforge.fml.loading.moddiscovery.ModFileInfo/LOADING]: Found valid mod file baubley-heart-canisters-282947-6927920_mapped_official_1.20.1.jar with {bhc} mods - versions {1.20.1-1.1.1}
[2510月2025 17:37:03.017] [main/DEBUG] [net.minecraftforge.fml.loading.moddiscovery.ModFile/LOADING]: Loading mod file C:\Users\Administrator\.gradle\caches\forge_gradle\deobf_dependencies\curse\maven\baubley-heart-canisters-282947\6927920_mapped_official_1.20.1\baubley-heart-canisters-282947-6927920_mapped_official_1.20.1.jar with languages [LanguageSpec[languageName=javafml, acceptedVersions=[43,)]]
[2510月2025 17:37:03.017] [main/DEBUG] [net.minecraftforge.fml.loading.moddiscovery.ModFileParser/LOADING]: Considering mod file candidate C:\Users\Administrator\.gradle\caches\forge_gradle\deobf_dependencies\curse\maven\modernfix-790626\6837713_mapped_official_1.20.1\modernfix-790626-6837713_mapped_official_1.20.1.jar
[2510月2025 17:37:03.017] [main/DEBUG] [net.minecraftforge.fml.loading.moddiscovery.ModFileInfo/LOADING]: Found valid mod file modernfix-790626-6837713_mapped_official_1.20.1.jar with {modernfix} mods - versions {5.24.4+mc1.20.1}
[2510月2025 17:37:03.017] [main/DEBUG] [net.minecraftforge.fml.loading.moddiscovery.ModFile/LOADING]: Loading mod file C:\Users\Administrator\.gradle\caches\forge_gradle\deobf_dependencies\curse\maven\modernfix-790626\6837713_mapped_official_1.20.1\modernfix-790626-6837713_mapped_official_1.20.1.jar with languages [LanguageSpec[languageName=javafml, acceptedVersions=[46,)]]
[2510月2025 17:37:03.017] [main/DEBUG] [net.minecraftforge.fml.loading.moddiscovery.ModFileParser/LOADING]: Considering mod file candidate C:\Users\Administrator\.gradle\caches\forge_gradle\deobf_dependencies\curse\maven\placebo-283644\6274231_mapped_official_1.20.1\placebo-283644-6274231_mapped_official_1.20.1.jar
[2510月2025 17:37:03.018] [main/DEBUG] [net.minecraftforge.fml.loading.moddiscovery.ModFileInfo/LOADING]: Found valid mod file placebo-283644-6274231_mapped_official_1.20.1.jar with {placebo} mods - versions {8.6.3}
[2510月2025 17:37:03.018] [main/DEBUG] [net.minecraftforge.fml.loading.moddiscovery.ModFile/LOADING]: Loading mod file C:\Users\Administrator\.gradle\caches\forge_gradle\deobf_dependencies\curse\maven\placebo-283644\6274231_mapped_official_1.20.1\placebo-283644-6274231_mapped_official_1.20.1.jar with languages [LanguageSpec[languageName=javafml, acceptedVersions=[32,)]]
[2510月2025 17:37:03.020] [main/DEBUG] [net.minecraftforge.fml.loading.moddiscovery.ModFileParser/LOADING]: Found coremod placebo_get_ench_level_event with Javascript path coremods/get_ench_level_event.js
[2510月2025 17:37:03.020] [main/DEBUG] [net.minecraftforge.fml.loading.moddiscovery.ModFileParser/LOADING]: Found coremod placebo_get_ench_level_event_specific with Javascript path coremods/get_ench_level_event_specific.js
[2510月2025 17:37:03.020] [main/DEBUG] [net.minecraftforge.fml.loading.moddiscovery.ModFile/LOADING]: Found coremod coremods/get_ench_level_event.js
[2510月2025 17:37:03.020] [main/DEBUG] [net.minecraftforge.fml.loading.moddiscovery.ModFile/LOADING]: Found coremod coremods/get_ench_level_event_specific.js
[2510月2025 17:37:03.020] [main/DEBUG] [net.minecraftforge.fml.loading.moddiscovery.ModFileParser/LOADING]: Considering mod file candidate C:\Users\Administrator\.gradle\caches\forge_gradle\deobf_dependencies\curse\maven\configured-457570\5180900_mapped_official_1.20.1\configured-457570-5180900_mapped_official_1.20.1.jar
[2510月2025 17:37:03.021] [main/DEBUG] [net.minecraftforge.fml.loading.moddiscovery.ModFileInfo/LOADING]: Found valid mod file configured-457570-5180900_mapped_official_1.20.1.jar with {configured} mods - versions {2.2.3}
[2510月2025 17:37:03.021] [main/DEBUG] [net.minecraftforge.fml.loading.moddiscovery.ModFile/LOADING]: Loading mod file C:\Users\Administrator\.gradle\caches\forge_gradle\deobf_dependencies\curse\maven\configured-457570\5180900_mapped_official_1.20.1\configured-457570-5180900_mapped_official_1.20.1.jar with languages [LanguageSpec[languageName=javafml, acceptedVersions=[39,)]]
[2510月2025 17:37:03.021] [main/DEBUG] [net.minecraftforge.fml.loading.moddiscovery.ModFileParser/LOADING]: Considering mod file candidate C:\Users\Administrator\.gradle\caches\forge_gradle\deobf_dependencies\curse\maven\apothic-attributes-898963\5634071_mapped_official_1.20.1\apothic-attributes-898963-5634071_mapped_official_1.20.1.jar
[2510月2025 17:37:03.021] [main/DEBUG] [net.minecraftforge.fml.loading.moddiscovery.ModFileInfo/LOADING]: Found valid mod file apothic-attributes-898963-5634071_mapped_official_1.20.1.jar with {attributeslib} mods - versions {1.3.7}
[2510月2025 17:37:03.021] [main/DEBUG] [net.minecraftforge.fml.loading.moddiscovery.ModFile/LOADING]: Loading mod file C:\Users\Administrator\.gradle\caches\forge_gradle\deobf_dependencies\curse\maven\apothic-attributes-898963\5634071_mapped_official_1.20.1\apothic-attributes-898963-5634071_mapped_official_1.20.1.jar with languages [LanguageSpec[languageName=javafml, acceptedVersions=[32,)]]
[2510月2025 17:37:03.021] [main/DEBUG] [net.minecraftforge.fml.loading.moddiscovery.ModFileParser/LOADING]: Found coremod attributeslib_potion_gui_tooltips with Javascript path coremods/potion_gui_tooltips.js
[2510月2025 17:37:03.021] [main/DEBUG] [net.minecraftforge.fml.loading.moddiscovery.ModFile/LOADING]: Found coremod coremods/potion_gui_tooltips.js
[2510月2025 17:37:03.021] [main/DEBUG] [net.minecraftforge.fml.loading.moddiscovery.ModFileParser/LOADING]: Considering mod file candidate C:\Users\Administrator\.gradle\caches\forge_gradle\deobf_dependencies\curse\maven\itemzoom-261725\5043628_mapped_official_1.20.1\itemzoom-261725-5043628_mapped_official_1.20.1.jar
[2510月2025 17:37:03.022] [main/DEBUG] [net.minecraftforge.fml.loading.moddiscovery.ModFileInfo/LOADING]: Found valid mod file itemzoom-261725-5043628_mapped_official_1.20.1.jar with {itemzoom} mods - versions {2.9.0}
[2510月2025 17:37:03.022] [main/DEBUG] [net.minecraftforge.fml.loading.moddiscovery.ModFile/LOADING]: Loading mod file C:\Users\Administrator\.gradle\caches\forge_gradle\deobf_dependencies\curse\maven\itemzoom-261725\5043628_mapped_official_1.20.1\itemzoom-261725-5043628_mapped_official_1.20.1.jar with languages [LanguageSpec[languageName=javafml, acceptedVersions=[41,)]]
[2510月2025 17:37:03.022] [main/DEBUG] [net.minecraftforge.fml.loading.moddiscovery.ModFileParser/LOADING]: Considering mod file candidate C:\Users\Administrator\.gradle\caches\forge_gradle\deobf_dependencies\curse\maven\modern-ui-352491\6199942)_mapped_official_1.20.1\modern-ui-352491-6199942)_mapped_official_1.20.1.jar
[2510月2025 17:37:03.022] [main/DEBUG] [net.minecraftforge.fml.loading.moddiscovery.ModFileInfo/LOADING]: Found valid mod file modern-ui-352491-6199942)_mapped_official_1.20.1.jar with {modernui} mods - versions {3.11.1.6}
[2510月2025 17:37:03.022] [main/DEBUG] [net.minecraftforge.fml.loading.moddiscovery.ModFile/LOADING]: Loading mod file C:\Users\Administrator\.gradle\caches\forge_gradle\deobf_dependencies\curse\maven\modern-ui-352491\6199942)_mapped_official_1.20.1\modern-ui-352491-6199942)_mapped_official_1.20.1.jar with languages [LanguageSpec[languageName=javafml, acceptedVersions=[46,)]]
[2510月2025 17:37:03.022] [main/DEBUG] [net.minecraftforge.fml.loading.moddiscovery.ModFileParser/LOADING]: Considering mod file candidate /
[2510月2025 17:37:03.023] [main/DEBUG] [net.minecraftforge.fml.loading.moddiscovery.ModFileInfo/LOADING]: Found valid mod file  with {forge} mods - versions {47.4.10}
[2510月2025 17:37:03.023] [main/DEBUG] [net.minecraftforge.fml.loading.moddiscovery.ModFile/LOADING]: Loading mod file / with languages [LanguageSpec[languageName=javafml, acceptedVersions=[24,]]]
[2510月2025 17:37:03.023] [main/DEBUG] [net.minecraftforge.fml.loading.moddiscovery.ModFileParser/LOADING]: Found coremod field_to_method with Javascript path coremods/field_to_method.js
[2510月2025 17:37:03.023] [main/DEBUG] [net.minecraftforge.fml.loading.moddiscovery.ModFileParser/LOADING]: Found coremod field_to_instanceof with Javascript path coremods/field_to_instanceof.js
[2510月2025 17:37:03.023] [main/DEBUG] [net.minecraftforge.fml.loading.moddiscovery.ModFileParser/LOADING]: Found coremod add_bouncer_method with Javascript path coremods/add_bouncer_method.js
[2510月2025 17:37:03.023] [main/DEBUG] [net.minecraftforge.fml.loading.moddiscovery.ModFileParser/LOADING]: Found coremod method_redirector with Javascript path coremods/method_redirector.js
[2510月2025 17:37:03.023] [main/DEBUG] [net.minecraftforge.fml.loading.moddiscovery.ModFile/LOADING]: Found coremod coremods/field_to_method.js
[2510月2025 17:37:03.023] [main/DEBUG] [net.minecraftforge.fml.loading.moddiscovery.ModFile/LOADING]: Found coremod coremods/field_to_instanceof.js
[2510月2025 17:37:03.023] [main/DEBUG] [net.minecraftforge.fml.loading.moddiscovery.ModFile/LOADING]: Found coremod coremods/add_bouncer_method.js
[2510月2025 17:37:03.023] [main/DEBUG] [net.minecraftforge.fml.loading.moddiscovery.ModFile/LOADING]: Found coremod coremods/method_redirector.js
[2510月2025 17:37:03.023] [main/DEBUG] [net.minecraftforge.fml.loading.moddiscovery.ModFileParser/LOADING]: Considering mod file candidate C:\Users\Administrator\.gradle\caches\forge_gradle\deobf_dependencies\curse\maven\mmmmmmmmmmmm-225738\5737040_mapped_official_1.20.1\mmmmmmmmmmmm-225738-5737040_mapped_official_1.20.1.jar
[2510月2025 17:37:03.023] [main/DEBUG] [net.minecraftforge.fml.loading.moddiscovery.ModFileInfo/LOADING]: Found valid mod file mmmmmmmmmmmm-225738-5737040_mapped_official_1.20.1.jar with {dummmmmmy} mods - versions {1.20-2.0.2}
[2510月2025 17:37:03.023] [main/DEBUG] [net.minecraftforge.fml.loading.moddiscovery.ModFile/LOADING]: Loading mod file C:\Users\Administrator\.gradle\caches\forge_gradle\deobf_dependencies\curse\maven\mmmmmmmmmmmm-225738\5737040_mapped_official_1.20.1\mmmmmmmmmmmm-225738-5737040_mapped_official_1.20.1.jar with languages [LanguageSpec[languageName=javafml, acceptedVersions=[40,)]]
[2510月2025 17:37:03.023] [main/DEBUG] [net.minecraftforge.fml.loading.moddiscovery.ModFile/LOADING]: Loading mod file  with languages []
[2510月2025 17:37:03.023] [main/DEBUG] [net.minecraftforge.fml.loading.moddiscovery.ModFile/LOADING]: Loading mod file  with languages []
[2510月2025 17:37:03.023] [main/DEBUG] [net.minecraftforge.fml.loading.moddiscovery.ModFile/LOADING]: Loading mod file  with languages []
[2510月2025 17:37:03.023] [main/DEBUG] [net.minecraftforge.fml.loading.moddiscovery.ModFile/LOADING]: Loading mod file  with languages []
[2510月2025 17:37:03.023] [main/DEBUG] [net.minecraftforge.fml.loading.moddiscovery.ModFile/LOADING]: Loading mod file  with languages []
[2510月2025 17:37:03.023] [main/DEBUG] [net.minecraftforge.fml.loading.moddiscovery.ModFile/LOADING]: Loading mod file  with languages []
[2510月2025 17:37:03.023] [main/DEBUG] [net.minecraftforge.fml.loading.moddiscovery.ModFile/LOADING]: Loading mod file  with languages []
[2510月2025 17:37:03.023] [main/DEBUG] [net.minecraftforge.fml.loading.moddiscovery.ModFile/LOADING]: Loading mod file  with languages []
[2510月2025 17:37:03.023] [main/DEBUG] [net.minecraftforge.fml.loading.moddiscovery.ModFile/LOADING]: Loading mod file  with languages []
[2510月2025 17:37:03.023] [main/DEBUG] [net.minecraftforge.fml.loading.moddiscovery.ModFileParser/LOADING]: Considering mod file candidate 
[2510月2025 17:37:03.024] [main/DEBUG] [net.minecraftforge.fml.loading.moddiscovery.ModFileInfo/LOADING]: Found valid mod file mixinextras-forge-0.4.1.jar with {mixinextras} mods - versions {0.4.1}
[2510月2025 17:37:03.024] [main/DEBUG] [net.minecraftforge.fml.loading.moddiscovery.ModFile/LOADING]: Loading mod file  with languages [LanguageSpec[languageName=javafml, acceptedVersions=*]]
[2510月2025 17:37:03.024] [main/DEBUG] [net.minecraftforge.fml.loading.moddiscovery.ModFile/LOADING]: Loading mod file  with languages []
[2510月2025 17:37:03.024] [main/DEBUG] [net.minecraftforge.fml.loading.moddiscovery.ModFile/LOADING]: Loading mod file  with languages []
[2510月2025 17:37:03.024] [main/DEBUG] [net.minecraftforge.fml.loading.moddiscovery.ModFile/LOADING]: Loading mod file  with languages []
[2510月2025 17:37:03.024] [main/DEBUG] [net.minecraftforge.fml.loading.moddiscovery.ModFile/LOADING]: Loading mod file  with languages []
[2510月2025 17:37:03.024] [main/DEBUG] [net.minecraftforge.fml.loading.moddiscovery.ModFile/LOADING]: Loading mod file  with languages []
[2510月2025 17:37:03.024] [main/DEBUG] [net.minecraftforge.fml.loading.moddiscovery.ModFile/LOADING]: Loading mod file  with languages []
[2510月2025 17:37:03.024] [main/DEBUG] [net.minecraftforge.fml.loading.moddiscovery.ModFile/LOADING]: Loading mod file  with languages []
[2510月2025 17:37:03.024] [main/DEBUG] [net.minecraftforge.fml.loading.moddiscovery.ModFile/LOADING]: Loading mod file  with languages []
[2510月2025 17:37:03.024] [main/DEBUG] [net.minecraftforge.fml.loading.moddiscovery.ModFile/LOADING]: Loading mod file  with languages []
[2510月2025 17:37:03.024] [main/DEBUG] [net.minecraftforge.fml.loading.moddiscovery.ModFile/LOADING]: Loading mod file  with languages []
[2510月2025 17:37:03.024] [main/DEBUG] [net.minecraftforge.fml.loading.moddiscovery.ModFile/LOADING]: Loading mod file  with languages []
[2510月2025 17:37:03.024] [main/DEBUG] [net.minecraftforge.fml.loading.moddiscovery.ModFile/LOADING]: Loading mod file  with languages []
[2510月2025 17:37:03.024] [main/DEBUG] [net.minecraftforge.fml.loading.moddiscovery.ModFile/LOADING]: Loading mod file  with languages []
[2510月2025 17:37:03.024] [main/DEBUG] [net.minecraftforge.fml.loading.moddiscovery.ModFile/LOADING]: Loading mod file  with languages []
[2510月2025 17:37:03.024] [main/DEBUG] [net.minecraftforge.fml.loading.moddiscovery.ModFileParser/LOADING]: Considering mod file candidate 
[2510月2025 17:37:03.024] [main/DEBUG] [net.minecraftforge.fml.loading.moddiscovery.ModFileInfo/LOADING]: Found valid mod file mixinextras-forge-0.4.1.jar with {mixinextras} mods - versions {0.4.1}
[2510月2025 17:37:03.024] [main/DEBUG] [net.minecraftforge.fml.loading.moddiscovery.ModFile/LOADING]: Loading mod file  with languages [LanguageSpec[languageName=javafml, acceptedVersions=*]]
[2510月2025 17:37:03.024] [main/DEBUG] [net.minecraftforge.fml.loading.moddiscovery.ModFile/LOADING]: Loading mod file  with languages []
[2510月2025 17:37:03.024] [main/DEBUG] [net.minecraftforge.fml.loading.moddiscovery.ModFile/LOADING]: Loading mod file  with languages []
[2510月2025 17:37:03.024] [main/DEBUG] [net.minecraftforge.fml.loading.moddiscovery.ModFile/LOADING]: Loading mod file  with languages []
[2510月2025 17:37:03.025] [main/DEBUG] [net.minecraftforge.fml.loading.moddiscovery.ModFile/LOADING]: Loading mod file  with languages []
[2510月2025 17:37:03.025] [main/DEBUG] [net.minecraftforge.fml.loading.moddiscovery.ModFile/LOADING]: Loading mod file  with languages []
[2510月2025 17:37:03.026] [main/DEBUG] [cpw.mods.modlauncher.TransformationServiceDecorator/MODLAUNCHER]: End scan trigger - transformation service fml
[2510月2025 17:37:03.032] [main/DEBUG] [net.minecraftforge.fml.loading.LanguageLoadingProvider/CORE]: Found 3 language providers
[2510月2025 17:37:03.033] [main/DEBUG] [net.minecraftforge.fml.loading.LanguageLoadingProvider/CORE]: Found language provider minecraft, version 1.0
[2510月2025 17:37:03.033] [main/DEBUG] [net.minecraftforge.fml.loading.LanguageLoadingProvider/CORE]: Found language provider lowcodefml, version 47
[2510月2025 17:37:03.033] [main/DEBUG] [net.minecraftforge.fml.loading.LanguageLoadingProvider/CORE]: Found language provider javafml, version 47
[2510月2025 17:37:03.035] [main/DEBUG] [net.minecraftforge.fml.loading.UniqueModListBuilder/]: Found 2 mods for first modid mclib, selecting most recent based on version data
[2510月2025 17:37:03.036] [main/DEBUG] [net.minecraftforge.fml.loading.UniqueModListBuilder/]: Selected file mclib-20.jar for modid mclib with version 0.0NONE
[2510月2025 17:37:03.036] [main/DEBUG] [net.minecraftforge.fml.loading.UniqueModListBuilder/]: Found 2 mods for first modid flexmark.util.html, selecting most recent based on version data
[2510月2025 17:37:03.036] [main/DEBUG] [net.minecraftforge.fml.loading.UniqueModListBuilder/]: Selected file flexmark-util-html-0.64.8.jar for modid flexmark.util.html with version 0.0NONE
[2510月2025 17:37:03.036] [main/DEBUG] [net.minecraftforge.fml.loading.UniqueModListBuilder/]: Found 2 mods for first modid flexmark, selecting most recent based on version data
[2510月2025 17:37:03.036] [main/DEBUG] [net.minecraftforge.fml.loading.UniqueModListBuilder/]: Selected file flexmark-0.64.8.jar for modid flexmark with version 0.0NONE
[2510月2025 17:37:03.036] [main/DEBUG] [net.minecraftforge.fml.loading.UniqueModListBuilder/]: Found 2 mods for first modid flexmark.util.data, selecting most recent based on version data
[2510月2025 17:37:03.036] [main/DEBUG] [net.minecraftforge.fml.loading.UniqueModListBuilder/]: Selected file flexmark-util-data-0.64.8.jar for modid flexmark.util.data with version 0.0NONE
[2510月2025 17:37:03.036] [main/DEBUG] [net.minecraftforge.fml.loading.UniqueModListBuilder/]: Found 2 mods for first modid flexmark.util.collection, selecting most recent based on version data
[2510月2025 17:37:03.036] [main/DEBUG] [net.minecraftforge.fml.loading.UniqueModListBuilder/]: Selected file flexmark-util-collection-0.64.8.jar for modid flexmark.util.collection with version 0.0NONE
[2510月2025 17:37:03.036] [main/DEBUG] [net.minecraftforge.fml.loading.UniqueModListBuilder/]: Found 2 mods for first modid flexmark.util.misc, selecting most recent based on version data
[2510月2025 17:37:03.036] [main/DEBUG] [net.minecraftforge.fml.loading.UniqueModListBuilder/]: Selected file flexmark-util-misc-0.64.8.jar for modid flexmark.util.misc with version 0.0NONE
[2510月2025 17:37:03.036] [main/DEBUG] [net.minecraftforge.fml.loading.UniqueModListBuilder/]: Found 2 mods for first modid flexmark.util.visitor, selecting most recent based on version data
[2510月2025 17:37:03.036] [main/DEBUG] [net.minecraftforge.fml.loading.UniqueModListBuilder/]: Selected file flexmark-util-visitor-0.64.8.jar for modid flexmark.util.visitor with version 0.0NONE
[2510月2025 17:37:03.036] [main/DEBUG] [net.minecraftforge.fml.loading.UniqueModListBuilder/]: Found 2 mods for first modid flexmark.util.ast, selecting most recent based on version data
[2510月2025 17:37:03.036] [main/DEBUG] [net.minecraftforge.fml.loading.UniqueModListBuilder/]: Selected file flexmark-util-ast-0.64.8.jar for modid flexmark.util.ast with version 0.0NONE
[2510月2025 17:37:03.036] [main/DEBUG] [net.minecraftforge.fml.loading.UniqueModListBuilder/]: Found 2 mods for first modid mixinextras, selecting most recent based on version data
[2510月2025 17:37:03.036] [main/DEBUG] [net.minecraftforge.fml.loading.UniqueModListBuilder/]: Selected file mixinextras-forge-0.4.1.jar for modid mixinextras with version 0.4.1
[2510月2025 17:37:03.036] [main/DEBUG] [net.minecraftforge.fml.loading.UniqueModListBuilder/]: Found 2 mods for first modid flexmark.util.format, selecting most recent based on version data
[2510月2025 17:37:03.036] [main/DEBUG] [net.minecraftforge.fml.loading.UniqueModListBuilder/]: Selected file flexmark-util-format-0.64.8.jar for modid flexmark.util.format with version 0.0NONE
[2510月2025 17:37:03.036] [main/DEBUG] [net.minecraftforge.fml.loading.UniqueModListBuilder/]: Found 2 mods for first modid flexmark.util.sequence, selecting most recent based on version data
[2510月2025 17:37:03.036] [main/DEBUG] [net.minecraftforge.fml.loading.UniqueModListBuilder/]: Selected file flexmark-util-sequence-0.64.8.jar for modid flexmark.util.sequence with version 0.0NONE
[2510月2025 17:37:03.036] [main/DEBUG] [net.minecraftforge.fml.loading.UniqueModListBuilder/]: Found 2 mods for first modid flexmark.util.dependency, selecting most recent based on version data
[2510月2025 17:37:03.036] [main/DEBUG] [net.minecraftforge.fml.loading.UniqueModListBuilder/]: Selected file flexmark-util-dependency-0.64.8.jar for modid flexmark.util.dependency with version 0.0NONE
[2510月2025 17:37:03.036] [main/DEBUG] [net.minecraftforge.fml.loading.UniqueModListBuilder/]: Found 2 mods for first modid com.github.benmanes.caffeine, selecting most recent based on version data
[2510月2025 17:37:03.036] [main/DEBUG] [net.minecraftforge.fml.loading.UniqueModListBuilder/]: Selected file caffeine-3.1.7.jar for modid com.github.benmanes.caffeine with version 3.1.7
[2510月2025 17:37:03.036] [main/DEBUG] [net.minecraftforge.fml.loading.UniqueModListBuilder/]: Found 2 mods for first modid MixinExtras, selecting most recent based on version data
[2510月2025 17:37:03.036] [main/DEBUG] [net.minecraftforge.fml.loading.UniqueModListBuilder/]: Selected file MixinExtras-0.4.1.jar for modid MixinExtras with version 0.0NONE
[2510月2025 17:37:03.036] [main/DEBUG] [net.minecraftforge.fml.loading.UniqueModListBuilder/]: Found 2 mods for first modid flexmark.util.builder, selecting most recent based on version data
[2510月2025 17:37:03.036] [main/DEBUG] [net.minecraftforge.fml.loading.UniqueModListBuilder/]: Selected file flexmark-util-builder-0.64.8.jar for modid flexmark.util.builder with version 0.0NONE
[2510月2025 17:37:03.038] [main/DEBUG] [net.minecraftforge.fml.loading.ModSorter/]: Configured system mods: [minecraft, forge]
[2510月2025 17:37:03.038] [main/DEBUG] [net.minecraftforge.fml.loading.ModSorter/]: Found system mod: minecraft
[2510月2025 17:37:03.038] [main/DEBUG] [net.minecraftforge.fml.loading.ModSorter/]: Found system mod: forge
[2510月2025 17:37:03.040] [main/DEBUG] [net.minecraftforge.fml.loading.ModSorter/LOADING]: Found 37 mod requirements (28 mandatory, 9 optional)
[2510月2025 17:37:03.041] [main/DEBUG] [net.minecraftforge.fml.loading.ModSorter/LOADING]: Found 0 mod requirements missing (0 mandatory, 0 optional)
[2510月2025 17:37:03.251] [main/DEBUG] [net.minecraftforge.fml.loading.MCPNamingService/CORE]: Loaded 31003 field mappings from fields.csv
[2510月2025 17:37:03.274] [main/DEBUG] [net.minecraftforge.fml.loading.MCPNamingService/CORE]: Loaded 33222 method mappings from methods.csv
[2510月2025 17:37:03.316] [main/DEBUG] [cpw.mods.modlauncher.TransformationServicesHandler/MODLAUNCHER]: Transformation services loading transformers
[2510月2025 17:37:03.317] [main/DEBUG] [cpw.mods.modlauncher.TransformationServiceDecorator/MODLAUNCHER]: Initializing transformers for transformation service mixin
[2510月2025 17:37:03.317] [main/DEBUG] [cpw.mods.modlauncher.TransformationServiceDecorator/MODLAUNCHER]: Initialized transformers for transformation service mixin
[2510月2025 17:37:03.317] [main/DEBUG] [cpw.mods.modlauncher.TransformationServiceDecorator/MODLAUNCHER]: Initializing transformers for transformation service fml
[2510月2025 17:37:03.317] [main/DEBUG] [net.minecraftforge.fml.loading.FMLServiceProvider/CORE]: Loading coremod transformers
[2510月2025 17:37:03.317] [main/DEBUG] [net.minecraftforge.coremod.CoreModEngine/COREMOD]: Loading CoreMod from coremods/get_ench_level_event.js
[2510月2025 17:37:03.441] [main/DEBUG] [net.minecraftforge.coremod.CoreModEngine/COREMOD]: CoreMod loaded successfully
[2510月2025 17:37:03.442] [main/DEBUG] [net.minecraftforge.coremod.CoreModEngine/COREMOD]: Loading CoreMod from coremods/get_ench_level_event_specific.js
[2510月2025 17:37:03.447] [main/DEBUG] [net.minecraftforge.coremod.CoreModEngine/COREMOD]: CoreMod loaded successfully
[2510月2025 17:37:03.447] [main/DEBUG] [net.minecraftforge.coremod.CoreModEngine/COREMOD]: Loading CoreMod from coremods/potion_gui_tooltips.js
[2510月2025 17:37:03.460] [main/DEBUG] [net.minecraftforge.coremod.CoreModEngine/COREMOD]: CoreMod loaded successfully
[2510月2025 17:37:03.461] [main/DEBUG] [net.minecraftforge.coremod.CoreModEngine/COREMOD]: Loading CoreMod from coremods/field_to_method.js
[2510月2025 17:37:03.483] [main/DEBUG] [net.minecraftforge.coremod.CoreModEngine/COREMOD]: CoreMod loaded successfully
[2510月2025 17:37:03.484] [main/DEBUG] [net.minecraftforge.coremod.CoreModEngine/COREMOD]: Loading CoreMod from coremods/field_to_instanceof.js
[2510月2025 17:37:03.521] [main/DEBUG] [net.minecraftforge.coremod.CoreModEngine/COREMOD]: CoreMod loaded successfully
[2510月2025 17:37:03.521] [main/DEBUG] [net.minecraftforge.coremod.CoreModEngine/COREMOD]: Loading CoreMod from coremods/add_bouncer_method.js
[2510月2025 17:37:03.541] [main/DEBUG] [net.minecraftforge.coremod.CoreModEngine/COREMOD]: CoreMod loaded successfully
[2510月2025 17:37:03.541] [main/DEBUG] [net.minecraftforge.coremod.CoreModEngine/COREMOD]: Loading CoreMod from coremods/method_redirector.js
[2510月2025 17:37:03.568] [main/DEBUG] [net.minecraftforge.coremod.CoreModEngine/COREMOD]: CoreMod loaded successfully
[2510月2025 17:37:03.575] [main/DEBUG] [cpw.mods.modlauncher.TransformStore/MODLAUNCHER]: Adding transformer net.minecraftforge.coremod.transformer.CoreModClassTransformer@77c3c037 to Target : CLASS {Lnet/minecraft/world/level/biome/Biome;} {} {V}
[2510月2025 17:37:03.576] [main/DEBUG] [cpw.mods.modlauncher.TransformStore/MODLAUNCHER]: Adding transformer net.minecraftforge.coremod.transformer.CoreModClassTransformer@9f86dc3 to Target : CLASS {Lnet/minecraft/world/level/levelgen/structure/Structure;} {} {V}
[2510月2025 17:37:03.576] [main/DEBUG] [cpw.mods.modlauncher.TransformStore/MODLAUNCHER]: Adding transformer net.minecraftforge.coremod.transformer.CoreModClassTransformer@41d16cc3 to Target : CLASS {Lnet/minecraft/world/effect/MobEffectInstance;} {} {V}
[2510月2025 17:37:03.576] [main/DEBUG] [cpw.mods.modlauncher.TransformStore/MODLAUNCHER]: Adding transformer net.minecraftforge.coremod.transformer.CoreModClassTransformer@662e682a to Target : CLASS {Lnet/minecraft/world/level/block/LiquidBlock;} {} {V}
[2510月2025 17:37:03.576] [main/DEBUG] [cpw.mods.modlauncher.TransformStore/MODLAUNCHER]: Adding transformer net.minecraftforge.coremod.transformer.CoreModClassTransformer@2e43c38d to Target : CLASS {Lnet/minecraft/world/item/BucketItem;} {} {V}
[2510月2025 17:37:03.576] [main/DEBUG] [cpw.mods.modlauncher.TransformStore/MODLAUNCHER]: Adding transformer net.minecraftforge.coremod.transformer.CoreModClassTransformer@649f25f3 to Target : CLASS {Lnet/minecraft/world/level/block/StairBlock;} {} {V}
[2510月2025 17:37:03.576] [main/DEBUG] [cpw.mods.modlauncher.TransformStore/MODLAUNCHER]: Adding transformer net.minecraftforge.coremod.transformer.CoreModClassTransformer@2e62ead7 to Target : CLASS {Lnet/minecraft/world/level/block/FlowerPotBlock;} {} {V}
[2510月2025 17:37:03.576] [main/DEBUG] [cpw.mods.modlauncher.TransformStore/MODLAUNCHER]: Adding transformer net.minecraftforge.coremod.transformer.CoreModClassTransformer@3b98b809 to Target : CLASS {Lnet/minecraft/world/item/ItemStack;} {} {V}
[2510月2025 17:37:03.576] [main/DEBUG] [cpw.mods.modlauncher.TransformStore/MODLAUNCHER]: Adding transformer net.minecraftforge.coremod.transformer.CoreModClassTransformer@bf75b5c to Target : CLASS {Lnet/minecraft/network/play/client/CClientSettingsPacket;} {} {V}
[2510月2025 17:37:03.576] [main/DEBUG] [cpw.mods.modlauncher.TransformStore/MODLAUNCHER]: Adding transformer net.minecraftforge.coremod.transformer.CoreModClassTransformer@16da476c to Target : CLASS {Lnet/minecraft/world/level/levelgen/structure/structures/SwampHutPiece;} {} {V}
[2510月2025 17:37:03.576] [main/DEBUG] [cpw.mods.modlauncher.TransformStore/MODLAUNCHER]: Adding transformer net.minecraftforge.coremod.transformer.CoreModClassTransformer@16da476c to Target : CLASS {Lnet/minecraft/world/entity/animal/frog/Tadpole;} {} {V}
[2510月2025 17:37:03.576] [main/DEBUG] [cpw.mods.modlauncher.TransformStore/MODLAUNCHER]: Adding transformer net.minecraftforge.coremod.transformer.CoreModClassTransformer@16da476c to Target : CLASS {Lnet/minecraft/world/level/levelgen/structure/structures/OceanMonumentPieces$OceanMonumentPiece;} {} {V}
[2510月2025 17:37:03.576] [main/DEBUG] [cpw.mods.modlauncher.TransformStore/MODLAUNCHER]: Adding transformer net.minecraftforge.coremod.transformer.CoreModClassTransformer@16da476c to Target : CLASS {Lnet/minecraft/world/level/levelgen/structure/structures/OceanRuinPieces$OceanRuinPiece;} {} {V}
[2510月2025 17:37:03.576] [main/DEBUG] [cpw.mods.modlauncher.TransformStore/MODLAUNCHER]: Adding transformer net.minecraftforge.coremod.transformer.CoreModClassTransformer@16da476c to Target : CLASS {Lnet/minecraft/world/level/levelgen/structure/structures/WoodlandMansionPieces$WoodlandMansionPiece;} {} {V}
[2510月2025 17:37:03.576] [main/DEBUG] [cpw.mods.modlauncher.TransformStore/MODLAUNCHER]: Adding transformer net.minecraftforge.coremod.transformer.CoreModClassTransformer@16da476c to Target : CLASS {Lnet/minecraft/world/entity/ai/village/VillageSiege;} {} {V}
[2510月2025 17:37:03.576] [main/DEBUG] [cpw.mods.modlauncher.TransformStore/MODLAUNCHER]: Adding transformer net.minecraftforge.coremod.transformer.CoreModClassTransformer@16da476c to Target : CLASS {Lnet/minecraft/world/level/levelgen/structure/templatesystem/StructureTemplate;} {} {V}
[2510月2025 17:37:03.576] [main/DEBUG] [cpw.mods.modlauncher.TransformStore/MODLAUNCHER]: Adding transformer net.minecraftforge.coremod.transformer.CoreModClassTransformer@16da476c to Target : CLASS {Lnet/minecraft/world/entity/monster/Spider;} {} {V}
[2510月2025 17:37:03.576] [main/DEBUG] [cpw.mods.modlauncher.TransformStore/MODLAUNCHER]: Adding transformer net.minecraftforge.coremod.transformer.CoreModClassTransformer@16da476c to Target : CLASS {Lnet/minecraft/world/entity/npc/CatSpawner;} {} {V}
[2510月2025 17:37:03.576] [main/DEBUG] [cpw.mods.modlauncher.TransformStore/MODLAUNCHER]: Adding transformer net.minecraftforge.coremod.transformer.CoreModClassTransformer@16da476c to Target : CLASS {Lnet/minecraft/world/entity/EntityType;} {} {V}
[2510月2025 17:37:03.576] [main/DEBUG] [cpw.mods.modlauncher.TransformStore/MODLAUNCHER]: Adding transformer net.minecraftforge.coremod.transformer.CoreModClassTransformer@16da476c to Target : CLASS {Lnet/minecraft/world/entity/monster/ZombieVillager;} {} {V}
[2510月2025 17:37:03.576] [main/DEBUG] [cpw.mods.modlauncher.TransformStore/MODLAUNCHER]: Adding transformer net.minecraftforge.coremod.transformer.CoreModClassTransformer@16da476c to Target : CLASS {Lnet/minecraft/world/level/levelgen/PhantomSpawner;} {} {V}
[2510月2025 17:37:03.576] [main/DEBUG] [cpw.mods.modlauncher.TransformStore/MODLAUNCHER]: Adding transformer net.minecraftforge.coremod.transformer.CoreModClassTransformer@16da476c to Target : CLASS {Lnet/minecraft/server/commands/SummonCommand;} {} {V}
[2510月2025 17:37:03.576] [main/DEBUG] [cpw.mods.modlauncher.TransformStore/MODLAUNCHER]: Adding transformer net.minecraftforge.coremod.transformer.CoreModClassTransformer@16da476c to Target : CLASS {Lnet/minecraft/world/entity/monster/Strider;} {} {V}
[2510月2025 17:37:03.576] [main/DEBUG] [cpw.mods.modlauncher.TransformStore/MODLAUNCHER]: Adding transformer net.minecraftforge.coremod.transformer.CoreModClassTransformer@16da476c to Target : CLASS {Lnet/minecraft/world/entity/monster/Zombie;} {} {V}
[2510月2025 17:37:03.576] [main/DEBUG] [cpw.mods.modlauncher.TransformStore/MODLAUNCHER]: Adding transformer net.minecraftforge.coremod.transformer.CoreModClassTransformer@16da476c to Target : CLASS {Lnet/minecraft/world/entity/npc/Villager;} {} {V}
[2510月2025 17:37:03.576] [main/DEBUG] [cpw.mods.modlauncher.TransformStore/MODLAUNCHER]: Adding transformer net.minecraftforge.coremod.transformer.CoreModClassTransformer@16da476c to Target : CLASS {Lnet/minecraft/world/entity/raid/Raid;} {} {V}
[2510月2025 17:37:03.576] [main/DEBUG] [cpw.mods.modlauncher.TransformStore/MODLAUNCHER]: Adding transformer net.minecraftforge.coremod.transformer.CoreModClassTransformer@16da476c to Target : CLASS {Lnet/minecraft/world/level/NaturalSpawner;} {} {V}
[2510月2025 17:37:03.576] [main/DEBUG] [cpw.mods.modlauncher.TransformStore/MODLAUNCHER]: Adding transformer net.minecraftforge.coremod.transformer.CoreModClassTransformer@16da476c to Target : CLASS {Lnet/minecraft/server/commands/RaidCommand;} {} {V}
[2510月2025 17:37:03.576] [main/DEBUG] [cpw.mods.modlauncher.TransformStore/MODLAUNCHER]: Adding transformer net.minecraftforge.coremod.transformer.CoreModClassTransformer@16da476c to Target : CLASS {Lnet/minecraft/world/entity/animal/horse/SkeletonTrapGoal;} {} {V}
[2510月2025 17:37:03.576] [main/DEBUG] [cpw.mods.modlauncher.TransformStore/MODLAUNCHER]: Adding transformer net.minecraftforge.coremod.transformer.CoreModClassTransformer@16da476c to Target : CLASS {Lnet/minecraft/world/entity/monster/Evoker$EvokerSummonSpellGoal;} {} {V}
[2510月2025 17:37:03.576] [main/DEBUG] [cpw.mods.modlauncher.TransformStore/MODLAUNCHER]: Adding transformer net.minecraftforge.coremod.transformer.CoreModClassTransformer@16da476c to Target : CLASS {Lnet/minecraft/world/level/levelgen/PatrolSpawner;} {} {V}
[2510月2025 17:37:03.577] [main/DEBUG] [cpw.mods.modlauncher.TransformStore/MODLAUNCHER]: Adding transformer net.minecraftforge.coremod.transformer.CoreModMethodTransformer@51f18e31 to Target : METHOD {Lnet/minecraftforge/common/extensions/IForgeItemStack;} {getAllEnchantments} {()Ljava/util/Map;}
[2510月2025 17:37:03.577] [main/DEBUG] [cpw.mods.modlauncher.TransformStore/MODLAUNCHER]: Adding transformer net.minecraftforge.coremod.transformer.CoreModMethodTransformer@60ed12e8 to Target : METHOD {Lnet/minecraftforge/common/extensions/IForgeItemStack;} {getEnchantmentLevel} {(Lnet/minecraft/world/item/enchantment/Enchantment;)I}
[2510月2025 17:37:03.577] [main/DEBUG] [cpw.mods.modlauncher.TransformStore/MODLAUNCHER]: Adding transformer net.minecraftforge.coremod.transformer.CoreModMethodTransformer@24c8d8be to Target : METHOD {Lnet/minecraft/client/gui/screens/inventory/EffectRenderingInventoryScreen;} {renderEffects} {(Lnet/minecraft/client/gui/GuiGraphics;II)V}
[2510月2025 17:37:03.577] [main/DEBUG] [cpw.mods.modlauncher.TransformationServiceDecorator/MODLAUNCHER]: Initialized transformers for transformation service fml
[2510月2025 17:37:03.944] [main/DEBUG] [mixin/]: Processing prepare() for PlatformAgent[MixinPlatformAgentDefault:ModLauncher Root Container(ModLauncher:4f56a0a2)]
[2510月2025 17:37:03.944] [main/DEBUG] [mixin/]: Registering mixin config: gameplay_sculptor.mixins.json
[2510月2025 17:37:03.952] [main/DEBUG] [mixin/]: Compatibility level JAVA_8 specified by gameplay_sculptor.mixins.json is lower than the default level supported by the current mixin service (JAVA_16).
[2510月2025 17:37:03.953] [main/DEBUG] [mixin/]: Processing launch tasks for PlatformAgent[MixinPlatformAgentDefault:ModLauncher Root Container(ModLauncher:4f56a0a2)]
[2510月2025 17:37:03.953] [main/DEBUG] [mixin/]: Adding mixin platform agents for container SecureJarResource(emi)
[2510月2025 17:37:03.953] [main/DEBUG] [mixin/]: Instancing new MixinPlatformAgentMinecraftForge for SecureJarResource(emi)
[2510月2025 17:37:03.953] [main/DEBUG] [mixin/]: MixinPlatformAgentMinecraftForge rejected container SecureJarResource(emi)
[2510月2025 17:37:03.953] [main/DEBUG] [mixin/]: Instancing new MixinPlatformAgentDefault for SecureJarResource(emi)
[2510月2025 17:37:03.953] [main/DEBUG] [mixin/]: MixinPlatformAgentDefault accepted container SecureJarResource(emi)
[2510月2025 17:37:03.953] [main/DEBUG] [mixin/]: Processing prepare() for PlatformAgent[MixinPlatformAgentDefault:SecureJarResource(emi)]
[2510月2025 17:37:03.953] [main/DEBUG] [mixin/]: Registering mixin config: emi.mixins.json
[2510月2025 17:37:03.954] [main/DEBUG] [mixin/]: Compatibility level JAVA_17 specified by emi.mixins.json is higher than the maximum level supported by this version of mixin (JAVA_13).
[2510月2025 17:37:03.956] [main/INFO] [mixin/]: Compatibility level set to JAVA_17
[2510月2025 17:37:03.956] [main/ERROR] [mixin/]: Mixin config emi.mixins.json does not specify "minVersion" property
[2510月2025 17:37:03.956] [main/DEBUG] [mixin/]: Registering mixin config: emi-forge.mixins.json
[2510月2025 17:37:03.957] [main/ERROR] [mixin/]: Mixin config emi-forge.mixins.json does not specify "minVersion" property
[2510月2025 17:37:03.957] [main/DEBUG] [mixin/]: Adding mixin platform agents for container SecureJarResource(minecraft)
[2510月2025 17:37:03.957] [main/DEBUG] [mixin/]: Instancing new MixinPlatformAgentMinecraftForge for SecureJarResource(minecraft)
[2510月2025 17:37:03.957] [main/DEBUG] [mixin/]: MixinPlatformAgentMinecraftForge rejected container SecureJarResource(minecraft)
[2510月2025 17:37:03.957] [main/DEBUG] [mixin/]: Instancing new MixinPlatformAgentDefault for SecureJarResource(minecraft)
[2510月2025 17:37:03.957] [main/DEBUG] [mixin/]: MixinPlatformAgentDefault accepted container SecureJarResource(minecraft)
[2510月2025 17:37:03.957] [main/DEBUG] [mixin/]: Processing prepare() for PlatformAgent[MixinPlatformAgentDefault:SecureJarResource(minecraft)]
[2510月2025 17:37:03.957] [main/DEBUG] [mixin/]: Adding mixin platform agents for container SecureJarResource(damage_number)
[2510月2025 17:37:03.957] [main/DEBUG] [mixin/]: Instancing new MixinPlatformAgentMinecraftForge for SecureJarResource(damage_number)
[2510月2025 17:37:03.957] [main/DEBUG] [mixin/]: MixinPlatformAgentMinecraftForge rejected container SecureJarResource(damage_number)
[2510月2025 17:37:03.957] [main/DEBUG] [mixin/]: Instancing new MixinPlatformAgentDefault for SecureJarResource(damage_number)
[2510月2025 17:37:03.957] [main/DEBUG] [mixin/]: MixinPlatformAgentDefault accepted container SecureJarResource(damage_number)
[2510月2025 17:37:03.957] [main/DEBUG] [mixin/]: Processing prepare() for PlatformAgent[MixinPlatformAgentDefault:SecureJarResource(damage_number)]
[2510月2025 17:37:03.957] [main/DEBUG] [mixin/]: Adding mixin platform agents for container SecureJarResource(moonlight)
[2510月2025 17:37:03.957] [main/DEBUG] [mixin/]: Instancing new MixinPlatformAgentMinecraftForge for SecureJarResource(moonlight)
[2510月2025 17:37:03.957] [main/DEBUG] [mixin/]: MixinPlatformAgentMinecraftForge rejected container SecureJarResource(moonlight)
[2510月2025 17:37:03.957] [main/DEBUG] [mixin/]: Instancing new MixinPlatformAgentDefault for SecureJarResource(moonlight)
[2510月2025 17:37:03.957] [main/DEBUG] [mixin/]: MixinPlatformAgentDefault accepted container SecureJarResource(moonlight)
[2510月2025 17:37:03.957] [main/DEBUG] [mixin/]: Processing prepare() for PlatformAgent[MixinPlatformAgentDefault:SecureJarResource(moonlight)]
[2510月2025 17:37:03.957] [main/DEBUG] [mixin/]: Registering mixin config: moonlight-common.mixins.json
[2510月2025 17:37:03.958] [main/DEBUG] [mixin/]: Registering mixin config: moonlight.mixins.json
[2510月2025 17:37:03.959] [main/DEBUG] [mixin/]: Adding mixin platform agents for container SecureJarResource(gameplay_sculptor)
[2510月2025 17:37:03.959] [main/DEBUG] [mixin/]: Instancing new MixinPlatformAgentMinecraftForge for SecureJarResource(gameplay_sculptor)
[2510月2025 17:37:03.959] [main/DEBUG] [mixin/]: MixinPlatformAgentMinecraftForge rejected container SecureJarResource(gameplay_sculptor)
[2510月2025 17:37:03.959] [main/DEBUG] [mixin/]: Instancing new MixinPlatformAgentDefault for SecureJarResource(gameplay_sculptor)
[2510月2025 17:37:03.959] [main/DEBUG] [mixin/]: MixinPlatformAgentDefault accepted container SecureJarResource(gameplay_sculptor)
[2510月2025 17:37:03.959] [main/DEBUG] [mixin/]: Processing prepare() for PlatformAgent[MixinPlatformAgentDefault:SecureJarResource(gameplay_sculptor)]
[2510月2025 17:37:03.959] [main/DEBUG] [mixin/]: Adding mixin platform agents for container SecureJarResource(jade)
[2510月2025 17:37:03.959] [main/DEBUG] [mixin/]: Instancing new MixinPlatformAgentMinecraftForge for SecureJarResource(jade)
[2510月2025 17:37:03.959] [main/DEBUG] [mixin/]: MixinPlatformAgentMinecraftForge rejected container SecureJarResource(jade)
[2510月2025 17:37:03.959] [main/DEBUG] [mixin/]: Instancing new MixinPlatformAgentDefault for SecureJarResource(jade)
[2510月2025 17:37:03.959] [main/DEBUG] [mixin/]: MixinPlatformAgentDefault accepted container SecureJarResource(jade)
[2510月2025 17:37:03.959] [main/DEBUG] [mixin/]: Processing prepare() for PlatformAgent[MixinPlatformAgentDefault:SecureJarResource(jade)]
[2510月2025 17:37:03.959] [main/DEBUG] [mixin/]: Registering mixin config: jade.mixins.json
[2510月2025 17:37:03.960] [main/DEBUG] [mixin/]: Compatibility level JAVA_16 specified by jade.mixins.json is higher than the maximum level supported by this version of mixin (JAVA_13).
[2510月2025 17:37:03.960] [main/DEBUG] [mixin/]: Adding mixin platform agents for container SecureJarResource(geckolib)
[2510月2025 17:37:03.960] [main/DEBUG] [mixin/]: Instancing new MixinPlatformAgentMinecraftForge for SecureJarResource(geckolib)
[2510月2025 17:37:03.960] [main/DEBUG] [mixin/]: MixinPlatformAgentMinecraftForge rejected container SecureJarResource(geckolib)
[2510月2025 17:37:03.960] [main/DEBUG] [mixin/]: Instancing new MixinPlatformAgentDefault for SecureJarResource(geckolib)
[2510月2025 17:37:03.960] [main/DEBUG] [mixin/]: MixinPlatformAgentDefault accepted container SecureJarResource(geckolib)
[2510月2025 17:37:03.960] [main/DEBUG] [mixin/]: Processing prepare() for PlatformAgent[MixinPlatformAgentDefault:SecureJarResource(geckolib)]
[2510月2025 17:37:03.960] [main/DEBUG] [mixin/]: Registering mixin config: geckolib.mixins.json
[2510月2025 17:37:03.961] [main/DEBUG] [mixin/]: Adding mixin platform agents for container SecureJarResource(born_in_chaos_v1)
[2510月2025 17:37:03.961] [main/DEBUG] [mixin/]: Instancing new MixinPlatformAgentMinecraftForge for SecureJarResource(born_in_chaos_v1)
[2510月2025 17:37:03.961] [main/DEBUG] [mixin/]: MixinPlatformAgentMinecraftForge rejected container SecureJarResource(born_in_chaos_v1)
[2510月2025 17:37:03.961] [main/DEBUG] [mixin/]: Instancing new MixinPlatformAgentDefault for SecureJarResource(born_in_chaos_v1)
[2510月2025 17:37:03.961] [main/DEBUG] [mixin/]: MixinPlatformAgentDefault accepted container SecureJarResource(born_in_chaos_v1)
[2510月2025 17:37:03.961] [main/DEBUG] [mixin/]: Processing prepare() for PlatformAgent[MixinPlatformAgentDefault:SecureJarResource(born_in_chaos_v1)]
[2510月2025 17:37:03.961] [main/DEBUG] [mixin/]: Adding mixin platform agents for container SecureJarResource(curios)
[2510月2025 17:37:03.961] [main/DEBUG] [mixin/]: Instancing new MixinPlatformAgentMinecraftForge for SecureJarResource(curios)
[2510月2025 17:37:03.961] [main/DEBUG] [mixin/]: MixinPlatformAgentMinecraftForge rejected container SecureJarResource(curios)
[2510月2025 17:37:03.961] [main/DEBUG] [mixin/]: Instancing new MixinPlatformAgentDefault for SecureJarResource(curios)
[2510月2025 17:37:03.961] [main/DEBUG] [mixin/]: MixinPlatformAgentDefault accepted container SecureJarResource(curios)
[2510月2025 17:37:03.961] [main/DEBUG] [mixin/]: Processing prepare() for PlatformAgent[MixinPlatformAgentDefault:SecureJarResource(curios)]
[2510月2025 17:37:03.961] [main/DEBUG] [mixin/]: Registering mixin config: curios.mixins.json
[2510月2025 17:37:03.962] [main/DEBUG] [mixin/]: Adding mixin platform agents for container SecureJarResource(invtweaks)
[2510月2025 17:37:03.962] [main/DEBUG] [mixin/]: Instancing new MixinPlatformAgentMinecraftForge for SecureJarResource(invtweaks)
[2510月2025 17:37:03.962] [main/DEBUG] [mixin/]: MixinPlatformAgentMinecraftForge rejected container SecureJarResource(invtweaks)
[2510月2025 17:37:03.962] [main/DEBUG] [mixin/]: Instancing new MixinPlatformAgentDefault for SecureJarResource(invtweaks)
[2510月2025 17:37:03.962] [main/DEBUG] [mixin/]: MixinPlatformAgentDefault accepted container SecureJarResource(invtweaks)
[2510月2025 17:37:03.962] [main/DEBUG] [mixin/]: Processing prepare() for PlatformAgent[MixinPlatformAgentDefault:SecureJarResource(invtweaks)]
[2510月2025 17:37:03.962] [main/DEBUG] [mixin/]: Adding mixin platform agents for container SecureJarResource(bhc)
[2510月2025 17:37:03.962] [main/DEBUG] [mixin/]: Instancing new MixinPlatformAgentMinecraftForge for SecureJarResource(bhc)
[2510月2025 17:37:03.962] [main/DEBUG] [mixin/]: MixinPlatformAgentMinecraftForge rejected container SecureJarResource(bhc)
[2510月2025 17:37:03.962] [main/DEBUG] [mixin/]: Instancing new MixinPlatformAgentDefault for SecureJarResource(bhc)
[2510月2025 17:37:03.962] [main/DEBUG] [mixin/]: MixinPlatformAgentDefault accepted container SecureJarResource(bhc)
[2510月2025 17:37:03.962] [main/DEBUG] [mixin/]: Processing prepare() for PlatformAgent[MixinPlatformAgentDefault:SecureJarResource(bhc)]
[2510月2025 17:37:03.962] [main/DEBUG] [mixin/]: Adding mixin platform agents for container SecureJarResource(placebo)
[2510月2025 17:37:03.962] [main/DEBUG] [mixin/]: Instancing new MixinPlatformAgentMinecraftForge for SecureJarResource(placebo)
[2510月2025 17:37:03.962] [main/DEBUG] [mixin/]: MixinPlatformAgentMinecraftForge rejected container SecureJarResource(placebo)
[2510月2025 17:37:03.962] [main/DEBUG] [mixin/]: Instancing new MixinPlatformAgentDefault for SecureJarResource(placebo)
[2510月2025 17:37:03.962] [main/DEBUG] [mixin/]: MixinPlatformAgentDefault accepted container SecureJarResource(placebo)
[2510月2025 17:37:03.962] [main/DEBUG] [mixin/]: Processing prepare() for PlatformAgent[MixinPlatformAgentDefault:SecureJarResource(placebo)]
[2510月2025 17:37:03.962] [main/DEBUG] [mixin/]: Registering mixin config: placebo.mixins.json
[2510月2025 17:37:03.963] [main/DEBUG] [mixin/]: Adding mixin platform agents for container SecureJarResource(modernfix)
[2510月2025 17:37:03.963] [main/DEBUG] [mixin/]: Instancing new MixinPlatformAgentMinecraftForge for SecureJarResource(modernfix)
[2510月2025 17:37:03.963] [main/DEBUG] [mixin/]: MixinPlatformAgentMinecraftForge rejected container SecureJarResource(modernfix)
[2510月2025 17:37:03.963] [main/DEBUG] [mixin/]: Instancing new MixinPlatformAgentDefault for SecureJarResource(modernfix)
[2510月2025 17:37:03.963] [main/DEBUG] [mixin/]: MixinPlatformAgentDefault accepted container SecureJarResource(modernfix)
[2510月2025 17:37:03.963] [main/DEBUG] [mixin/]: Processing prepare() for PlatformAgent[MixinPlatformAgentDefault:SecureJarResource(modernfix)]
[2510月2025 17:37:03.963] [main/DEBUG] [mixin/]: Registering mixin config: modernfix-common.mixins.json
[2510月2025 17:37:03.964] [main/DEBUG] [mixin/]: Registering mixin config: modernfix-forge.mixins.json
[2510月2025 17:37:03.964] [main/DEBUG] [mixin/]: Adding mixin platform agents for container SecureJarResource(attributeslib)
[2510月2025 17:37:03.965] [main/DEBUG] [mixin/]: Instancing new MixinPlatformAgentMinecraftForge for SecureJarResource(attributeslib)
[2510月2025 17:37:03.965] [main/DEBUG] [mixin/]: MixinPlatformAgentMinecraftForge rejected container SecureJarResource(attributeslib)
[2510月2025 17:37:03.965] [main/DEBUG] [mixin/]: Instancing new MixinPlatformAgentDefault for SecureJarResource(attributeslib)
[2510月2025 17:37:03.965] [main/DEBUG] [mixin/]: MixinPlatformAgentDefault accepted container SecureJarResource(attributeslib)
[2510月2025 17:37:03.965] [main/DEBUG] [mixin/]: Processing prepare() for PlatformAgent[MixinPlatformAgentDefault:SecureJarResource(attributeslib)]
[2510月2025 17:37:03.965] [main/DEBUG] [mixin/]: Registering mixin config: attributeslib.mixins.json
[2510月2025 17:37:03.966] [main/DEBUG] [mixin/]: Adding mixin platform agents for container SecureJarResource(configured)
[2510月2025 17:37:03.966] [main/DEBUG] [mixin/]: Instancing new MixinPlatformAgentMinecraftForge for SecureJarResource(configured)
[2510月2025 17:37:03.966] [main/DEBUG] [mixin/]: MixinPlatformAgentMinecraftForge rejected container SecureJarResource(configured)
[2510月2025 17:37:03.966] [main/DEBUG] [mixin/]: Instancing new MixinPlatformAgentDefault for SecureJarResource(configured)
[2510月2025 17:37:03.966] [main/DEBUG] [mixin/]: MixinPlatformAgentDefault accepted container SecureJarResource(configured)
[2510月2025 17:37:03.966] [main/DEBUG] [mixin/]: Processing prepare() for PlatformAgent[MixinPlatformAgentDefault:SecureJarResource(configured)]
[2510月2025 17:37:03.966] [main/DEBUG] [mixin/]: Registering mixin config: configured.common.mixins.json
[2510月2025 17:37:03.967] [main/DEBUG] [mixin/]: Adding mixin platform agents for container SecureJarResource(mixinextras)
[2510月2025 17:37:03.967] [main/DEBUG] [mixin/]: Instancing new MixinPlatformAgentMinecraftForge for SecureJarResource(mixinextras)
[2510月2025 17:37:03.967] [main/DEBUG] [mixin/]: MixinPlatformAgentMinecraftForge rejected container SecureJarResource(mixinextras)
[2510月2025 17:37:03.967] [main/DEBUG] [mixin/]: Instancing new MixinPlatformAgentDefault for SecureJarResource(mixinextras)
[2510月2025 17:37:03.967] [main/DEBUG] [mixin/]: MixinPlatformAgentDefault accepted container SecureJarResource(mixinextras)
[2510月2025 17:37:03.967] [main/DEBUG] [mixin/]: Processing prepare() for PlatformAgent[MixinPlatformAgentDefault:SecureJarResource(mixinextras)]
[2510月2025 17:37:03.967] [main/DEBUG] [mixin/]: Registering mixin config: mixinextras.init.mixins.json
[2510月2025 17:37:03.967] [main/DEBUG] [mixin/]: Adding mixin platform agents for container SecureJarResource(itemzoom)
[2510月2025 17:37:03.967] [main/DEBUG] [mixin/]: Instancing new MixinPlatformAgentMinecraftForge for SecureJarResource(itemzoom)
[2510月2025 17:37:03.967] [main/DEBUG] [mixin/]: MixinPlatformAgentMinecraftForge rejected container SecureJarResource(itemzoom)
[2510月2025 17:37:03.967] [main/DEBUG] [mixin/]: Instancing new MixinPlatformAgentDefault for SecureJarResource(itemzoom)
[2510月2025 17:37:03.967] [main/DEBUG] [mixin/]: MixinPlatformAgentDefault accepted container SecureJarResource(itemzoom)
[2510月2025 17:37:03.967] [main/DEBUG] [mixin/]: Processing prepare() for PlatformAgent[MixinPlatformAgentDefault:SecureJarResource(itemzoom)]
[2510月2025 17:37:03.967] [main/DEBUG] [mixin/]: Adding mixin platform agents for container SecureJarResource(modernui)
[2510月2025 17:37:03.967] [main/DEBUG] [mixin/]: Instancing new MixinPlatformAgentMinecraftForge for SecureJarResource(modernui)
[2510月2025 17:37:03.967] [main/DEBUG] [mixin/]: MixinPlatformAgentMinecraftForge rejected container SecureJarResource(modernui)
[2510月2025 17:37:03.967] [main/DEBUG] [mixin/]: Instancing new MixinPlatformAgentDefault for SecureJarResource(modernui)
[2510月2025 17:37:03.967] [main/DEBUG] [mixin/]: MixinPlatformAgentDefault accepted container SecureJarResource(modernui)
[2510月2025 17:37:03.967] [main/DEBUG] [mixin/]: Processing prepare() for PlatformAgent[MixinPlatformAgentDefault:SecureJarResource(modernui)]
[2510月2025 17:37:03.967] [main/DEBUG] [mixin/]: Registering mixin config: mixins.modernui-forge.json
[2510月2025 17:37:03.968] [main/DEBUG] [mixin/]: Registering mixin config: mixins.modernui-textmc.json
[2510月2025 17:37:03.968] [main/DEBUG] [mixin/]: Adding mixin platform agents for container SecureJarResource(forge)
[2510月2025 17:37:03.968] [main/DEBUG] [mixin/]: Instancing new MixinPlatformAgentMinecraftForge for SecureJarResource(forge)
[2510月2025 17:37:03.968] [main/DEBUG] [mixin/]: MixinPlatformAgentMinecraftForge rejected container SecureJarResource(forge)
[2510月2025 17:37:03.968] [main/DEBUG] [mixin/]: Instancing new MixinPlatformAgentDefault for SecureJarResource(forge)
[2510月2025 17:37:03.968] [main/DEBUG] [mixin/]: MixinPlatformAgentDefault accepted container SecureJarResource(forge)
[2510月2025 17:37:03.968] [main/DEBUG] [mixin/]: Processing prepare() for PlatformAgent[MixinPlatformAgentDefault:SecureJarResource(forge)]
[2510月2025 17:37:03.968] [main/DEBUG] [mixin/]: Adding mixin platform agents for container SecureJarResource(dummmmmmy)
[2510月2025 17:37:03.968] [main/DEBUG] [mixin/]: Instancing new MixinPlatformAgentMinecraftForge for SecureJarResource(dummmmmmy)
[2510月2025 17:37:03.968] [main/DEBUG] [mixin/]: MixinPlatformAgentMinecraftForge rejected container SecureJarResource(dummmmmmy)
[2510月2025 17:37:03.968] [main/DEBUG] [mixin/]: Instancing new MixinPlatformAgentDefault for SecureJarResource(dummmmmmy)
[2510月2025 17:37:03.969] [main/DEBUG] [mixin/]: MixinPlatformAgentDefault accepted container SecureJarResource(dummmmmmy)
[2510月2025 17:37:03.969] [main/DEBUG] [mixin/]: Processing prepare() for PlatformAgent[MixinPlatformAgentDefault:SecureJarResource(dummmmmmy)]
[2510月2025 17:37:03.969] [main/DEBUG] [mixin/]: Registering mixin config: dummmmmmy-common.mixins.json
[2510月2025 17:37:03.969] [main/DEBUG] [mixin/]: Registering mixin config: dummmmmmy.mixins.json
[2510月2025 17:37:03.969] [main/DEBUG] [mixin/]: Compatibility level JAVA_16 specified by dummmmmmy.mixins.json is higher than the maximum level supported by this version of mixin (JAVA_13).
[2510月2025 17:37:03.969] [main/DEBUG] [mixin/]: Adding mixin platform agents for container SecureJarResource(mclib)
[2510月2025 17:37:03.969] [main/DEBUG] [mixin/]: Instancing new MixinPlatformAgentMinecraftForge for SecureJarResource(mclib)
[2510月2025 17:37:03.969] [main/DEBUG] [mixin/]: MixinPlatformAgentMinecraftForge rejected container SecureJarResource(mclib)
[2510月2025 17:37:03.970] [main/DEBUG] [mixin/]: Instancing new MixinPlatformAgentDefault for SecureJarResource(mclib)
[2510月2025 17:37:03.970] [main/DEBUG] [mixin/]: MixinPlatformAgentDefault accepted container SecureJarResource(mclib)
[2510月2025 17:37:03.970] [main/DEBUG] [mixin/]: Processing prepare() for PlatformAgent[MixinPlatformAgentDefault:SecureJarResource(mclib)]
[2510月2025 17:37:03.970] [main/DEBUG] [mixin/]: Adding mixin platform agents for container SecureJarResource(flexmark.util.html)
[2510月2025 17:37:03.970] [main/DEBUG] [mixin/]: Instancing new MixinPlatformAgentMinecraftForge for SecureJarResource(flexmark.util.html)
[2510月2025 17:37:03.970] [main/DEBUG] [mixin/]: MixinPlatformAgentMinecraftForge rejected container SecureJarResource(flexmark.util.html)
[2510月2025 17:37:03.970] [main/DEBUG] [mixin/]: Instancing new MixinPlatformAgentDefault for SecureJarResource(flexmark.util.html)
[2510月2025 17:37:03.970] [main/DEBUG] [mixin/]: MixinPlatformAgentDefault accepted container SecureJarResource(flexmark.util.html)
[2510月2025 17:37:03.970] [main/DEBUG] [mixin/]: Processing prepare() for PlatformAgent[MixinPlatformAgentDefault:SecureJarResource(flexmark.util.html)]
[2510月2025 17:37:03.970] [main/DEBUG] [mixin/]: Adding mixin platform agents for container SecureJarResource(flexmark)
[2510月2025 17:37:03.970] [main/DEBUG] [mixin/]: Instancing new MixinPlatformAgentMinecraftForge for SecureJarResource(flexmark)
[2510月2025 17:37:03.970] [main/DEBUG] [mixin/]: MixinPlatformAgentMinecraftForge rejected container SecureJarResource(flexmark)
[2510月2025 17:37:03.970] [main/DEBUG] [mixin/]: Instancing new MixinPlatformAgentDefault for SecureJarResource(flexmark)
[2510月2025 17:37:03.970] [main/DEBUG] [mixin/]: MixinPlatformAgentDefault accepted container SecureJarResource(flexmark)
[2510月2025 17:37:03.970] [main/DEBUG] [mixin/]: Processing prepare() for PlatformAgent[MixinPlatformAgentDefault:SecureJarResource(flexmark)]
[2510月2025 17:37:03.970] [main/DEBUG] [mixin/]: Adding mixin platform agents for container SecureJarResource(flexmark.util.data)
[2510月2025 17:37:03.970] [main/DEBUG] [mixin/]: Instancing new MixinPlatformAgentMinecraftForge for SecureJarResource(flexmark.util.data)
[2510月2025 17:37:03.970] [main/DEBUG] [mixin/]: MixinPlatformAgentMinecraftForge rejected container SecureJarResource(flexmark.util.data)
[2510月2025 17:37:03.970] [main/DEBUG] [mixin/]: Instancing new MixinPlatformAgentDefault for SecureJarResource(flexmark.util.data)
[2510月2025 17:37:03.970] [main/DEBUG] [mixin/]: MixinPlatformAgentDefault accepted container SecureJarResource(flexmark.util.data)
[2510月2025 17:37:03.970] [main/DEBUG] [mixin/]: Processing prepare() for PlatformAgent[MixinPlatformAgentDefault:SecureJarResource(flexmark.util.data)]
[2510月2025 17:37:03.970] [main/DEBUG] [mixin/]: Adding mixin platform agents for container SecureJarResource(flexmark.util.collection)
[2510月2025 17:37:03.970] [main/DEBUG] [mixin/]: Instancing new MixinPlatformAgentMinecraftForge for SecureJarResource(flexmark.util.collection)
[2510月2025 17:37:03.970] [main/DEBUG] [mixin/]: MixinPlatformAgentMinecraftForge rejected container SecureJarResource(flexmark.util.collection)
[2510月2025 17:37:03.970] [main/DEBUG] [mixin/]: Instancing new MixinPlatformAgentDefault for SecureJarResource(flexmark.util.collection)
[2510月2025 17:37:03.970] [main/DEBUG] [mixin/]: MixinPlatformAgentDefault accepted container SecureJarResource(flexmark.util.collection)
[2510月2025 17:37:03.970] [main/DEBUG] [mixin/]: Processing prepare() for PlatformAgent[MixinPlatformAgentDefault:SecureJarResource(flexmark.util.collection)]
[2510月2025 17:37:03.970] [main/DEBUG] [mixin/]: Adding mixin platform agents for container SecureJarResource(flexmark.util.visitor)
[2510月2025 17:37:03.970] [main/DEBUG] [mixin/]: Instancing new MixinPlatformAgentMinecraftForge for SecureJarResource(flexmark.util.visitor)
[2510月2025 17:37:03.970] [main/DEBUG] [mixin/]: MixinPlatformAgentMinecraftForge rejected container SecureJarResource(flexmark.util.visitor)
[2510月2025 17:37:03.970] [main/DEBUG] [mixin/]: Instancing new MixinPlatformAgentDefault for SecureJarResource(flexmark.util.visitor)
[2510月2025 17:37:03.970] [main/DEBUG] [mixin/]: MixinPlatformAgentDefault accepted container SecureJarResource(flexmark.util.visitor)
[2510月2025 17:37:03.970] [main/DEBUG] [mixin/]: Processing prepare() for PlatformAgent[MixinPlatformAgentDefault:SecureJarResource(flexmark.util.visitor)]
[2510月2025 17:37:03.970] [main/DEBUG] [mixin/]: Adding mixin platform agents for container SecureJarResource(flexmark.util.misc)
[2510月2025 17:37:03.970] [main/DEBUG] [mixin/]: Instancing new MixinPlatformAgentMinecraftForge for SecureJarResource(flexmark.util.misc)
[2510月2025 17:37:03.970] [main/DEBUG] [mixin/]: MixinPlatformAgentMinecraftForge rejected container SecureJarResource(flexmark.util.misc)
[2510月2025 17:37:03.970] [main/DEBUG] [mixin/]: Instancing new MixinPlatformAgentDefault for SecureJarResource(flexmark.util.misc)
[2510月2025 17:37:03.970] [main/DEBUG] [mixin/]: MixinPlatformAgentDefault accepted container SecureJarResource(flexmark.util.misc)
[2510月2025 17:37:03.970] [main/DEBUG] [mixin/]: Processing prepare() for PlatformAgent[MixinPlatformAgentDefault:SecureJarResource(flexmark.util.misc)]
[2510月2025 17:37:03.970] [main/DEBUG] [mixin/]: Adding mixin platform agents for container SecureJarResource(flexmark.util.ast)
[2510月2025 17:37:03.970] [main/DEBUG] [mixin/]: Instancing new MixinPlatformAgentMinecraftForge for SecureJarResource(flexmark.util.ast)
[2510月2025 17:37:03.970] [main/DEBUG] [mixin/]: MixinPlatformAgentMinecraftForge rejected container SecureJarResource(flexmark.util.ast)
[2510月2025 17:37:03.970] [main/DEBUG] [mixin/]: Instancing new MixinPlatformAgentDefault for SecureJarResource(flexmark.util.ast)
[2510月2025 17:37:03.970] [main/DEBUG] [mixin/]: MixinPlatformAgentDefault accepted container SecureJarResource(flexmark.util.ast)
[2510月2025 17:37:03.970] [main/DEBUG] [mixin/]: Processing prepare() for PlatformAgent[MixinPlatformAgentDefault:SecureJarResource(flexmark.util.ast)]
[2510月2025 17:37:03.970] [main/DEBUG] [mixin/]: Adding mixin platform agents for container SecureJarResource(flexmark.util.format)
[2510月2025 17:37:03.970] [main/DEBUG] [mixin/]: Instancing new MixinPlatformAgentMinecraftForge for SecureJarResource(flexmark.util.format)
[2510月2025 17:37:03.970] [main/DEBUG] [mixin/]: MixinPlatformAgentMinecraftForge rejected container SecureJarResource(flexmark.util.format)
[2510月2025 17:37:03.970] [main/DEBUG] [mixin/]: Instancing new MixinPlatformAgentDefault for SecureJarResource(flexmark.util.format)
[2510月2025 17:37:03.970] [main/DEBUG] [mixin/]: MixinPlatformAgentDefault accepted container SecureJarResource(flexmark.util.format)
[2510月2025 17:37:03.970] [main/DEBUG] [mixin/]: Processing prepare() for PlatformAgent[MixinPlatformAgentDefault:SecureJarResource(flexmark.util.format)]
[2510月2025 17:37:03.970] [main/DEBUG] [mixin/]: Adding mixin platform agents for container SecureJarResource(flexmark.util.sequence)
[2510月2025 17:37:03.970] [main/DEBUG] [mixin/]: Instancing new MixinPlatformAgentMinecraftForge for SecureJarResource(flexmark.util.sequence)
[2510月2025 17:37:03.970] [main/DEBUG] [mixin/]: MixinPlatformAgentMinecraftForge rejected container SecureJarResource(flexmark.util.sequence)
[2510月2025 17:37:03.970] [main/DEBUG] [mixin/]: Instancing new MixinPlatformAgentDefault for SecureJarResource(flexmark.util.sequence)
[2510月2025 17:37:03.970] [main/DEBUG] [mixin/]: MixinPlatformAgentDefault accepted container SecureJarResource(flexmark.util.sequence)
[2510月2025 17:37:03.970] [main/DEBUG] [mixin/]: Processing prepare() for PlatformAgent[MixinPlatformAgentDefault:SecureJarResource(flexmark.util.sequence)]
[2510月2025 17:37:03.970] [main/DEBUG] [mixin/]: Adding mixin platform agents for container SecureJarResource(flexmark.util.dependency)
[2510月2025 17:37:03.970] [main/DEBUG] [mixin/]: Instancing new MixinPlatformAgentMinecraftForge for SecureJarResource(flexmark.util.dependency)
[2510月2025 17:37:03.970] [main/DEBUG] [mixin/]: MixinPlatformAgentMinecraftForge rejected container SecureJarResource(flexmark.util.dependency)
[2510月2025 17:37:03.970] [main/DEBUG] [mixin/]: Instancing new MixinPlatformAgentDefault for SecureJarResource(flexmark.util.dependency)
[2510月2025 17:37:03.970] [main/DEBUG] [mixin/]: MixinPlatformAgentDefault accepted container SecureJarResource(flexmark.util.dependency)
[2510月2025 17:37:03.970] [main/DEBUG] [mixin/]: Processing prepare() for PlatformAgent[MixinPlatformAgentDefault:SecureJarResource(flexmark.util.dependency)]
[2510月2025 17:37:03.970] [main/DEBUG] [mixin/]: Adding mixin platform agents for container SecureJarResource(com.github.benmanes.caffeine)
[2510月2025 17:37:03.970] [main/DEBUG] [mixin/]: Instancing new MixinPlatformAgentMinecraftForge for SecureJarResource(com.github.benmanes.caffeine)
[2510月2025 17:37:03.970] [main/DEBUG] [mixin/]: MixinPlatformAgentMinecraftForge rejected container SecureJarResource(com.github.benmanes.caffeine)
[2510月2025 17:37:03.970] [main/DEBUG] [mixin/]: Instancing new MixinPlatformAgentDefault for SecureJarResource(com.github.benmanes.caffeine)
[2510月2025 17:37:03.970] [main/DEBUG] [mixin/]: MixinPlatformAgentDefault accepted container SecureJarResource(com.github.benmanes.caffeine)
[2510月2025 17:37:03.970] [main/DEBUG] [mixin/]: Processing prepare() for PlatformAgent[MixinPlatformAgentDefault:SecureJarResource(com.github.benmanes.caffeine)]
[2510月2025 17:37:03.970] [main/DEBUG] [mixin/]: Adding mixin platform agents for container SecureJarResource(MixinExtras)
[2510月2025 17:37:03.970] [main/DEBUG] [mixin/]: Instancing new MixinPlatformAgentMinecraftForge for SecureJarResource(MixinExtras)
[2510月2025 17:37:03.970] [main/DEBUG] [mixin/]: MixinPlatformAgentMinecraftForge rejected container SecureJarResource(MixinExtras)
[2510月2025 17:37:03.970] [main/DEBUG] [mixin/]: Instancing new MixinPlatformAgentDefault for SecureJarResource(MixinExtras)
[2510月2025 17:37:03.970] [main/DEBUG] [mixin/]: MixinPlatformAgentDefault accepted container SecureJarResource(MixinExtras)
[2510月2025 17:37:03.970] [main/DEBUG] [mixin/]: Processing prepare() for PlatformAgent[MixinPlatformAgentDefault:SecureJarResource(MixinExtras)]
[2510月2025 17:37:03.970] [main/DEBUG] [mixin/]: Adding mixin platform agents for container SecureJarResource(flexmark.util.builder)
[2510月2025 17:37:03.970] [main/DEBUG] [mixin/]: Instancing new MixinPlatformAgentMinecraftForge for SecureJarResource(flexmark.util.builder)
[2510月2025 17:37:03.971] [main/DEBUG] [mixin/]: MixinPlatformAgentMinecraftForge rejected container SecureJarResource(flexmark.util.builder)
[2510月2025 17:37:03.971] [main/DEBUG] [mixin/]: Instancing new MixinPlatformAgentDefault for SecureJarResource(flexmark.util.builder)
[2510月2025 17:37:03.971] [main/DEBUG] [mixin/]: MixinPlatformAgentDefault accepted container SecureJarResource(flexmark.util.builder)
[2510月2025 17:37:03.971] [main/DEBUG] [mixin/]: Processing prepare() for PlatformAgent[MixinPlatformAgentDefault:SecureJarResource(flexmark.util.builder)]
[2510月2025 17:37:03.971] [main/DEBUG] [mixin/]: inject() running with 35 agents
[2510月2025 17:37:03.971] [main/DEBUG] [mixin/]: Processing inject() for PlatformAgent[MixinPlatformAgentDefault:ModLauncher Root Container(ModLauncher:4f56a0a2)]
[2510月2025 17:37:03.971] [main/DEBUG] [mixin/]: Processing inject() for PlatformAgent[MixinPlatformAgentDefault:SecureJarResource(emi)]
[2510月2025 17:37:03.971] [main/DEBUG] [mixin/]: Processing inject() for PlatformAgent[MixinPlatformAgentDefault:SecureJarResource(minecraft)]
[2510月2025 17:37:03.971] [main/DEBUG] [mixin/]: Processing inject() for PlatformAgent[MixinPlatformAgentDefault:SecureJarResource(damage_number)]
[2510月2025 17:37:03.971] [main/DEBUG] [mixin/]: Processing inject() for PlatformAgent[MixinPlatformAgentDefault:SecureJarResource(moonlight)]
[2510月2025 17:37:03.971] [main/DEBUG] [mixin/]: Processing inject() for PlatformAgent[MixinPlatformAgentDefault:SecureJarResource(gameplay_sculptor)]
[2510月2025 17:37:03.971] [main/DEBUG] [mixin/]: Processing inject() for PlatformAgent[MixinPlatformAgentDefault:SecureJarResource(jade)]
[2510月2025 17:37:03.971] [main/DEBUG] [mixin/]: Processing inject() for PlatformAgent[MixinPlatformAgentDefault:SecureJarResource(geckolib)]
[2510月2025 17:37:03.971] [main/DEBUG] [mixin/]: Processing inject() for PlatformAgent[MixinPlatformAgentDefault:SecureJarResource(born_in_chaos_v1)]
[2510月2025 17:37:03.971] [main/DEBUG] [mixin/]: Processing inject() for PlatformAgent[MixinPlatformAgentDefault:SecureJarResource(curios)]
[2510月2025 17:37:03.971] [main/DEBUG] [mixin/]: Processing inject() for PlatformAgent[MixinPlatformAgentDefault:SecureJarResource(invtweaks)]
[2510月2025 17:37:03.971] [main/DEBUG] [mixin/]: Processing inject() for PlatformAgent[MixinPlatformAgentDefault:SecureJarResource(bhc)]
[2510月2025 17:37:03.971] [main/DEBUG] [mixin/]: Processing inject() for PlatformAgent[MixinPlatformAgentDefault:SecureJarResource(placebo)]
[2510月2025 17:37:03.971] [main/DEBUG] [mixin/]: Processing inject() for PlatformAgent[MixinPlatformAgentDefault:SecureJarResource(modernfix)]
[2510月2025 17:37:03.971] [main/DEBUG] [mixin/]: Processing inject() for PlatformAgent[MixinPlatformAgentDefault:SecureJarResource(attributeslib)]
[2510月2025 17:37:03.971] [main/DEBUG] [mixin/]: Processing inject() for PlatformAgent[MixinPlatformAgentDefault:SecureJarResource(configured)]
[2510月2025 17:37:03.971] [main/DEBUG] [mixin/]: Processing inject() for PlatformAgent[MixinPlatformAgentDefault:SecureJarResource(mixinextras)]
[2510月2025 17:37:03.971] [main/DEBUG] [mixin/]: Processing inject() for PlatformAgent[MixinPlatformAgentDefault:SecureJarResource(itemzoom)]
[2510月2025 17:37:03.971] [main/DEBUG] [mixin/]: Processing inject() for PlatformAgent[MixinPlatformAgentDefault:SecureJarResource(modernui)]
[2510月2025 17:37:03.971] [main/DEBUG] [mixin/]: Processing inject() for PlatformAgent[MixinPlatformAgentDefault:SecureJarResource(forge)]
[2510月2025 17:37:03.971] [main/DEBUG] [mixin/]: Processing inject() for PlatformAgent[MixinPlatformAgentDefault:SecureJarResource(dummmmmmy)]
[2510月2025 17:37:03.971] [main/DEBUG] [mixin/]: Processing inject() for PlatformAgent[MixinPlatformAgentDefault:SecureJarResource(mclib)]
[2510月2025 17:37:03.971] [main/DEBUG] [mixin/]: Processing inject() for PlatformAgent[MixinPlatformAgentDefault:SecureJarResource(flexmark.util.html)]
[2510月2025 17:37:03.971] [main/DEBUG] [mixin/]: Processing inject() for PlatformAgent[MixinPlatformAgentDefault:SecureJarResource(flexmark)]
[2510月2025 17:37:03.971] [main/DEBUG] [mixin/]: Processing inject() for PlatformAgent[MixinPlatformAgentDefault:SecureJarResource(flexmark.util.data)]
[2510月2025 17:37:03.971] [main/DEBUG] [mixin/]: Processing inject() for PlatformAgent[MixinPlatformAgentDefault:SecureJarResource(flexmark.util.collection)]
[2510月2025 17:37:03.971] [main/DEBUG] [mixin/]: Processing inject() for PlatformAgent[MixinPlatformAgentDefault:SecureJarResource(flexmark.util.visitor)]
[2510月2025 17:37:03.971] [main/DEBUG] [mixin/]: Processing inject() for PlatformAgent[MixinPlatformAgentDefault:SecureJarResource(flexmark.util.misc)]
[2510月2025 17:37:03.971] [main/DEBUG] [mixin/]: Processing inject() for PlatformAgent[MixinPlatformAgentDefault:SecureJarResource(flexmark.util.ast)]
[2510月2025 17:37:03.971] [main/DEBUG] [mixin/]: Processing inject() for PlatformAgent[MixinPlatformAgentDefault:SecureJarResource(flexmark.util.format)]
[2510月2025 17:37:03.971] [main/DEBUG] [mixin/]: Processing inject() for PlatformAgent[MixinPlatformAgentDefault:SecureJarResource(flexmark.util.sequence)]
[2510月2025 17:37:03.971] [main/DEBUG] [mixin/]: Processing inject() for PlatformAgent[MixinPlatformAgentDefault:SecureJarResource(flexmark.util.dependency)]
[2510月2025 17:37:03.971] [main/DEBUG] [mixin/]: Processing inject() for PlatformAgent[MixinPlatformAgentDefault:SecureJarResource(com.github.benmanes.caffeine)]
[2510月2025 17:37:03.971] [main/DEBUG] [mixin/]: Processing inject() for PlatformAgent[MixinPlatformAgentDefault:SecureJarResource(MixinExtras)]
[2510月2025 17:37:03.971] [main/DEBUG] [mixin/]: Processing inject() for PlatformAgent[MixinPlatformAgentDefault:SecureJarResource(flexmark.util.builder)]
[2510月2025 17:37:03.971] [main/INFO] [cpw.mods.modlauncher.LaunchServiceHandler/MODLAUNCHER]: Launching target 'forgeclientuserdev' with arguments [--version, MOD_DEV, --gameDir, ., --assetsDir, C:\Users\Administrator\.gradle\caches\forge_gradle\assets, --assetIndex, 5]
[2510月2025 17:37:04.018] [main/DEBUG] [mixin/]: Error cleaning class output directory: .mixin.out
[2510月2025 17:37:04.018] [main/DEBUG] [mixin/]: Preparing mixins for MixinEnvironment[DEFAULT]
[2510月2025 17:37:04.019] [main/DEBUG] [mixin/]: Selecting config gameplay_sculptor.mixins.json
[2510月2025 17:37:04.020] [main/WARN] [mixin/]: Reference map 'gameplay_sculptor.refmap.json' for gameplay_sculptor.mixins.json could not be read. If this is a development environment you can ignore this message
[2510月2025 17:37:04.021] [main/DEBUG] [mixin/]: Selecting config emi.mixins.json
[2510月2025 17:37:04.106] [main/INFO] [mixin/]: Remapping refMap emi-xplat-refmap.json using E:\yuanchu\Gameplay Sculptor\build\createSrgToMcp\output.srg
[2510月2025 17:37:04.106] [main/DEBUG] [mixin/]: Selecting config emi-forge.mixins.json
[2510月2025 17:37:04.106] [main/WARN] [mixin/]: Reference map 'emi-forge-refmap.json' for emi-forge.mixins.json could not be read. If this is a development environment you can ignore this message
[2510月2025 17:37:04.106] [main/DEBUG] [mixin/]: Selecting config moonlight-common.mixins.json
[2510月2025 17:37:04.108] [main/INFO] [mixin/]: Remapping refMap moonlight-common-refmap.json using E:\yuanchu\Gameplay Sculptor\build\createSrgToMcp\output.srg
[2510月2025 17:37:04.109] [main/DEBUG] [mixin/]: Selecting config moonlight.mixins.json
[2510月2025 17:37:04.109] [main/INFO] [mixin/]: Remapping refMap moonlight-forge-refmap.json using E:\yuanchu\Gameplay Sculptor\build\createSrgToMcp\output.srg
[2510月2025 17:37:04.109] [main/DEBUG] [mixin/]: Selecting config jade.mixins.json
[2510月2025 17:37:04.109] [main/INFO] [mixin/]: Remapping refMap jade.refmap.json using E:\yuanchu\Gameplay Sculptor\build\createSrgToMcp\output.srg
[2510月2025 17:37:04.109] [main/DEBUG] [mixin/]: Selecting config geckolib.mixins.json
[2510月2025 17:37:04.110] [main/INFO] [mixin/]: Remapping refMap geckolib.refmap.json using E:\yuanchu\Gameplay Sculptor\build\createSrgToMcp\output.srg
[2510月2025 17:37:04.110] [main/DEBUG] [mixin/]: Selecting config curios.mixins.json
[2510月2025 17:37:04.110] [main/INFO] [mixin/]: Remapping refMap curios.refmap.json using E:\yuanchu\Gameplay Sculptor\build\createSrgToMcp\output.srg
[2510月2025 17:37:04.110] [main/DEBUG] [mixin/]: Selecting config placebo.mixins.json
[2510月2025 17:37:04.110] [main/INFO] [mixin/]: Remapping refMap placebo.refmap.json using E:\yuanchu\Gameplay Sculptor\build\createSrgToMcp\output.srg
[2510月2025 17:37:04.110] [main/DEBUG] [mixin/]: Selecting config modernfix-common.mixins.json
[2510月2025 17:37:04.150] [main/INFO] [ModernFix/]: Loaded configuration file for ModernFix 5.24.4+mc1.20.1: 97 options available, 0 override(s) found
[2510月2025 17:37:04.150] [main/INFO] [ModernFix/]: Applying Nashorn fix
[2510月2025 17:37:04.158] [main/INFO] [ModernFix/]: Applied Forge config corruption patch
[2510月2025 17:37:04.160] [main/INFO] [mixin/]: Remapping refMap modernfix-common-common-refmap.json using E:\yuanchu\Gameplay Sculptor\build\createSrgToMcp\output.srg
[2510月2025 17:37:04.161] [main/DEBUG] [mixin/]: Selecting config modernfix-forge.mixins.json
[2510月2025 17:37:04.161] [main/INFO] [mixin/]: Remapping refMap modernfix-forge-forge-refmap.json using E:\yuanchu\Gameplay Sculptor\build\createSrgToMcp\output.srg
[2510月2025 17:37:04.161] [main/DEBUG] [mixin/]: Selecting config attributeslib.mixins.json
[2510月2025 17:37:04.162] [main/INFO] [mixin/]: Remapping refMap attributeslib.refmap.json using E:\yuanchu\Gameplay Sculptor\build\createSrgToMcp\output.srg
[2510月2025 17:37:04.162] [main/DEBUG] [mixin/]: Selecting config configured.common.mixins.json
[2510月2025 17:37:04.162] [main/INFO] [mixin/]: Remapping refMap configured.refmap.json using E:\yuanchu\Gameplay Sculptor\build\createSrgToMcp\output.srg
[2510月2025 17:37:04.162] [main/DEBUG] [mixin/]: Selecting config mixinextras.init.mixins.json
[2510月2025 17:37:04.181] [main/DEBUG] [MixinExtras|Service/]: com.llamalad7.mixinextras.service.MixinExtrasServiceImpl(version=0.4.1) is taking over from null
[2510月2025 17:37:04.198] [main/DEBUG] [mixin/]: Registering new injector for @Inject with org.spongepowered.asm.mixin.injection.struct.CallbackInjectionInfo
[2510月2025 17:37:04.199] [main/DEBUG] [mixin/]: Registering new injector for @ModifyArg with org.spongepowered.asm.mixin.injection.struct.ModifyArgInjectionInfo
[2510月2025 17:37:04.199] [main/DEBUG] [mixin/]: Registering new injector for @ModifyArgs with org.spongepowered.asm.mixin.injection.struct.ModifyArgsInjectionInfo
[2510月2025 17:37:04.200] [main/DEBUG] [mixin/]: Registering new injector for @Redirect with org.spongepowered.asm.mixin.injection.struct.RedirectInjectionInfo
[2510月2025 17:37:04.200] [main/DEBUG] [mixin/]: Registering new injector for @ModifyVariable with org.spongepowered.asm.mixin.injection.struct.ModifyVariableInjectionInfo
[2510月2025 17:37:04.201] [main/DEBUG] [mixin/]: Registering new injector for @ModifyConstant with org.spongepowered.asm.mixin.injection.struct.ModifyConstantInjectionInfo
[2510月2025 17:37:04.206] [main/DEBUG] [mixin/]: Selecting config mixins.modernui-forge.json
[2510月2025 17:37:04.229] [main/INFO] [mixin/]: Remapping refMap ModernUI-Forge-ModernUI-Forge-refmap.json using E:\yuanchu\Gameplay Sculptor\build\createSrgToMcp\output.srg
[2510月2025 17:37:04.229] [main/DEBUG] [mixin/]: Selecting config mixins.modernui-textmc.json
[2510月2025 17:37:04.230] [main/INFO] [mixin/]: Remapping refMap ModernUI-Forge-ModernUI-Forge-refmap.json using E:\yuanchu\Gameplay Sculptor\build\createSrgToMcp\output.srg
[2510月2025 17:37:04.230] [main/DEBUG] [mixin/]: Selecting config dummmmmmy-common.mixins.json
[2510月2025 17:37:04.230] [main/INFO] [mixin/]: Remapping refMap dummmmmmy-common-refmap.json using E:\yuanchu\Gameplay Sculptor\build\createSrgToMcp\output.srg
[2510月2025 17:37:04.230] [main/DEBUG] [mixin/]: Selecting config dummmmmmy.mixins.json
[2510月2025 17:37:04.231] [main/DEBUG] [mixin/]: Preparing gameplay_sculptor.mixins.json (0)
[2510月2025 17:37:04.231] [main/DEBUG] [mixin/]: Preparing emi.mixins.json (24)
[2510月2025 17:37:04.266] [main/WARN] [mixin/]: Error loading class: mezz/jei/library/load/PluginCaller (java.lang.ClassNotFoundException: mezz.jei.library.load.PluginCaller)
[2510月2025 17:37:04.266] [main/DEBUG] [mixin/]: Skipping virtual target mezz.jei.library.load.PluginCaller for emi.mixins.json:jei.PluginCallerMixin
[2510月2025 17:37:04.268] [main/DEBUG] [net.minecraftforge.coremod.transformer.CoreModBaseTransformer/COREMOD]: Transforming renderEffects with desc (Lnet/minecraft/client/gui/GuiGraphics;II)V
[2510月2025 17:37:04.279] [main/INFO] [net.minecraftforge.coremod.CoreMod.attributeslib/COREMODLOG]: Patching EffectRenderingInventoryScreen#renderEffects
[2510月2025 17:37:04.313] [main/DEBUG] [net.minecraftforge.coremod.transformer.CoreModBaseTransformer/COREMOD]: Transforming net/minecraft/world/item/ItemStack
[2510月2025 17:37:04.321] [main/DEBUG] [net.minecraftforge.coremod.transformer.CoreModBaseTransformer/COREMOD]: Transforming getEnchantmentLevel with desc (Lnet/minecraft/world/item/enchantment/Enchantment;)I
[2510月2025 17:37:04.324] [main/INFO] [net.minecraftforge.coremod.CoreMod.placebo/COREMODLOG]: Patching IForgeItemStack#getEnchantmentLevel
[2510月2025 17:37:04.326] [main/DEBUG] [net.minecraftforge.coremod.transformer.CoreModBaseTransformer/COREMOD]: Transforming getAllEnchantments with desc ()Ljava/util/Map;
[2510月2025 17:37:04.329] [main/INFO] [net.minecraftforge.coremod.CoreMod.placebo/COREMODLOG]: Patching IForgeItemStack#getEnchantmentLevel
[2510月2025 17:37:04.344] [main/DEBUG] [mixin/]: Preparing emi-forge.mixins.json (0)
[2510月2025 17:37:04.344] [main/DEBUG] [mixin/]: Preparing moonlight-common.mixins.json (33)
[2510月2025 17:37:04.377] [main/DEBUG] [net.minecraftforge.coremod.transformer.CoreModBaseTransformer/COREMOD]: Transforming net/minecraft/world/entity/npc/Villager
[2510月2025 17:37:04.468] [main/DEBUG] [mixin/]: Preparing moonlight.mixins.json (11)
[2510月2025 17:37:04.473] [main/DEBUG] [mixin/]: Preparing jade.mixins.json (3)
[2510月2025 17:37:04.477] [main/DEBUG] [mixin/]: Preparing geckolib.mixins.json (1)
[2510月2025 17:37:04.477] [main/DEBUG] [mixin/]: Preparing curios.mixins.json (13)
[2510月2025 17:37:04.496] [main/DEBUG] [mixin/]: Preparing placebo.mixins.json (6)
[2510月2025 17:37:04.501] [main/DEBUG] [mixin/]: Preparing modernfix-common.mixins.json (109)
[2510月2025 17:37:04.543] [main/DEBUG] [net.minecraftforge.coremod.transformer.CoreModBaseTransformer/COREMOD]: Transforming net/minecraft/world/level/biome/Biome
[2510月2025 17:37:04.579] [main/DEBUG] [mixin/]: Preparing modernfix-forge.mixins.json (60)
[2510月2025 17:37:04.626] [main/DEBUG] [mixin/]: Preparing attributeslib.mixins.json (17)
[2510月2025 17:37:04.634] [main/DEBUG] [mixin/]: Preparing configured.common.mixins.json (2)
[2510月2025 17:37:04.636] [main/DEBUG] [mixin/]: Preparing mixinextras.init.mixins.json (0)
[2510月2025 17:37:04.636] [main/DEBUG] [mixin/]: Preparing mixins.modernui-forge.json (22)
[2510月2025 17:37:04.648] [main/DEBUG] [mixin/]: Preparing mixins.modernui-textmc.json (13)
[2510月2025 17:37:04.659] [main/DEBUG] [mixin/]: Preparing dummmmmmy-common.mixins.json (5)
[2510月2025 17:37:04.660] [main/DEBUG] [mixin/]: Preparing dummmmmmy.mixins.json (0)
[2510月2025 17:37:04.672] [main/DEBUG] [mixin/]: Inner class net/mehvahdjukaar/moonlight/core/mixins/forge/ItemMixin$1 in net/mehvahdjukaar/moonlight/core/mixins/forge/ItemMixin on net/minecraft/world/item/Item gets unique name net/minecraft/world/item/Item$Anonymous$81284a28974c465f8ab0d4b2efc589d1
[2510月2025 17:37:04.687] [main/DEBUG] [mixin/]: Prepared 267 mixins in 0.668 sec (2.5ms avg) (0ms load, 0ms transform, 0ms plugin)
[2510月2025 17:37:04.692] [main/INFO] [MixinExtras|Service/]: Initializing MixinExtras via com.llamalad7.mixinextras.service.MixinExtrasServiceImpl(version=0.4.1).
[2510月2025 17:37:04.693] [main/DEBUG] [mixin/]: Registering new injector for @SugarWrapper with com.llamalad7.mixinextras.sugar.impl.SugarWrapperInjectionInfo
[2510月2025 17:37:04.693] [main/DEBUG] [mixin/]: Registering new injector for @FactoryRedirectWrapper with com.llamalad7.mixinextras.wrapper.factory.FactoryRedirectWrapperInjectionInfo
[2510月2025 17:37:04.696] [main/DEBUG] [mixin/]: Mixing accessor.DrawContextAccessor from emi.mixins.json into net.minecraft.client.gui.GuiGraphics
[2510月2025 17:37:04.722] [main/DEBUG] [mixin/]: Mixing DrawContextMixin from emi.mixins.json into net.minecraft.client.gui.GuiGraphics
[2510月2025 17:37:04.764] [main/DEBUG] [mixin/]: Mixing MixinMinecraft from mixins.modernui-forge.json into net.minecraft.client.Minecraft
[2510月2025 17:37:04.774] [main/DEBUG] [mixin/]: Mixing MinecraftClientMixin from emi.mixins.json into net.minecraft.client.Minecraft
[2510月2025 17:37:04.774] [main/DEBUG] [mixin/]: Renaming synthetic method lambda$reloadResources$0()V to md27bff4$lambda$reloadResources$0$0 in emi.mixins.json:MinecraftClientMixin
[2510月2025 17:37:04.780] [main/DEBUG] [mixin/]: Mixing MinecraftMixin from moonlight-common.mixins.json into net.minecraft.client.Minecraft
[2510月2025 17:37:04.784] [main/DEBUG] [mixin/]: Mixing bugfix.concurrency.MinecraftMixin from modernfix-common.mixins.json into net.minecraft.client.Minecraft
[2510月2025 17:37:04.786] [main/DEBUG] [mixin/]: Mixing bugfix.world_leaks.MinecraftMixin from modernfix-common.mixins.json into net.minecraft.client.Minecraft
[2510月2025 17:37:04.789] [main/DEBUG] [mixin/]: Mixing feature.measure_time.MinecraftMixin from modernfix-common.mixins.json into net.minecraft.client.Minecraft
[2510月2025 17:37:04.790] [main/DEBUG] [mixin/]: Mixing perf.dedicated_reload_executor.MinecraftMixin from modernfix-common.mixins.json into net.minecraft.client.Minecraft
[2510月2025 17:37:04.791] [main/DEBUG] [mixin/]: Mixing perf.blast_search_trees.MinecraftMixin from modernfix-common.mixins.json into net.minecraft.client.Minecraft
[2510月2025 17:37:04.791] [main/DEBUG] [mixin/]: Renaming synthetic method lambda$replaceSearchTrees$2(Lorg/embeddedt/modernfix/searchtree/SearchTreeProviderRegistry$Provider;Ljava/util/List;)Lnet/minecraft/client/searchtree/RefreshableSearchTree; to md27bff4$lambda$replaceSearchTrees$2$1 in modernfix-common.mixins.json:perf.blast_search_trees.MinecraftMixin
[2510月2025 17:37:04.791] [main/DEBUG] [mixin/]: Renaming synthetic method lambda$replaceSearchTrees$1(Lorg/embeddedt/modernfix/searchtree/SearchTreeProviderRegistry$Provider;Ljava/util/List;)Lnet/minecraft/client/searchtree/RefreshableSearchTree; to md27bff4$lambda$replaceSearchTrees$1$2 in modernfix-common.mixins.json:perf.blast_search_trees.MinecraftMixin
[2510月2025 17:37:04.791] [main/DEBUG] [mixin/]: Renaming synthetic method lambda$replaceSearchTrees$0(Lorg/embeddedt/modernfix/searchtree/SearchTreeProviderRegistry$Provider;Ljava/util/List;)Lnet/minecraft/client/searchtree/RefreshableSearchTree; to md27bff4$lambda$replaceSearchTrees$0$3 in modernfix-common.mixins.json:perf.blast_search_trees.MinecraftMixin
[2510月2025 17:37:04.794] [main/DEBUG] [mixin/]: Mixing devenv.MinecraftMixin from modernfix-common.mixins.json into net.minecraft.client.Minecraft
[2510月2025 17:37:04.795] [main/DEBUG] [mixin/]: Mixing feature.measure_time.MinecraftMixin_Forge from modernfix-forge.mixins.json into net.minecraft.client.Minecraft
[2510月2025 17:37:04.795] [main/DEBUG] [mixin/]: Mixing feature.remove_telemetry.MinecraftMixin_Telemetry from modernfix-common.mixins.json into net.minecraft.client.Minecraft
[2510月2025 17:37:04.991] [main/DEBUG] [mixin/]: Mixing perf.tag_id_caching.TagOrElementLocationMixin from modernfix-forge.mixins.json into net.minecraft.util.ExtraCodecs$TagOrElementLocation
[2510月2025 17:37:05.014] [main/DEBUG] [io.netty.util.internal.logging.InternalLoggerFactory/]: Using SLF4J as the default logging framework
[2510月2025 17:37:05.016] [main/DEBUG] [io.netty.util.ResourceLeakDetector/]: -Dio.netty.leakDetection.level: simple
[2510月2025 17:37:05.017] [main/DEBUG] [io.netty.util.ResourceLeakDetector/]: -Dio.netty.leakDetection.targetRecords: 4
[2510月2025 17:37:05.025] [main/DEBUG] [mixin/]: Mixing MixinChatFormatting from mixins.modernui-forge.json into net.minecraft.ChatFormatting
[2510月2025 17:37:05.047] [main/DEBUG] [mixin/]: Mixing perf.dynamic_dfu.DataFixTypesMixin from modernfix-common.mixins.json into net.minecraft.util.datafix.DataFixTypes
[2510月2025 17:37:05.059] [main/DEBUG] [mixin/]: Mixing perf.thread_priorities.UtilMixin from modernfix-common.mixins.json into net.minecraft.Util
[2510月2025 17:37:05.060] [main/DEBUG] [mixin/]: Renaming synthetic method lambda$adjustPriorityOfThreadFactory$0(Ljava/util/concurrent/ForkJoinPool$ForkJoinWorkerThreadFactory;Ljava/util/concurrent/ForkJoinPool;)Ljava/util/concurrent/ForkJoinWorkerThread; to md27bff4$lambda$adjustPriorityOfThreadFactory$0$0 in modernfix-common.mixins.json:perf.thread_priorities.UtilMixin
[2510月2025 17:37:05.091] [main/DEBUG] [oshi.util.FileUtil/]: No oshi.properties file found from ClassLoader cpw.mods.modlauncher.TransformingClassLoader@7a687d8d
[2510月2025 17:37:05.219] [main/DEBUG] [oshi.util.FileUtil/]: No oshi.architecture.properties file found from ClassLoader cpw.mods.modlauncher.TransformingClassLoader@7a687d8d
[2510月2025 17:37:05.482] [main/DEBUG] [mixin/]: Mixing feature.measure_time.BootstrapMixin from modernfix-common.mixins.json into net.minecraft.server.Bootstrap
[2510月2025 17:37:05.483] [main/DEBUG] [mixin/]: Mixing core.BootstrapMixin from modernfix-forge.mixins.json into net.minecraft.server.Bootstrap
[2510月2025 17:37:05.484] [main/DEBUG] [mixin/]: Mixing core.BootstrapClientMixin from modernfix-forge.mixins.json into net.minecraft.server.Bootstrap
[2510月2025 17:37:05.494] [pool-4-thread-1/INFO] [net.minecraft.server.Bootstrap/]: ModernFix reached bootstrap stage (4.973 s after launch)
[2510月2025 17:37:05.497] [pool-4-thread-1/DEBUG] [mixin/]: Mixing bugfix.concurrency.MappedRegistryMixin from modernfix-common.mixins.json into net.minecraft.core.MappedRegistry
[2510月2025 17:37:05.498] [pool-4-thread-1/DEBUG] [mixin/]: Mixing perf.compact_mojang_registries.MappedRegistryMixin from modernfix-common.mixins.json into net.minecraft.core.MappedRegistry
[2510月2025 17:37:05.499] [pool-4-thread-1/DEBUG] [mixin/]: Mixing perf.mojang_registry_size.MappedRegistryMixin from modernfix-common.mixins.json into net.minecraft.core.MappedRegistry
[2510月2025 17:37:05.510] [pool-4-thread-1/DEBUG] [mixin/]: Mixing perf.mojang_registry_size.ResourceKeyMixin from modernfix-common.mixins.json into net.minecraft.resources.ResourceKey
[2510月2025 17:37:05.510] [pool-4-thread-1/DEBUG] [mixin/]: Renaming synthetic method lambda$createEfficient$0(Lnet/minecraft/resources/ResourceLocation;)Ljava/util/Map; to md27bff4$lambda$createEfficient$0$0 in modernfix-common.mixins.json:perf.mojang_registry_size.ResourceKeyMixin
[2510月2025 17:37:05.525] [pool-4-thread-1/DEBUG] [mixin/]: Mixing perf.reduce_blockstate_cache_rebuilds.GameDataMixin from modernfix-forge.mixins.json into net.minecraftforge.registries.GameData
[2510月2025 17:37:05.525] [pool-4-thread-1/DEBUG] [mixin/]: Mixing devenv.GameDataMixin from modernfix-forge.mixins.json into net.minecraftforge.registries.GameData
[2510月2025 17:37:05.540] [pool-4-thread-1/DEBUG] [mixin/]: Mixing perf.fast_registry_validation.ForgeRegistryMixin from modernfix-forge.mixins.json into net.minecraftforge.registries.ForgeRegistry
[2510月2025 17:37:05.540] [pool-4-thread-1/DEBUG] [mixin/]: Mixing perf.forge_registry_alloc.ForgeRegistryMixin from modernfix-forge.mixins.json into net.minecraftforge.registries.ForgeRegistry
[2510月2025 17:37:05.543] [pool-4-thread-1/WARN] [mixin/]: @Final field delegatesByName:Ljava/util/Map; in modernfix-forge.mixins.json:perf.forge_registry_alloc.ForgeRegistryMixin should be final
[2510月2025 17:37:05.543] [pool-4-thread-1/WARN] [mixin/]: @Final field delegatesByValue:Ljava/util/Map; in modernfix-forge.mixins.json:perf.forge_registry_alloc.ForgeRegistryMixin should be final
[2510月2025 17:37:05.561] [pool-4-thread-1/DEBUG] [mixin/]: Mixing perf.reduce_blockstate_cache_rebuilds.BlockCallbacksMixin from modernfix-forge.mixins.json into net.minecraftforge.registries.GameData$BlockCallbacks
[2510月2025 17:37:05.567] [pool-4-thread-1/DEBUG] [mixin/]: Mixing perf.forge_registry_alloc.DelegateHolderMixin from modernfix-forge.mixins.json into net.minecraft.world.level.block.Block
[2510月2025 17:37:05.573] [pool-4-thread-1/DEBUG] [mixin/]: Mixing bugfix.chunk_deadlock.BlockStateBaseMixin from modernfix-common.mixins.json into net.minecraft.world.level.block.state.BlockBehaviour$BlockStateBase
[2510月2025 17:37:05.573] [pool-4-thread-1/DEBUG] [mixin/]: Mixing perf.reduce_blockstate_cache_rebuilds.BlockStateBaseMixin from modernfix-common.mixins.json into net.minecraft.world.level.block.state.BlockBehaviour$BlockStateBase
[2510月2025 17:37:05.589] [pool-4-thread-1/DEBUG] [mixin/]: Mixing perf.mojang_registry_size.StateHolderMixin from modernfix-common.mixins.json into net.minecraft.world.level.block.state.StateHolder
[2510月2025 17:37:05.595] [pool-4-thread-1/DEBUG] [mixin/]: Mixing perf.model_optimizations.PropertyMixin from modernfix-common.mixins.json into net.minecraft.world.level.block.state.properties.Property
[2510月2025 17:37:05.600] [pool-4-thread-1/DEBUG] [mixin/]: Mixing perf.model_optimizations.BooleanPropertyMixin from modernfix-common.mixins.json into net.minecraft.world.level.block.state.properties.BooleanProperty
[2510月2025 17:37:05.608] [pool-4-thread-1/DEBUG] [mixin/]: Mixing AccessorEntity from curios.mixins.json into net.minecraft.world.entity.Entity
[2510月2025 17:37:05.611] [pool-4-thread-1/DEBUG] [mixin/]: Mixing bugfix.chunk_deadlock.EntityMixin from modernfix-common.mixins.json into net.minecraft.world.entity.Entity
[2510月2025 17:37:05.611] [pool-4-thread-1/DEBUG] [mixin/]: Mixing perf.remove_spawn_chunks.EntityMixin from modernfix-common.mixins.json into net.minecraft.world.entity.Entity
[2510月2025 17:37:05.615] [pool-4-thread-1/DEBUG] [mixin/]: Mixing EntityMixin from attributeslib.mixins.json into net.minecraft.world.entity.Entity
[2510月2025 17:37:05.639] [pool-4-thread-1/DEBUG] [mixin/]: Mixing IForgeEntityMixin from attributeslib.mixins.json into net.minecraftforge.common.extensions.IForgeEntity
[2510月2025 17:37:05.644] [pool-4-thread-1/DEBUG] [mixin/]: Mixing MixinLivingEntity from curios.mixins.json into net.minecraft.world.entity.LivingEntity
[2510月2025 17:37:05.644] [pool-4-thread-1/DEBUG] [mixin/]: Mixing perf.forge_cap_retrieval.LivingEntityMixin from modernfix-forge.mixins.json into net.minecraft.world.entity.LivingEntity
[2510月2025 17:37:05.644] [pool-4-thread-1/DEBUG] [mixin/]: Mixing LivingEntityMixin from attributeslib.mixins.json into net.minecraft.world.entity.LivingEntity
[2510月2025 17:37:05.645] [pool-4-thread-1/DEBUG] [net.minecraftforge.coremod.transformer.CoreModBaseTransformer/COREMOD]: Transforming net/minecraft/world/effect/MobEffectInstance
[2510月2025 17:37:05.648] [pool-4-thread-1/DEBUG] [mixin/]: Mixing LivingEntityMixin from dummmmmmy-common.mixins.json into net.minecraft.world.entity.LivingEntity
[2510月2025 17:37:05.650] [pool-4-thread-1/DEBUG] [net.minecraftforge.coremod.transformer.CoreModBaseTransformer/COREMOD]: Transforming net/minecraft/world/entity/EntityType
[2510月2025 17:37:05.722] [pool-4-thread-1/DEBUG] [mixin/]: Mixing PlayerMixin from attributeslib.mixins.json into net.minecraft.world.entity.player.Player
[2510月2025 17:37:05.723] [pool-4-thread-1/DEBUG] [mixin/]: Mixing PlayerMixin from dummmmmmy-common.mixins.json into net.minecraft.world.entity.player.Player
[2510月2025 17:37:05.752] [pool-4-thread-1/DEBUG] [mixin/]: Mixing bugfix.chunk_deadlock.ServerLevelMixin from modernfix-common.mixins.json into net.minecraft.server.level.ServerLevel
[2510月2025 17:37:05.753] [pool-4-thread-1/DEBUG] [mixin/]: Mixing perf.faster_structure_location.ServerLevelMixin from modernfix-common.mixins.json into net.minecraft.server.level.ServerLevel
[2510月2025 17:37:05.753] [pool-4-thread-1/DEBUG] [mixin/]: Mixing perf.remove_spawn_chunks.ServerLevelMixin from modernfix-common.mixins.json into net.minecraft.server.level.ServerLevel
[2510月2025 17:37:05.753] [pool-4-thread-1/DEBUG] [mixin/]: Mixing perf.cache_strongholds.ServerLevelMixin from modernfix-common.mixins.json into net.minecraft.server.level.ServerLevel
[2510月2025 17:37:05.793] [pool-4-thread-1/DEBUG] [mixin/]: Mixing bugfix.concurrency.ForgeRegistryTagManagerMixin from modernfix-forge.mixins.json into net.minecraftforge.registries.ForgeRegistryTagManager
[2510月2025 17:37:05.801] [pool-4-thread-1/DEBUG] [mixin/]: Mixing bugfix.concurrency.NamespacedWrapperMixin from modernfix-forge.mixins.json into net.minecraftforge.registries.NamespacedWrapper
[2510月2025 17:37:05.802] [pool-4-thread-1/DEBUG] [mixin/]: Mixing perf.fast_forge_dummies.NamespacedHolderHelperMixin from modernfix-forge.mixins.json into net.minecraftforge.registries.NamespacedWrapper
[2510月2025 17:37:05.815] [pool-4-thread-1/DEBUG] [mixin/]: Mixing ItemMixin from moonlight-common.mixins.json into net.minecraft.world.item.Item
[2510月2025 17:37:05.816] [pool-4-thread-1/DEBUG] [mixin/]: Mixing ItemMixin from moonlight.mixins.json into net.minecraft.world.item.Item
[2510月2025 17:37:05.816] [pool-4-thread-1/DEBUG] [mixin/]: Mixing perf.forge_registry_alloc.DelegateHolderMixin from modernfix-forge.mixins.json into net.minecraft.world.item.Item
[2510月2025 17:37:05.824] [pool-4-thread-1/DEBUG] [mixin/]: Mixing IForgeItemMixin from attributeslib.mixins.json into net.minecraftforge.common.extensions.IForgeItem
[2510月2025 17:37:05.828] [pool-4-thread-1/DEBUG] [net.minecraftforge.coremod.transformer.CoreModBaseTransformer/COREMOD]: Transforming net/minecraft/world/entity/EntityType
[2510月2025 17:37:05.864] [pool-4-thread-1/DEBUG] [mixin/]: Mixing perf.dynamic_dfu.BlockEntityTypeMixin from modernfix-common.mixins.json into net.minecraft.world.level.block.entity.BlockEntityType
[2510月2025 17:37:05.877] [pool-4-thread-1/DEBUG] [mixin/]: Mixing AttributeMixin from attributeslib.mixins.json into net.minecraft.world.entity.ai.attributes.Attribute
[2510月2025 17:37:05.898] [pool-4-thread-1/DEBUG] [mixin/]: Mixing perf.memoize_creative_tab_build.CreativeModeTabMixin from modernfix-common.mixins.json into net.minecraft.world.item.CreativeModeTab
[2510月2025 17:37:05.904] [pool-4-thread-1/DEBUG] [mixin/]: Mixing FireBlockMixin from moonlight.mixins.json into net.minecraft.world.level.block.FireBlock
[2510月2025 17:37:05.964] [pool-4-thread-1/DEBUG] [mixin/]: Mixing perf.reduce_blockstate_cache_rebuilds.BlocksMixin from modernfix-common.mixins.json into net.minecraft.world.level.block.Blocks
[2510月2025 17:37:05.964] [pool-4-thread-1/DEBUG] [mixin/]: Renaming synthetic method lambda$getEmptyConsumer$0(Ljava/lang/Object;)V to md27bff4$lambda$getEmptyConsumer$0$0 in modernfix-common.mixins.json:perf.reduce_blockstate_cache_rebuilds.BlocksMixin
[2510月2025 17:37:05.981] [pool-4-thread-1/DEBUG] [net.minecraftforge.coremod.transformer.CoreModBaseTransformer/COREMOD]: Transforming net/minecraft/world/level/block/LiquidBlock
[2510月2025 17:37:05.986] [pool-4-thread-1/DEBUG] [mixin/]: Mixing accessor.DispenserBlockAccessor from moonlight-common.mixins.json into net.minecraft.world.level.block.DispenserBlock
[2510月2025 17:37:05.987] [pool-4-thread-1/DEBUG] [mixin/]: Renaming @Accessor method getDispenserRegistry()Ljava/util/Map; to getDispenserRegistry_$md$27bff4$0 in moonlight-common.mixins.json:accessor.DispenserBlockAccessor
[2510月2025 17:37:05.997] [pool-4-thread-1/DEBUG] [net.minecraftforge.coremod.transformer.CoreModBaseTransformer/COREMOD]: Transforming net/minecraft/world/level/block/StairBlock
[2510月2025 17:37:06.025] [pool-4-thread-1/DEBUG] [mixin/]: Mixing perf.deduplicate_wall_shapes.WallBlockMixin from modernfix-common.mixins.json into net.minecraft.world.level.block.WallBlock
[2510月2025 17:37:06.032] [pool-4-thread-1/DEBUG] [net.minecraftforge.coremod.transformer.CoreModBaseTransformer/COREMOD]: Transforming net/minecraft/world/level/block/FlowerPotBlock
[2510月2025 17:37:06.037] [pool-4-thread-1/DEBUG] [mixin/]: Mixing AnvilBlockMixin from placebo.mixins.json into net.minecraft.world.level.block.AnvilBlock
[2510月2025 17:37:06.067] [pool-4-thread-1/DEBUG] [mixin/]: Mixing MixinPowderSnowBlock from curios.mixins.json into net.minecraft.world.level.block.PowderSnowBlock
[2510月2025 17:37:06.109] [pool-4-thread-1/INFO] [net.minecraft.server.Bootstrap/]: Vanilla bootstrap took 614 milliseconds
[2510月2025 17:37:06.115] [pool-4-thread-1/DEBUG] [io.netty.util.internal.PlatformDependent0/]: -Dio.netty.noUnsafe: false
[2510月2025 17:37:06.115] [pool-4-thread-1/DEBUG] [io.netty.util.internal.PlatformDependent0/]: Java version: 17
[2510月2025 17:37:06.116] [pool-4-thread-1/DEBUG] [io.netty.util.internal.PlatformDependent0/]: sun.misc.Unsafe.theUnsafe: available
[2510月2025 17:37:06.116] [pool-4-thread-1/DEBUG] [io.netty.util.internal.PlatformDependent0/]: sun.misc.Unsafe.copyMemory: available
[2510月2025 17:37:06.116] [pool-4-thread-1/DEBUG] [io.netty.util.internal.PlatformDependent0/]: sun.misc.Unsafe.storeFence: available
[2510月2025 17:37:06.116] [pool-4-thread-1/DEBUG] [io.netty.util.internal.PlatformDependent0/]: java.nio.Buffer.address: available
[2510月2025 17:37:06.116] [pool-4-thread-1/DEBUG] [io.netty.util.internal.PlatformDependent0/]: direct buffer constructor: unavailable
java.lang.UnsupportedOperationException: Reflective setAccessible(true) disabled
	at io.netty.util.internal.ReflectionUtil.trySetAccessible(ReflectionUtil.java:31) ~[netty-common-4.1.82.Final.jar%23151!/:4.1.82.Final]
	at io.netty.util.internal.PlatformDependent0$5.run(PlatformDependent0.java:288) ~[netty-common-4.1.82.Final.jar%23151!/:4.1.82.Final]
	at java.security.AccessController.doPrivileged(AccessController.java:318) ~[?:?]
	at io.netty.util.internal.PlatformDependent0.<clinit>(PlatformDependent0.java:282) ~[netty-common-4.1.82.Final.jar%23151!/:4.1.82.Final]
	at io.netty.util.internal.PlatformDependent.isAndroid(PlatformDependent.java:333) ~[netty-common-4.1.82.Final.jar%23151!/:4.1.82.Final]
	at io.netty.util.internal.PlatformDependent.<clinit>(PlatformDependent.java:88) ~[netty-common-4.1.82.Final.jar%23151!/:4.1.82.Final]
	at io.netty.util.ConstantPool.<init>(ConstantPool.java:34) ~[netty-common-4.1.82.Final.jar%23151!/:4.1.82.Final]
	at io.netty.util.AttributeKey$1.<init>(AttributeKey.java:27) ~[netty-common-4.1.82.Final.jar%23151!/:4.1.82.Final]
	at io.netty.util.AttributeKey.<clinit>(AttributeKey.java:27) ~[netty-common-4.1.82.Final.jar%23151!/:4.1.82.Final]
	at net.minecraftforge.network.NetworkConstants.<clinit>(NetworkConstants.java:34) ~[forge-1.20.1-47.4.10_mapped_official_1.20.1.jar%23190%23197!/:?]
	at net.minecraft.server.Bootstrap.handler$zin000$doClassloadHack(Bootstrap.java:1034) ~[forge-1.20.1-47.4.10_mapped_official_1.20.1.jar%23191!/:?]
	at net.minecraft.server.Bootstrap.bootStrap(Bootstrap.java:69) ~[forge-1.20.1-47.4.10_mapped_official_1.20.1.jar%23191!/:?]
	at net.minecraftforge.registries.ForgeRegistries.init(ForgeRegistries.java:212) ~[forge-1.20.1-47.4.10_mapped_official_1.20.1.jar%23190%23197!/:?]
	at net.minecraftforge.registries.ForgeRegistries.<clinit>(ForgeRegistries.java:65) ~[forge-1.20.1-47.4.10_mapped_official_1.20.1.jar%23190%23197!/:?]
	at net.minecraft.world.level.block.LiquidBlock.<init>(LiquidBlock.java:53) ~[forge-1.20.1-47.4.10_mapped_official_1.20.1.jar%23191!/:?]
	at net.minecraft.world.level.block.Blocks.<clinit>(Blocks.java:77) ~[forge-1.20.1-47.4.10_mapped_official_1.20.1.jar%23191!/:?]
	at net.minecraft.world.level.block.FireBlock.bootStrap(FireBlock.java:301) ~[forge-1.20.1-47.4.10_mapped_official_1.20.1.jar%23191!/:?]
	at net.minecraft.server.Bootstrap.bootStrap(Bootstrap.java:46) ~[forge-1.20.1-47.4.10_mapped_official_1.20.1.jar%23191!/:?]
	at net.minecraft.client.main.Main.lambda$main$0(Main.java:151) ~[forge-1.20.1-47.4.10_mapped_official_1.20.1.jar%23191!/:?]
	at java.util.concurrent.Executors$RunnableAdapter.call(Executors.java:539) ~[?:?]
	at java.util.concurrent.FutureTask.run(FutureTask.java:264) ~[?:?]
	at java.util.concurrent.ThreadPoolExecutor.runWorker(ThreadPoolExecutor.java:1136) ~[?:?]
	at java.util.concurrent.ThreadPoolExecutor$Worker.run(ThreadPoolExecutor.java:635) ~[?:?]
	at java.lang.Thread.run(Thread.java:833) ~[?:?]
[2510月2025 17:37:06.117] [pool-4-thread-1/DEBUG] [io.netty.util.internal.PlatformDependent0/]: java.nio.Bits.unaligned: available, true
[2510月2025 17:37:06.117] [pool-4-thread-1/DEBUG] [io.netty.util.internal.PlatformDependent0/]: jdk.internal.misc.Unsafe.allocateUninitializedArray(int): unavailable
java.lang.IllegalAccessException: class io.netty.util.internal.PlatformDependent0$7 (in module io.netty.common) cannot access class jdk.internal.misc.Unsafe (in module java.base) because module java.base does not export jdk.internal.misc to module io.netty.common
	at jdk.internal.reflect.Reflection.newIllegalAccessException(Reflection.java:392) ~[?:?]
	at java.lang.reflect.AccessibleObject.checkAccess(AccessibleObject.java:674) ~[?:?]
	at java.lang.reflect.Method.invoke(Method.java:560) ~[?:?]
	at io.netty.util.internal.PlatformDependent0$7.run(PlatformDependent0.java:410) ~[netty-common-4.1.82.Final.jar%23151!/:4.1.82.Final]
	at java.security.AccessController.doPrivileged(AccessController.java:318) ~[?:?]
	at io.netty.util.internal.PlatformDependent0.<clinit>(PlatformDependent0.java:401) ~[netty-common-4.1.82.Final.jar%23151!/:4.1.82.Final]
	at io.netty.util.internal.PlatformDependent.isAndroid(PlatformDependent.java:333) ~[netty-common-4.1.82.Final.jar%23151!/:4.1.82.Final]
	at io.netty.util.internal.PlatformDependent.<clinit>(PlatformDependent.java:88) ~[netty-common-4.1.82.Final.jar%23151!/:4.1.82.Final]
	at io.netty.util.ConstantPool.<init>(ConstantPool.java:34) ~[netty-common-4.1.82.Final.jar%23151!/:4.1.82.Final]
	at io.netty.util.AttributeKey$1.<init>(AttributeKey.java:27) ~[netty-common-4.1.82.Final.jar%23151!/:4.1.82.Final]
	at io.netty.util.AttributeKey.<clinit>(AttributeKey.java:27) ~[netty-common-4.1.82.Final.jar%23151!/:4.1.82.Final]
	at net.minecraftforge.network.NetworkConstants.<clinit>(NetworkConstants.java:34) ~[forge-1.20.1-47.4.10_mapped_official_1.20.1.jar%23190%23197!/:?]
	at net.minecraft.server.Bootstrap.handler$zin000$doClassloadHack(Bootstrap.java:1034) ~[forge-1.20.1-47.4.10_mapped_official_1.20.1.jar%23191!/:?]
	at net.minecraft.server.Bootstrap.bootStrap(Bootstrap.java:69) ~[forge-1.20.1-47.4.10_mapped_official_1.20.1.jar%23191!/:?]
	at net.minecraftforge.registries.ForgeRegistries.init(ForgeRegistries.java:212) ~[forge-1.20.1-47.4.10_mapped_official_1.20.1.jar%23190%23197!/:?]
	at net.minecraftforge.registries.ForgeRegistries.<clinit>(ForgeRegistries.java:65) ~[forge-1.20.1-47.4.10_mapped_official_1.20.1.jar%23190%23197!/:?]
	at net.minecraft.world.level.block.LiquidBlock.<init>(LiquidBlock.java:53) ~[forge-1.20.1-47.4.10_mapped_official_1.20.1.jar%23191!/:?]
	at net.minecraft.world.level.block.Blocks.<clinit>(Blocks.java:77) ~[forge-1.20.1-47.4.10_mapped_official_1.20.1.jar%23191!/:?]
	at net.minecraft.world.level.block.FireBlock.bootStrap(FireBlock.java:301) ~[forge-1.20.1-47.4.10_mapped_official_1.20.1.jar%23191!/:?]
	at net.minecraft.server.Bootstrap.bootStrap(Bootstrap.java:46) ~[forge-1.20.1-47.4.10_mapped_official_1.20.1.jar%23191!/:?]
	at net.minecraft.client.main.Main.lambda$main$0(Main.java:151) ~[forge-1.20.1-47.4.10_mapped_official_1.20.1.jar%23191!/:?]
	at java.util.concurrent.Executors$RunnableAdapter.call(Executors.java:539) ~[?:?]
	at java.util.concurrent.FutureTask.run(FutureTask.java:264) ~[?:?]
	at java.util.concurrent.ThreadPoolExecutor.runWorker(ThreadPoolExecutor.java:1136) ~[?:?]
	at java.util.concurrent.ThreadPoolExecutor$Worker.run(ThreadPoolExecutor.java:635) ~[?:?]
	at java.lang.Thread.run(Thread.java:833) ~[?:?]
[2510月2025 17:37:06.118] [pool-4-thread-1/DEBUG] [io.netty.util.internal.PlatformDependent0/]: java.nio.DirectByteBuffer.<init>(long, int): unavailable
[2510月2025 17:37:06.118] [pool-4-thread-1/DEBUG] [io.netty.util.internal.PlatformDependent/]: sun.misc.Unsafe: available
[2510月2025 17:37:06.118] [pool-4-thread-1/DEBUG] [io.netty.util.internal.PlatformDependent/]: maxDirectMemory: 12784238592 bytes (maybe)
[2510月2025 17:37:06.118] [pool-4-thread-1/DEBUG] [io.netty.util.internal.PlatformDependent/]: -Dio.netty.tmpdir: C:\Users\ADMINI~1\AppData\Local\Temp (java.io.tmpdir)
[2510月2025 17:37:06.118] [pool-4-thread-1/DEBUG] [io.netty.util.internal.PlatformDependent/]: -Dio.netty.bitMode: 64 (sun.arch.data.model)
[2510月2025 17:37:06.119] [pool-4-thread-1/DEBUG] [io.netty.util.internal.PlatformDependent/]: Platform: Windows
[2510月2025 17:37:06.119] [pool-4-thread-1/DEBUG] [io.netty.util.internal.PlatformDependent/]: -Dio.netty.maxDirectMemory: -1 bytes
[2510月2025 17:37:06.119] [pool-4-thread-1/DEBUG] [io.netty.util.internal.PlatformDependent/]: -Dio.netty.uninitializedArrayAllocationThreshold: -1
[2510月2025 17:37:06.119] [pool-4-thread-1/DEBUG] [io.netty.util.internal.CleanerJava9/]: java.nio.ByteBuffer.cleaner(): available
[2510月2025 17:37:06.119] [pool-4-thread-1/DEBUG] [io.netty.util.internal.PlatformDependent/]: -Dio.netty.noPreferDirect: false
[2510月2025 17:37:06.171] [pool-4-thread-1/DEBUG] [mixin/]: Mixing accessor.DispenserBlockEntityAccessor from moonlight-common.mixins.json into net.minecraft.world.level.block.entity.DispenserBlockEntity
[2510月2025 17:37:06.223] [pool-4-thread-1/DEBUG] [mixin/]: Mixing PistonBlockEntityMixin from moonlight-common.mixins.json into net.minecraft.world.level.block.piston.PistonMovingBlockEntity
[2510月2025 17:37:06.300] [pool-4-thread-1/DEBUG] [mixin/]: Mixing AbstractContainerMenuInvoker from placebo.mixins.json into net.minecraft.world.inventory.AbstractContainerMenu
[2510月2025 17:37:06.343] [pool-4-thread-1/DEBUG] [mixin/]: Mixing EntityMixin from moonlight-common.mixins.json into net.minecraft.world.entity.Mob
[2510月2025 17:37:06.391] [pool-4-thread-1/DEBUG] [net.minecraftforge.coremod.transformer.CoreModBaseTransformer/COREMOD]: Transforming net/minecraft/world/item/ItemStack
[2510月2025 17:37:06.391] [pool-4-thread-1/DEBUG] [mixin/]: Mixing ItemStackMixin from placebo.mixins.json into net.minecraft.world.item.ItemStack
[2510月2025 17:37:06.391] [pool-4-thread-1/DEBUG] [mixin/]: Renaming synthetic method lambda$getOrCreate$0(Ljava/util/function/Function;Ljava/util/function/ToIntFunction;Lnet/minecraft/resources/ResourceLocation;)Ldev/shadowsoffire/placebo/util/CachedObject; to md27bff4$lambda$getOrCreate$0$0 in placebo.mixins.json:ItemStackMixin
[2510月2025 17:37:06.393] [pool-4-thread-1/DEBUG] [mixin/]: Mixing ItemStackMixin from attributeslib.mixins.json into net.minecraft.world.item.ItemStack
[2510月2025 17:37:06.394] [pool-4-thread-1/DEBUG] [mixin/]: Mixing ItemStackMixin from emi.mixins.json into net.minecraft.world.item.ItemStack
[2510月2025 17:37:06.395] [pool-4-thread-1/DEBUG] [net.minecraftforge.coremod.transformer.CoreModBaseTransformer/COREMOD]: Transforming getEnchantmentLevel with desc (Lnet/minecraft/world/item/enchantment/Enchantment;)I
[2510月2025 17:37:06.396] [pool-4-thread-1/INFO] [net.minecraftforge.coremod.CoreMod.placebo/COREMODLOG]: Patching IForgeItemStack#getEnchantmentLevel
[2510月2025 17:37:06.397] [pool-4-thread-1/DEBUG] [net.minecraftforge.coremod.transformer.CoreModBaseTransformer/COREMOD]: Transforming getAllEnchantments with desc ()Ljava/util/Map;
[2510月2025 17:37:06.397] [pool-4-thread-1/INFO] [net.minecraftforge.coremod.CoreMod.placebo/COREMODLOG]: Patching IForgeItemStack#getEnchantmentLevel
[2510月2025 17:37:06.424] [pool-4-thread-1/DEBUG] [net.minecraftforge.coremod.transformer.CoreModBaseTransformer/COREMOD]: Transforming getEnchantmentLevel with desc (Lnet/minecraft/world/item/enchantment/Enchantment;)I
[2510月2025 17:37:06.424] [pool-4-thread-1/INFO] [net.minecraftforge.coremod.CoreMod.placebo/COREMODLOG]: Patching IForgeItemStack#getEnchantmentLevel
[2510月2025 17:37:06.424] [pool-4-thread-1/DEBUG] [net.minecraftforge.coremod.transformer.CoreModBaseTransformer/COREMOD]: Transforming getAllEnchantments with desc ()Ljava/util/Map;
[2510月2025 17:37:06.424] [pool-4-thread-1/INFO] [net.minecraftforge.coremod.CoreMod.placebo/COREMODLOG]: Patching IForgeItemStack#getEnchantmentLevel
[2510月2025 17:37:06.573] [pool-4-thread-1/DEBUG] [mixin/]: Mixing LightningEntityMixin from moonlight-common.mixins.json into net.minecraft.world.entity.LightningBolt
[2510月2025 17:37:06.590] [pool-4-thread-1/DEBUG] [net.minecraftforge.coremod.transformer.CoreModBaseTransformer/COREMOD]: Transforming net/minecraft/world/entity/animal/frog/Tadpole
[2510月2025 17:37:06.599] [pool-4-thread-1/DEBUG] [mixin/]: Mixing BlockItemMixin from moonlight-common.mixins.json into net.minecraft.world.item.BlockItem
[2510月2025 17:37:06.612] [pool-4-thread-1/DEBUG] [mixin/]: Mixing SwordItemMixin from dummmmmmy-common.mixins.json into net.minecraft.world.item.SwordItem
[2510月2025 17:37:06.616] [pool-4-thread-1/DEBUG] [mixin/]: Mixing accessor.ShovelItemAccessor from emi.mixins.json into net.minecraft.world.item.ShovelItem
[2510月2025 17:37:06.616] [pool-4-thread-1/DEBUG] [mixin/]: Renaming @Accessor method getPathStates()Ljava/util/Map; to getPathStates_$md$27bff4$0 in emi.mixins.json:accessor.ShovelItemAccessor
[2510月2025 17:37:06.619] [pool-4-thread-1/DEBUG] [mixin/]: Mixing ToolItemMixin from dummmmmmy-common.mixins.json into net.minecraft.world.item.DiggerItem
[2510月2025 17:37:06.622] [pool-4-thread-1/DEBUG] [mixin/]: Mixing accessor.AxeItemAccessor from emi.mixins.json into net.minecraft.world.item.AxeItem
[2510月2025 17:37:06.623] [pool-4-thread-1/DEBUG] [mixin/]: Renaming @Accessor method getStrippedBlocks()Ljava/util/Map; to getStrippedBlocks_$md$27bff4$0 in emi.mixins.json:accessor.AxeItemAccessor
[2510月2025 17:37:06.625] [pool-4-thread-1/DEBUG] [mixin/]: Mixing accessor.HoeItemAccessor from emi.mixins.json into net.minecraft.world.item.HoeItem
[2510月2025 17:37:06.625] [pool-4-thread-1/DEBUG] [mixin/]: Renaming @Accessor method getTillingActions()Ljava/util/Map; to getTillingActions_$md$27bff4$0 in emi.mixins.json:accessor.HoeItemAccessor
[2510月2025 17:37:06.626] [pool-4-thread-1/DEBUG] [mixin/]: Mixing HoeItemMixin from emi.mixins.json into net.minecraft.world.item.HoeItem
[2510月2025 17:37:06.632] [pool-4-thread-1/DEBUG] [net.minecraftforge.coremod.transformer.CoreModBaseTransformer/COREMOD]: Transforming net/minecraft/world/item/BucketItem
[2510月2025 17:37:06.637] [pool-4-thread-1/DEBUG] [mixin/]: Mixing MapItemMixin from moonlight-common.mixins.json into net.minecraft.world.item.MapItem
[2510月2025 17:37:06.638] [pool-4-thread-1/DEBUG] [mixin/]: Renaming synthetic method lambda$update$1(Lnet/minecraft/world/level/saveddata/maps/MapItemSavedData;Lnet/minecraft/world/entity/Entity;Ljava/util/concurrent/atomic/AtomicBoolean;Lnet/minecraft/resources/ResourceLocation;Lnet/mehvahdjukaar/moonlight/api/map/CustomMapData;)V to md27bff4$lambda$update$1$0 in moonlight-common.mixins.json:MapItemMixin
[2510月2025 17:37:06.638] [pool-4-thread-1/DEBUG] [mixin/]: Renaming synthetic method lambda$appendHoverText$0(Lnet/minecraft/world/level/saveddata/maps/MapItemSavedData;Lnet/minecraft/world/item/ItemStack;Ljava/util/List;Lnet/minecraft/resources/ResourceLocation;Lnet/mehvahdjukaar/moonlight/api/map/CustomMapData;)V to md27bff4$lambda$appendHoverText$0$1 in moonlight-common.mixins.json:MapItemMixin
[2510月2025 17:37:06.647] [pool-4-thread-1/DEBUG] [mixin/]: Mixing ShearItemMixin from moonlight-common.mixins.json into net.minecraft.world.item.ShearsItem
[2510月2025 17:37:06.647] [pool-4-thread-1/DEBUG] [mixin/]: Mixing MixinShearsItem from curios.mixins.json into net.minecraft.world.item.ShearsItem
[2510月2025 17:37:06.666] [pool-4-thread-1/DEBUG] [mixin/]: Mixing ArmorStandFIxMixin from dummmmmmy-common.mixins.json into net.minecraft.world.item.ArmorStandItem
[2510月2025 17:37:06.695] [pool-4-thread-1/DEBUG] [mixin/]: Mixing perf.dynamic_dfu.EntityTypeBuilderMixin from modernfix-common.mixins.json into net.minecraft.world.entity.EntityType$Builder
[2510月2025 17:37:06.708] [pool-4-thread-1/DEBUG] [mixin/]: Mixing perf.ticking_chunk_alloc.BatMixin from modernfix-common.mixins.json into net.minecraft.world.entity.ambient.Bat
[2510月2025 17:37:06.717] [pool-4-thread-1/DEBUG] [mixin/]: Mixing BeeGoalMixin from moonlight-common.mixins.json into net.minecraft.world.entity.animal.Bee$BeeGrowCropGoal
[2510月2025 17:37:06.725] [pool-4-thread-1/DEBUG] [mixin/]: Mixing NearestAttackableTargetGoalMixin from attributeslib.mixins.json into net.minecraft.world.entity.ai.goal.target.NearestAttackableTargetGoal
[2510月2025 17:37:06.742] [pool-4-thread-1/DEBUG] [net.minecraftforge.coremod.transformer.CoreModBaseTransformer/COREMOD]: Transforming net/minecraft/world/entity/monster/Spider
[2510月2025 17:37:06.762] [pool-4-thread-1/DEBUG] [net.minecraftforge.coremod.transformer.CoreModBaseTransformer/COREMOD]: Transforming net/minecraft/world/entity/monster/Zombie
[2510月2025 17:37:06.770] [pool-4-thread-1/DEBUG] [net.minecraftforge.coremod.transformer.CoreModBaseTransformer/COREMOD]: Transforming net/minecraft/world/entity/monster/ZombieVillager
[2510月2025 17:37:06.775] [pool-4-thread-1/DEBUG] [mixin/]: Mixing ThrownTridentMixin from attributeslib.mixins.json into net.minecraft.world.entity.projectile.ThrownTrident
[2510月2025 17:37:06.789] [pool-4-thread-1/DEBUG] [net.minecraftforge.coremod.transformer.CoreModBaseTransformer/COREMOD]: Transforming net/minecraft/world/entity/monster/Evoker$EvokerSummonSpellGoal
[2510月2025 17:37:06.792] [pool-4-thread-1/DEBUG] [mixin/]: Mixing FixBlockPlaceContextMixin from moonlight-common.mixins.json into net.minecraft.world.item.context.BlockPlaceContext
[2510月2025 17:37:06.838] [pool-4-thread-1/DEBUG] [mixin/]: Mixing ThrownPotionMixin from moonlight-common.mixins.json into net.minecraft.world.entity.projectile.ThrownPotion
[2510月2025 17:37:06.852] [pool-4-thread-1/DEBUG] [net.minecraftforge.coremod.transformer.CoreModBaseTransformer/COREMOD]: Transforming net/minecraft/world/entity/animal/horse/SkeletonTrapGoal
[2510月2025 17:37:06.858] [pool-4-thread-1/DEBUG] [net.minecraftforge.coremod.transformer.CoreModBaseTransformer/COREMOD]: Transforming net/minecraft/world/entity/monster/Strider
[2510月2025 17:37:06.871] [pool-4-thread-1/DEBUG] [mixin/]: Mixing core.SynchedEntityDataMixin from modernfix-common.mixins.json into net.minecraft.network.syncher.SynchedEntityData
[2510月2025 17:37:06.886] [pool-4-thread-1/DEBUG] [mixin/]: Mixing perf.ticking_chunk_alloc.ChunkAccessMixin from modernfix-common.mixins.json into net.minecraft.world.level.chunk.ChunkAccess
[2510月2025 17:37:06.888] [pool-4-thread-1/DEBUG] [mixin/]: Mixing LevelChunkMixin from moonlight-common.mixins.json into net.minecraft.world.level.chunk.LevelChunk
[2510月2025 17:37:06.901] [pool-4-thread-1/DEBUG] [net.minecraftforge.coremod.transformer.CoreModBaseTransformer/COREMOD]: Transforming net/minecraft/world/entity/npc/Villager
[2510月2025 17:37:06.909] [pool-4-thread-1/DEBUG] [mixin/]: Mixing VillagerMixin from moonlight-common.mixins.json into net.minecraft.world.entity.npc.Villager
[2510月2025 17:37:06.928] [pool-4-thread-1/DEBUG] [mixin/]: Mixing perf.faster_ingredients.IngredientMixin from modernfix-forge.mixins.json into net.minecraft.world.item.crafting.Ingredient
[2510月2025 17:37:06.928] [pool-4-thread-1/DEBUG] [mixin/]: Renaming synthetic method lambda$computeItemsArray$1(I)[Lnet/minecraft/world/item/ItemStack; to md27bff4$lambda$computeItemsArray$1$0 in modernfix-forge.mixins.json:perf.faster_ingredients.IngredientMixin
[2510月2025 17:37:06.928] [pool-4-thread-1/DEBUG] [mixin/]: Renaming synthetic method lambda$modernfix$fasterTagIngredientStacking$0(Lnet/minecraft/core/Holder;)I to md27bff4$lambda$modernfix$fasterTagIngredientStacking$0$1 in modernfix-forge.mixins.json:perf.faster_ingredients.IngredientMixin
[2510月2025 17:37:06.931] [pool-4-thread-1/DEBUG] [mixin/]: Mixing perf.smart_ingredient_sync.IngredientMixin from modernfix-forge.mixins.json into net.minecraft.world.item.crafting.Ingredient
[2510月2025 17:37:06.954] [pool-4-thread-1/DEBUG] [net.minecraftforge.coremod.transformer.CoreModBaseTransformer/COREMOD]: Transforming net/minecraft/world/effect/MobEffectInstance
[2510月2025 17:37:06.967] [pool-4-thread-1/DEBUG] [mixin/]: Mixing bugfix.forge_vehicle_packets.ServerGamePacketListenerImplMixin from modernfix-forge.mixins.json into net.minecraft.server.network.ServerGamePacketListenerImpl
[2510月2025 17:37:07.017] [pool-4-thread-1/DEBUG] [mixin/]: Mixing perf.cache_upgraded_structures.StructureManagerMixin from modernfix-common.mixins.json into net.minecraft.world.level.levelgen.structure.templatesystem.StructureTemplateManager
[2510月2025 17:37:07.018] [pool-4-thread-1/DEBUG] [mixin/]: Mixing perf.dynamic_structure_manager.StructureManagerMixin from modernfix-common.mixins.json into net.minecraft.world.level.levelgen.structure.templatesystem.StructureTemplateManager
[2510月2025 17:37:07.033] [pool-4-thread-1/DEBUG] [mixin/]: Mixing MixinInventory from curios.mixins.json into net.minecraft.world.entity.player.Inventory
[2510月2025 17:37:07.034] [pool-4-thread-1/DEBUG] [mixin/]: Mixing InventoryMixin from moonlight-common.mixins.json into net.minecraft.world.entity.player.Inventory
[2510月2025 17:37:07.047] [pool-4-thread-1/DEBUG] [mixin/]: Mixing accessor.CraftingResultSlotAccessor from emi.mixins.json into net.minecraft.world.inventory.ResultSlot
[2510月2025 17:37:07.049] [pool-4-thread-1/DEBUG] [mixin/]: Mixing CraftingResultSlotMixin from emi.mixins.json into net.minecraft.world.inventory.ResultSlot
[2510月2025 17:37:07.053] [pool-4-thread-1/DEBUG] [mixin/]: Mixing GrindstoneMenuSlotMixin from moonlight-common.mixins.json into net.minecraft.world.inventory.GrindstoneMenu$4
[2510月2025 17:37:07.059] [pool-4-thread-1/DEBUG] [mixin/]: Mixing MapExtendingRecipeMixin from moonlight-common.mixins.json into net.minecraft.world.item.crafting.MapExtendingRecipe
[2510月2025 17:37:07.091] [pool-4-thread-1/DEBUG] [mixin/]: Mixing MixinApplyBonusCount from curios.mixins.json into net.minecraft.world.level.storage.loot.functions.ApplyBonusCount
[2510月2025 17:37:07.165] [pool-4-thread-1/DEBUG] [net.minecraftforge.coremod.transformer.CoreModBaseTransformer/COREMOD]: Transforming net/minecraft/world/level/levelgen/structure/Structure
[2510月2025 17:37:07.180] [pool-4-thread-1/DEBUG] [net.minecraftforge.coremod.transformer.CoreModBaseTransformer/COREMOD]: Transforming net/minecraft/world/level/levelgen/structure/structures/OceanRuinPieces$OceanRuinPiece
[2510月2025 17:37:07.184] [pool-4-thread-1/DEBUG] [net.minecraftforge.coremod.transformer.CoreModBaseTransformer/COREMOD]: Transforming net/minecraft/world/level/levelgen/structure/structures/SwampHutPiece
[2510月2025 17:37:07.187] [pool-4-thread-1/DEBUG] [net.minecraftforge.coremod.transformer.CoreModBaseTransformer/COREMOD]: Transforming net/minecraft/world/level/levelgen/structure/structures/OceanMonumentPieces$OceanMonumentPiece
[2510月2025 17:37:07.192] [pool-4-thread-1/DEBUG] [net.minecraftforge.coremod.transformer.CoreModBaseTransformer/COREMOD]: Transforming net/minecraft/world/level/levelgen/structure/structures/WoodlandMansionPieces$WoodlandMansionPiece
[2510月2025 17:37:07.227] [pool-4-thread-1/DEBUG] [net.minecraftforge.coremod.transformer.CoreModBaseTransformer/COREMOD]: Transforming net/minecraft/world/level/biome/Biome
[2510月2025 17:37:07.228] [pool-4-thread-1/DEBUG] [mixin/]: Mixing perf.remove_biome_temperature_cache.BiomeMixin from modernfix-common.mixins.json into net.minecraft.world.level.biome.Biome
[2510月2025 17:37:07.280] [pool-4-thread-1/DEBUG] [mixin/]: Mixing MixinLanguage from mixins.modernui-textmc.json into net.minecraft.locale.Language
[2510月2025 17:37:07.298] [pool-4-thread-1/DEBUG] [net.minecraftforge.registries.GameData/REGISTRIES]: Creating vanilla freeze snapshot
[2510月2025 17:37:07.301] [pool-4-thread-1/DEBUG] [net.minecraftforge.registries.ForgeRegistry/REGISTRIES]: Registry minecraft:block Sync: VANILLA -> ACTIVE
[2510月2025 17:37:07.304] [pool-4-thread-1/DEBUG] [net.minecraftforge.registries.ForgeRegistry/REGISTRIES]: Registry minecraft:fluid Sync: VANILLA -> ACTIVE
[2510月2025 17:37:07.304] [pool-4-thread-1/DEBUG] [net.minecraftforge.registries.ForgeRegistry/REGISTRIES]: Registry minecraft:item Sync: VANILLA -> ACTIVE
[2510月2025 17:37:07.306] [pool-4-thread-1/DEBUG] [net.minecraftforge.registries.ForgeRegistry/REGISTRIES]: Registry minecraft:mob_effect Sync: VANILLA -> ACTIVE
[2510月2025 17:37:07.306] [pool-4-thread-1/DEBUG] [net.minecraftforge.registries.ForgeRegistry/REGISTRIES]: Registry minecraft:sound_event Sync: VANILLA -> ACTIVE
[2510月2025 17:37:07.308] [pool-4-thread-1/DEBUG] [net.minecraftforge.registries.ForgeRegistry/REGISTRIES]: Registry minecraft:potion Sync: VANILLA -> ACTIVE
[2510月2025 17:37:07.308] [pool-4-thread-1/DEBUG] [net.minecraftforge.registries.ForgeRegistry/REGISTRIES]: Registry minecraft:enchantment Sync: VANILLA -> ACTIVE
[2510月2025 17:37:07.308] [pool-4-thread-1/DEBUG] [net.minecraftforge.registries.ForgeRegistry/REGISTRIES]: Registry minecraft:entity_type Sync: VANILLA -> ACTIVE
[2510月2025 17:37:07.308] [pool-4-thread-1/DEBUG] [net.minecraftforge.registries.ForgeRegistry/REGISTRIES]: Registry minecraft:block_entity_type Sync: VANILLA -> ACTIVE
[2510月2025 17:37:07.308] [pool-4-thread-1/DEBUG] [net.minecraftforge.registries.ForgeRegistry/REGISTRIES]: Registry minecraft:particle_type Sync: VANILLA -> ACTIVE
[2510月2025 17:37:07.308] [pool-4-thread-1/DEBUG] [net.minecraftforge.registries.ForgeRegistry/REGISTRIES]: Registry minecraft:menu Sync: VANILLA -> ACTIVE
[2510月2025 17:37:07.309] [pool-4-thread-1/DEBUG] [net.minecraftforge.registries.ForgeRegistry/REGISTRIES]: Registry minecraft:painting_variant Sync: VANILLA -> ACTIVE
[2510月2025 17:37:07.309] [pool-4-thread-1/DEBUG] [net.minecraftforge.registries.ForgeRegistry/REGISTRIES]: Registry minecraft:recipe_type Sync: VANILLA -> ACTIVE
[2510月2025 17:37:07.309] [pool-4-thread-1/DEBUG] [net.minecraftforge.registries.ForgeRegistry/REGISTRIES]: Registry minecraft:recipe_serializer Sync: VANILLA -> ACTIVE
[2510月2025 17:37:07.309] [pool-4-thread-1/DEBUG] [net.minecraftforge.registries.ForgeRegistry/REGISTRIES]: Registry minecraft:attribute Sync: VANILLA -> ACTIVE
[2510月2025 17:37:07.309] [pool-4-thread-1/DEBUG] [net.minecraftforge.registries.ForgeRegistry/REGISTRIES]: Registry minecraft:stat_type Sync: VANILLA -> ACTIVE
[2510月2025 17:37:07.309] [pool-4-thread-1/DEBUG] [net.minecraftforge.registries.ForgeRegistry/REGISTRIES]: Registry minecraft:command_argument_type Sync: VANILLA -> ACTIVE
[2510月2025 17:37:07.309] [pool-4-thread-1/DEBUG] [net.minecraftforge.registries.ForgeRegistry/REGISTRIES]: Registry minecraft:villager_profession Sync: VANILLA -> ACTIVE
[2510月2025 17:37:07.309] [pool-4-thread-1/DEBUG] [net.minecraftforge.registries.ForgeRegistry/REGISTRIES]: Registry minecraft:point_of_interest_type Sync: VANILLA -> ACTIVE
[2510月2025 17:37:07.309] [pool-4-thread-1/DEBUG] [net.minecraftforge.registries.ForgeRegistry/REGISTRIES]: Registry minecraft:memory_module_type Sync: VANILLA -> ACTIVE
[2510月2025 17:37:07.309] [pool-4-thread-1/DEBUG] [net.minecraftforge.registries.ForgeRegistry/REGISTRIES]: Registry minecraft:sensor_type Sync: VANILLA -> ACTIVE
[2510月2025 17:37:07.309] [pool-4-thread-1/DEBUG] [net.minecraftforge.registries.ForgeRegistry/REGISTRIES]: Registry minecraft:schedule Sync: VANILLA -> ACTIVE
[2510月2025 17:37:07.309] [pool-4-thread-1/DEBUG] [net.minecraftforge.registries.ForgeRegistry/REGISTRIES]: Registry minecraft:activity Sync: VANILLA -> ACTIVE
[2510月2025 17:37:07.309] [pool-4-thread-1/DEBUG] [net.minecraftforge.registries.ForgeRegistry/REGISTRIES]: Registry minecraft:worldgen/carver Sync: VANILLA -> ACTIVE
[2510月2025 17:37:07.309] [pool-4-thread-1/DEBUG] [net.minecraftforge.registries.ForgeRegistry/REGISTRIES]: Registry minecraft:worldgen/feature Sync: VANILLA -> ACTIVE
[2510月2025 17:37:07.309] [pool-4-thread-1/DEBUG] [net.minecraftforge.registries.ForgeRegistry/REGISTRIES]: Registry minecraft:chunk_status Sync: VANILLA -> ACTIVE
[2510月2025 17:37:07.309] [pool-4-thread-1/DEBUG] [net.minecraftforge.registries.ForgeRegistry/REGISTRIES]: Registry minecraft:worldgen/block_state_provider_type Sync: VANILLA -> ACTIVE
[2510月2025 17:37:07.309] [pool-4-thread-1/DEBUG] [net.minecraftforge.registries.ForgeRegistry/REGISTRIES]: Registry minecraft:worldgen/foliage_placer_type Sync: VANILLA -> ACTIVE
[2510月2025 17:37:07.309] [pool-4-thread-1/DEBUG] [net.minecraftforge.registries.ForgeRegistry/REGISTRIES]: Registry minecraft:worldgen/tree_decorator_type Sync: VANILLA -> ACTIVE
[2510月2025 17:37:07.309] [pool-4-thread-1/DEBUG] [net.minecraftforge.registries.ForgeRegistry/REGISTRIES]: Registry minecraft:worldgen/biome Sync: VANILLA -> ACTIVE
[2510月2025 17:37:07.312] [pool-4-thread-1/DEBUG] [net.minecraftforge.registries.GameData/REGISTRIES]: Vanilla freeze snapshot created
[2510月2025 17:37:07.312] [pool-4-thread-1/DEBUG] [mixin/]: Mixing core.NetworkHooksMixin from modernfix-forge.mixins.json into net.minecraftforge.network.NetworkHooks
[2510月2025 17:37:07.317] [pool-4-thread-1/DEBUG] [net.minecraftforge.network.NetworkHooks/]: Loading Network data for FML net version: FML3
[2510月2025 17:37:07.340] [main/DEBUG] [mixin/]: Mixing MixinGameRenderer from mixins.modernui-forge.json into net.minecraft.client.renderer.GameRenderer
[2510月2025 17:37:07.340] [main/DEBUG] [mixin/]: Mixing MixinGameRenderer from mixins.modernui-textmc.json into net.minecraft.client.renderer.GameRenderer
[2510月2025 17:37:07.341] [main/DEBUG] [mixin/]: Mixing GameRendererMixin from moonlight-common.mixins.json into net.minecraft.client.renderer.GameRenderer
[2510月2025 17:37:07.369] [main/DEBUG] [mixin/]: Mixing accessor.ItemRendererAccessor from emi.mixins.json into net.minecraft.client.renderer.entity.ItemRenderer
[2510月2025 17:37:07.380] [Render thread/DEBUG] [mixin/]: Mixing MixinRenderSystem from mixins.modernui-forge.json into com.mojang.blaze3d.systems.RenderSystem
[2510月2025 17:37:07.390] [Render thread/DEBUG] [mixin/]: Mixing bugfix.buffer_builder_leak.BufferBuilderMixin from modernfix-common.mixins.json into com.mojang.blaze3d.vertex.BufferBuilder
[2510月2025 17:37:07.437] [Render thread/DEBUG] [mixin/]: Mixing bugfix.entity_pose_stack.PoseStackAccessor from modernfix-forge.mixins.json into com.mojang.blaze3d.vertex.PoseStack
[2510月2025 17:37:07.442] [Render thread/DEBUG] [mixin/]: Mixing MixinIngameGui from mixins.modernui-textmc.json into net.minecraft.client.gui.Gui
[2510月2025 17:37:07.454] [Render thread/DEBUG] [mixin/]: Mixing MixinScreen from mixins.modernui-forge.json into net.minecraft.client.gui.screens.Screen
[2510月2025 17:37:07.455] [Render thread/DEBUG] [mixin/]: Mixing ScreenMixin from emi.mixins.json into net.minecraft.client.gui.screens.Screen
[2510月2025 17:37:07.455] [Render thread/DEBUG] [mixin/]: Mixing client.ScreenMixin from configured.common.mixins.json into net.minecraft.client.gui.screens.Screen
[2510月2025 17:37:07.471] [Render thread/DEBUG] [mixin/]: Mixing MixinChatScreen from mixins.modernui-forge.json into net.minecraft.client.gui.screens.ChatScreen
[2510月2025 17:37:07.479] [Render thread/DEBUG] [net.minecraftforge.coremod.transformer.CoreModBaseTransformer/COREMOD]: Transforming renderEffects with desc (Lnet/minecraft/client/gui/GuiGraphics;II)V
[2510月2025 17:37:07.479] [Render thread/INFO] [net.minecraftforge.coremod.CoreMod.attributeslib/COREMODLOG]: Patching EffectRenderingInventoryScreen#renderEffects
[2510月2025 17:37:07.480] [Render thread/DEBUG] [mixin/]: Mixing MixinInventoryScreen from mixins.modernui-forge.json into net.minecraft.client.gui.screens.inventory.EffectRenderingInventoryScreen
[2510月2025 17:37:07.480] [Render thread/DEBUG] [mixin/]: Mixing AbstractInventoryScreenMixin from emi.mixins.json into net.minecraft.client.gui.screens.inventory.EffectRenderingInventoryScreen
[2510月2025 17:37:07.490] [Render thread/DEBUG] [mixin/]: Mixing accessor.HandledScreenAccessor from emi.mixins.json into net.minecraft.client.gui.screens.inventory.AbstractContainerScreen
[2510月2025 17:37:07.496] [Render thread/DEBUG] [mixin/]: Mixing HandledScreenMixin from emi.mixins.json into net.minecraft.client.gui.screens.inventory.AbstractContainerScreen
[2510月2025 17:37:07.497] [Render thread/DEBUG] [mixin/]: Mixing client.AbstractContainerScreenMixin from attributeslib.mixins.json into net.minecraft.client.gui.screens.inventory.AbstractContainerScreen
[2510月2025 17:37:07.513] [Render thread/DEBUG] [mixin/]: Mixing perf.lazy_search_tree_registry.SearchRegistryMixin from modernfix-common.mixins.json into net.minecraft.client.searchtree.SearchRegistry
[2510月2025 17:37:07.516] [Render thread/DEBUG] [mixin/]: Mixing ConditionHackMixin from moonlight.mixins.json into net.minecraft.server.packs.resources.SimplePreparableReloadListener
[2510月2025 17:37:07.548] [Render thread/WARN] [net.minecraft.server.packs.VanillaPackResourcesBuilder/]: Assets URL 'union:/C:/Users/Administrator/.gradle/caches/forge_gradle/minecraft_user_repo/net/minecraftforge/forge/1.20.1-47.4.10_mapped_official_1.20.1/forge-1.20.1-47.4.10_mapped_official_1.20.1.jar%23191!/assets/.mcassetsroot' uses unexpected schema
[2510月2025 17:37:07.549] [Render thread/WARN] [net.minecraft.server.packs.VanillaPackResourcesBuilder/]: Assets URL 'union:/C:/Users/Administrator/.gradle/caches/forge_gradle/minecraft_user_repo/net/minecraftforge/forge/1.20.1-47.4.10_mapped_official_1.20.1/forge-1.20.1-47.4.10_mapped_official_1.20.1.jar%23191!/data/.mcassetsroot' uses unexpected schema
[2510月2025 17:37:07.561] [Render thread/INFO] [com.mojang.authlib.yggdrasil.YggdrasilAuthenticationService/]: Environment: authHost='https://authserver.mojang.com', accountsHost='https://api.mojang.com', sessionHost='https://sessionserver.mojang.com', servicesHost='https://api.minecraftservices.com', name='PROD'
[2510月2025 17:37:07.563] [Render thread/INFO] [net.minecraft.client.Minecraft/]: Setting user: Dev
[2510月2025 17:37:07.565] [Render thread/DEBUG] [mixin/]: Mixing perf.dynamic_dfu.DataFixersMixin from modernfix-common.mixins.json into net.minecraft.util.datafix.DataFixers
[2510月2025 17:37:07.565] [Render thread/DEBUG] [mixin/]: Renaming synthetic method lambda$createLazyFixerUpper$0(Ljava/util/Set;)Lcom/mojang/datafixers/DataFixer; to md27bff4$lambda$createLazyFixerUpper$0$0 in modernfix-common.mixins.json:perf.dynamic_dfu.DataFixersMixin
[2510月2025 17:37:07.596] [Render thread/INFO] [ModernFix/]: Bypassed Mojang DFU
[2510月2025 17:37:07.596] [Render thread/DEBUG] [mixin/]: Mixing ToastManagerMixin from emi.mixins.json into net.minecraft.client.gui.components.toasts.ToastComponent
[2510月2025 17:37:07.600] [Render thread/DEBUG] [mixin/]: Mixing AccessOptions from mixins.modernui-forge.json into net.minecraft.client.Options
[2510月2025 17:37:07.618] [Render thread/DEBUG] [mixin/]: Mixing client.ChatComponentMixin from placebo.mixins.json into net.minecraft.client.gui.components.ChatComponent
[2510月2025 17:37:07.621] [Render thread/INFO] [mixin/]: BeforeConstant is searching for constants in method with descriptor (Lnet/minecraft/network/chat/Component;Lnet/minecraft/client/GuiMessageTag;)V
[2510月2025 17:37:07.621] [Render thread/INFO] [mixin/]:   BeforeConstant found STRING constant: value = , stringValue = null
[2510月2025 17:37:07.621] [Render thread/INFO] [mixin/]:     BeforeConstant found a matching constant TYPE at ordinal 0
[2510月2025 17:37:07.621] [Render thread/INFO] [mixin/]:       BeforeConstant found LdcInsn 
[2510月2025 17:37:07.621] [Render thread/INFO] [mixin/]:   BeforeConstant found STRING constant: value = \\r, stringValue = null
[2510月2025 17:37:07.621] [Render thread/INFO] [mixin/]:     BeforeConstant found a matching constant TYPE at ordinal 1
[2510月2025 17:37:07.621] [Render thread/INFO] [mixin/]:       BeforeConstant found LdcInsn \\r
[2510月2025 17:37:07.621] [Render thread/INFO] [mixin/]:   BeforeConstant found STRING constant: value = 
, stringValue = null
[2510月2025 17:37:07.621] [Render thread/INFO] [mixin/]:     BeforeConstant found a matching constant TYPE at ordinal 2
[2510月2025 17:37:07.621] [Render thread/INFO] [mixin/]:       BeforeConstant found LdcInsn 

[2510月2025 17:37:07.621] [Render thread/INFO] [mixin/]:   BeforeConstant found STRING constant: value = \\n, stringValue = null
[2510月2025 17:37:07.621] [Render thread/INFO] [mixin/]:     BeforeConstant found a matching constant TYPE at ordinal 3
[2510月2025 17:37:07.621] [Render thread/INFO] [mixin/]:       BeforeConstant found LdcInsn \\n
[2510月2025 17:37:07.621] [Render thread/INFO] [mixin/]:   BeforeConstant found CLASS constant: value = Ljava/lang/String;, typeValue = null
[2510月2025 17:37:07.621] [Render thread/INFO] [mixin/]:   BeforeConstant found STRING constant: value = [{}] [CHAT] {}, stringValue = null
[2510月2025 17:37:07.621] [Render thread/INFO] [mixin/]:     BeforeConstant found a matching constant TYPE at ordinal 4
[2510月2025 17:37:07.621] [Render thread/INFO] [mixin/]:       BeforeConstant found LdcInsn [{}] [CHAT] {}
[2510月2025 17:37:07.621] [Render thread/INFO] [mixin/]:   BeforeConstant found STRING constant: value = [CHAT] {}, stringValue = null
[2510月2025 17:37:07.621] [Render thread/INFO] [mixin/]:     BeforeConstant found a matching constant TYPE at ordinal 5
[2510月2025 17:37:07.621] [Render thread/INFO] [mixin/]:       BeforeConstant found LdcInsn [CHAT] {}
[2510月2025 17:37:07.651] [Render thread/INFO] [net.minecraft.client.Minecraft/]: Backend library: LWJGL version 3.3.1 build 7
[2510月2025 17:37:07.652] [Render thread/DEBUG] [mixin/]: Mixing MixinWindow from mixins.modernui-forge.json into com.mojang.blaze3d.platform.Window
[2510月2025 17:37:07.708] [Render thread/DEBUG] [mixin/]: Mixing feature.branding.BrandingControlMixin from modernfix-forge.mixins.json into net.minecraftforge.internal.BrandingControl
[2510月2025 17:37:07.714] [Render thread/INFO] [ModernUI/Core]: Created MuiForgeAPI
[2510月2025 17:37:07.714] [Render thread/INFO] [ModernUI/Core]: Detected OpenGL 4.6 Core Profile from FML Early Window
[2510月2025 17:37:07.722] [Render thread/DEBUG] [mixin/]: Mixing AccessNativeImage from mixins.modernui-forge.json into com.mojang.blaze3d.platform.NativeImage
[2510月2025 17:37:07.733] [Render thread/DEBUG] [mixin/]: Mixing MixinMouseHandler from mixins.modernui-forge.json into net.minecraft.client.MouseHandler
[2510月2025 17:37:07.733] [Render thread/DEBUG] [mixin/]: Mixing MouseMixin from emi.mixins.json into net.minecraft.client.MouseHandler
[2510月2025 17:37:07.747] [Render thread/DEBUG] [mixin/]: Mixing MixinKeyboardHandler from mixins.modernui-forge.json into net.minecraft.client.KeyboardHandler
[2510月2025 17:37:07.747] [Render thread/DEBUG] [mixin/]: Mixing KeyboardMixin from emi.mixins.json into net.minecraft.client.KeyboardHandler
[2510月2025 17:37:07.801] [Render thread/INFO] [Arc3D/]: Identified OpenGL vendor: NVIDIA
[2510月2025 17:37:07.801] [Render thread/INFO] [Arc3D/]: Identified OpenGL driver: NVIDIA
[2510月2025 17:37:07.801] [Render thread/INFO] [Arc3D/]: Using OpenGL 4.6 and GLSL 4.50
[2510月2025 17:37:07.801] [Render thread/INFO] [Arc3D/]: Use NV_conservative_raster
[2510月2025 17:37:07.801] [Render thread/INFO] [Arc3D/]: Use NV_blend_equation_advanced_coherent
[2510月2025 17:37:07.819] [Render thread/INFO] [ModernUI/Core]: OpenGL vendor: NVIDIA Corporation
[2510月2025 17:37:07.820] [Render thread/INFO] [ModernUI/Core]: OpenGL renderer: NVIDIA GeForce RTX 5070 Ti/PCIe/SSE2
[2510月2025 17:37:07.820] [Render thread/INFO] [ModernUI/Core]: OpenGL version: 4.6.0 NVIDIA 581.57
[2510月2025 17:37:07.821] [Render thread/INFO] [ModernUI/Core]: OpenGL caps: 
AnisotropySupport: true
GpuTracingSupport: false
ConservativeRasterSupport: true
TextureBarrierSupport: true
DepthClipNegativeOneToOne: true
BlendEquationSupport: ADVANCED_COHERENT
ClampToBorderSupport: true
MaxRenderTargetSize: 32768
MaxPreferredRenderTargetSize: 32768
MaxVertexAttributes: 16
MaxVertexBindings: 16
MaxTextureSize: 32768
MaxPushConstantsSize: 0
MaxColorAttachments: 8
MinUniformBufferOffsetAlignment: 256
MinStorageBufferOffsetAlignment: 16
ShaderCaps:
	TargetAPI: OPENGL_4_5
	GLSLVersion: GLSL_450
	SPIRVVersion: SPIRV_1_0
	FMASupport: true
	DualSourceBlendingSupport: true
	PreferFlatInterpolation: true
	VertexIDSupport: true
	InfinitySupport: true
	NonConstantArrayIndexSupport: true
	BitManipulationSupport: true
	NoPerspectiveInterpolationSupport: true
	ReducedShaderMode: false
	TextureQueryLod: true
	UseUniformBinding: true
	UseVaryingLocation: true
	UseBlockMemberOffset: true
	UsePrecisionModifiers: false
	RequiresLocalOutputColorForFBFetch: false
	MustObfuscateUniformColor: false
	MustWriteToFragColor: false
	ColorSpaceMathNeedsFloat: false
	AvoidDfDxForGradientsWhenPossible: false
	SecondaryOutputExtension: null
	AdvBlendEqInteraction: 1
	MaxFragmentSamplers: 32
Vendor: NVIDIA
Driver: NVIDIA
MaxFragmentUniformVectors: 1024
MaxTextureMaxAnisotropy: 16.0
SupportsProtected: false
SkipErrorChecks: true
MaxLabelLength: 256
DebugSupport: true
BufferStorageSupport: true
DrawElementsBaseVertexSupport: true
BaseInstanceSupport: true
DSASupport: true
InvalidateBufferType: 2
InvalidateFramebufferSupport: true
VertexAttribBindingSupport: true
CopyImageSupport: true
SPIRVSupport: true
ViewCompatibilityClassSupport: true
TexStorageSupport: true
ProgramBinarySupport: true
ProgramBinaryFormats: [36385]
GLSLVersion: 460
ColorTypeToBackendFormat:
	UNKNOWN=>GLenum [0x0]
	BGR_565=>RGB565
	R_8=>R8
	RG_88=>RG8
	RGB_888=>RGB8
	RGBX_8888=>GLenum [0x0]
	RGBA_8888=>RGBA8
	BGRA_8888=>RGBA8
	RGBA_8888_SRGB=>SRGB8_ALPHA8
	RGBA_1010102=>RGB10_A2
	BGRA_1010102=>RGB10_A2
	R_16=>GLenum [0x0]
	R_F16=>GLenum [0x0]
	RG_1616=>RG16
	RG_F16=>RG16F
	RGBA_16161616=>RGBA16
	RGBA_F16=>RGBA16F
	RGBA_F16_CLAMPED=>RGBA16F
	RGBA_F32=>GLenum [0x0]
	ALPHA_8=>R8
	ALPHA_16=>R16
	ALPHA_F16=>R16F
	GRAY_8=>R8
	GRAY_ALPHA_88=>RG8
	ABGR_8888=>GLenum [0x0]
	ARGB_8888=>GLenum [0x0]
CompressionTypeToBackendFormat: [null, {mBackend=OpenGL, mFormat=ETC2}, {mBackend=OpenGL, mFormat=RGB8_BC1}, {mBackend=OpenGL, mFormat=RGBA8_BC1}]

[2510月2025 17:37:07.826] [Render thread/DEBUG] [mixin/]: Mixing MultiPackResourceManagerMixin from moonlight-common.mixins.json into net.minecraft.server.packs.resources.MultiPackResourceManager
[2510月2025 17:37:07.841] [Render thread/DEBUG] [net.minecraftforge.common.ForgeI18n/CORE]: Loading I18N data entries: 6434
[2510月2025 17:37:07.855] [Render thread/DEBUG] [net.minecraftforge.fml.ModWorkManager/LOADING]: Using 16 threads for parallel mod-loading
[2510月2025 17:37:07.860] [Render thread/DEBUG] [net.minecraftforge.fml.javafmlmod.FMLJavaModLanguageProvider/LOADING]: Loading FMLModContainer from classloader cpw.mods.modlauncher.TransformingClassLoader@7a687d8d - got cpw.mods.cl.ModuleClassLoader@36dfbdaf
[2510月2025 17:37:07.861] [Render thread/DEBUG] [net.minecraftforge.fml.javafmlmod.FMLModContainer/LOADING]: Creating FMLModContainer instance for dev.emi.emi.platform.forge.EmiForge
[2510月2025 17:37:07.863] [Render thread/DEBUG] [net.minecraftforge.fml.javafmlmod.FMLJavaModLanguageProvider/LOADING]: Loading FMLModContainer from classloader cpw.mods.modlauncher.TransformingClassLoader@7a687d8d - got cpw.mods.cl.ModuleClassLoader@36dfbdaf
[2510月2025 17:37:07.863] [Render thread/DEBUG] [net.minecraftforge.fml.javafmlmod.FMLModContainer/LOADING]: Creating FMLModContainer instance for cc.xypp.damage_number.DamageNumber
[2510月2025 17:37:07.863] [Render thread/DEBUG] [net.minecraftforge.fml.javafmlmod.FMLJavaModLanguageProvider/LOADING]: Loading FMLModContainer from classloader cpw.mods.modlauncher.TransformingClassLoader@7a687d8d - got cpw.mods.cl.ModuleClassLoader@36dfbdaf
[2510月2025 17:37:07.863] [Render thread/DEBUG] [net.minecraftforge.fml.javafmlmod.FMLModContainer/LOADING]: Creating FMLModContainer instance for net.mehvahdjukaar.moonlight.forge.MoonlightForge
[2510月2025 17:37:07.863] [Render thread/DEBUG] [net.minecraftforge.fml.javafmlmod.FMLJavaModLanguageProvider/LOADING]: Loading FMLModContainer from classloader cpw.mods.modlauncher.TransformingClassLoader@7a687d8d - got cpw.mods.cl.ModuleClassLoader@36dfbdaf
[2510月2025 17:37:07.863] [Render thread/DEBUG] [net.minecraftforge.fml.javafmlmod.FMLModContainer/LOADING]: Creating FMLModContainer instance for tianyi.gameplay_sculptor.Gameplay_sculptor
[2510月2025 17:37:07.864] [Render thread/DEBUG] [net.minecraftforge.fml.javafmlmod.FMLJavaModLanguageProvider/LOADING]: Loading FMLModContainer from classloader cpw.mods.modlauncher.TransformingClassLoader@7a687d8d - got cpw.mods.cl.ModuleClassLoader@36dfbdaf
[2510月2025 17:37:07.864] [Render thread/DEBUG] [net.minecraftforge.fml.javafmlmod.FMLModContainer/LOADING]: Creating FMLModContainer instance for snownee.jade.util.CommonProxy
[2510月2025 17:37:07.865] [Render thread/DEBUG] [net.minecraftforge.fml.javafmlmod.FMLJavaModLanguageProvider/LOADING]: Loading FMLModContainer from classloader cpw.mods.modlauncher.TransformingClassLoader@7a687d8d - got cpw.mods.cl.ModuleClassLoader@36dfbdaf
[2510月2025 17:37:07.865] [Render thread/DEBUG] [net.minecraftforge.fml.javafmlmod.FMLModContainer/LOADING]: Creating FMLModContainer instance for software.bernie.example.GeckoLibMod
[2510月2025 17:37:07.865] [Render thread/DEBUG] [net.minecraftforge.fml.javafmlmod.FMLJavaModLanguageProvider/LOADING]: Loading FMLModContainer from classloader cpw.mods.modlauncher.TransformingClassLoader@7a687d8d - got cpw.mods.cl.ModuleClassLoader@36dfbdaf
[2510月2025 17:37:07.865] [Render thread/DEBUG] [net.minecraftforge.fml.javafmlmod.FMLModContainer/LOADING]: Creating FMLModContainer instance for net.mcreator.borninchaosv.BornInChaosV1Mod
[2510月2025 17:37:07.866] [Render thread/DEBUG] [net.minecraftforge.fml.javafmlmod.FMLJavaModLanguageProvider/LOADING]: Loading FMLModContainer from classloader cpw.mods.modlauncher.TransformingClassLoader@7a687d8d - got cpw.mods.cl.ModuleClassLoader@36dfbdaf
[2510月2025 17:37:07.866] [Render thread/DEBUG] [net.minecraftforge.fml.javafmlmod.FMLModContainer/LOADING]: Creating FMLModContainer instance for top.theillusivec4.curios.Curios
[2510月2025 17:37:07.866] [Render thread/DEBUG] [net.minecraftforge.fml.javafmlmod.FMLJavaModLanguageProvider/LOADING]: Loading FMLModContainer from classloader cpw.mods.modlauncher.TransformingClassLoader@7a687d8d - got cpw.mods.cl.ModuleClassLoader@36dfbdaf
[2510月2025 17:37:07.867] [Render thread/DEBUG] [net.minecraftforge.fml.javafmlmod.FMLModContainer/LOADING]: Creating FMLModContainer instance for invtweaks.InvTweaksMod
[2510月2025 17:37:07.867] [Render thread/DEBUG] [net.minecraftforge.fml.javafmlmod.FMLJavaModLanguageProvider/LOADING]: Loading FMLModContainer from classloader cpw.mods.modlauncher.TransformingClassLoader@7a687d8d - got cpw.mods.cl.ModuleClassLoader@36dfbdaf
[2510月2025 17:37:07.867] [Render thread/DEBUG] [net.minecraftforge.fml.javafmlmod.FMLModContainer/LOADING]: Creating FMLModContainer instance for com.traverse.bhc.common.BaubleyHeartCanisters
[2510月2025 17:37:07.868] [Render thread/DEBUG] [net.minecraftforge.fml.javafmlmod.FMLJavaModLanguageProvider/LOADING]: Loading FMLModContainer from classloader cpw.mods.modlauncher.TransformingClassLoader@7a687d8d - got cpw.mods.cl.ModuleClassLoader@36dfbdaf
[2510月2025 17:37:07.868] [Render thread/DEBUG] [net.minecraftforge.fml.javafmlmod.FMLModContainer/LOADING]: Creating FMLModContainer instance for dev.shadowsoffire.placebo.Placebo
[2510月2025 17:37:07.869] [Render thread/DEBUG] [net.minecraftforge.fml.javafmlmod.FMLJavaModLanguageProvider/LOADING]: Loading FMLModContainer from classloader cpw.mods.modlauncher.TransformingClassLoader@7a687d8d - got cpw.mods.cl.ModuleClassLoader@36dfbdaf
[2510月2025 17:37:07.869] [Render thread/DEBUG] [net.minecraftforge.fml.javafmlmod.FMLModContainer/LOADING]: Creating FMLModContainer instance for org.embeddedt.modernfix.forge.init.ModernFixForge
[2510月2025 17:37:07.870] [Render thread/DEBUG] [net.minecraftforge.fml.javafmlmod.FMLJavaModLanguageProvider/LOADING]: Loading FMLModContainer from classloader cpw.mods.modlauncher.TransformingClassLoader@7a687d8d - got cpw.mods.cl.ModuleClassLoader@36dfbdaf
[2510月2025 17:37:07.870] [Render thread/DEBUG] [net.minecraftforge.fml.javafmlmod.FMLModContainer/LOADING]: Creating FMLModContainer instance for dev.shadowsoffire.attributeslib.AttributesLib
[2510月2025 17:37:07.870] [Render thread/DEBUG] [net.minecraftforge.fml.javafmlmod.FMLJavaModLanguageProvider/LOADING]: Loading FMLModContainer from classloader cpw.mods.modlauncher.TransformingClassLoader@7a687d8d - got cpw.mods.cl.ModuleClassLoader@36dfbdaf
[2510月2025 17:37:07.870] [Render thread/DEBUG] [net.minecraftforge.fml.javafmlmod.FMLModContainer/LOADING]: Creating FMLModContainer instance for com.mrcrayfish.configured.Configured
[2510月2025 17:37:07.871] [Render thread/DEBUG] [net.minecraftforge.fml.javafmlmod.FMLJavaModLanguageProvider/LOADING]: Loading FMLModContainer from classloader cpw.mods.modlauncher.TransformingClassLoader@7a687d8d - got cpw.mods.cl.ModuleClassLoader@36dfbdaf
[2510月2025 17:37:07.871] [Render thread/DEBUG] [net.minecraftforge.fml.javafmlmod.FMLModContainer/LOADING]: Creating FMLModContainer instance for com.llamalad7.mixinextras.platform.forge.MixinExtrasMod
[2510月2025 17:37:07.871] [Render thread/DEBUG] [net.minecraftforge.fml.javafmlmod.FMLJavaModLanguageProvider/LOADING]: Loading FMLModContainer from classloader cpw.mods.modlauncher.TransformingClassLoader@7a687d8d - got cpw.mods.cl.ModuleClassLoader@36dfbdaf
[2510月2025 17:37:07.871] [Render thread/DEBUG] [net.minecraftforge.fml.javafmlmod.FMLModContainer/LOADING]: Creating FMLModContainer instance for mezz.itemzoom.ItemZoom
[2510月2025 17:37:07.872] [Render thread/DEBUG] [net.minecraftforge.fml.javafmlmod.FMLJavaModLanguageProvider/LOADING]: Loading FMLModContainer from classloader cpw.mods.modlauncher.TransformingClassLoader@7a687d8d - got cpw.mods.cl.ModuleClassLoader@36dfbdaf
[2510月2025 17:37:07.872] [Render thread/DEBUG] [net.minecraftforge.fml.javafmlmod.FMLModContainer/LOADING]: Creating FMLModContainer instance for icyllis.modernui.mc.forge.ModernUIForge
[2510月2025 17:37:07.872] [Render thread/DEBUG] [net.minecraftforge.fml.javafmlmod.FMLJavaModLanguageProvider/LOADING]: Loading FMLModContainer from classloader cpw.mods.modlauncher.TransformingClassLoader@7a687d8d - got cpw.mods.cl.ModuleClassLoader@36dfbdaf
[2510月2025 17:37:07.872] [Render thread/DEBUG] [net.minecraftforge.fml.javafmlmod.FMLModContainer/LOADING]: Creating FMLModContainer instance for net.minecraftforge.common.ForgeMod
[2510月2025 17:37:07.874] [Render thread/DEBUG] [net.minecraftforge.fml.javafmlmod.FMLJavaModLanguageProvider/LOADING]: Loading FMLModContainer from classloader cpw.mods.modlauncher.TransformingClassLoader@7a687d8d - got cpw.mods.cl.ModuleClassLoader@36dfbdaf
[2510月2025 17:37:07.874] [Render thread/DEBUG] [net.minecraftforge.fml.javafmlmod.FMLModContainer/LOADING]: Creating FMLModContainer instance for net.mehvahdjukaar.dummmmmmy.forge.DummmmmmyForge
[2510月2025 17:37:07.957] [modloading-worker-0/DEBUG] [mixin/]: Mixing perf.forge_registry_lambda.RegistryObjectMixin from modernfix-forge.mixins.json into net.minecraftforge.registries.RegistryObject
[2510月2025 17:37:07.959] [modloading-worker-0/DEBUG] [net.minecraftforge.fml.javafmlmod.AutomaticEventSubscriber/LOADING]: Attempting to inject @EventBusSubscriber classes into the eventbus for mixinextras
[2510月2025 17:37:07.960] [modloading-worker-0/INFO] [invtweaks/]: Registered 2 network packets
[2510月2025 17:37:07.961] [modloading-worker-0/DEBUG] [mixin/]: Mixing perf.fix_loop_spin_waiting.MinecraftServerMixin from modernfix-common.mixins.json into net.minecraft.server.MinecraftServer
[2510月2025 17:37:07.962] [modloading-worker-0/DEBUG] [ModernUI-MC/Init]: Auto detected in FML development environment
[2510月2025 17:37:07.962] [modloading-worker-0/DEBUG] [mixin/]: Mixing core.MinecraftServerMixin from modernfix-common.mixins.json into net.minecraft.server.MinecraftServer
[2510月2025 17:37:07.962] [modloading-worker-0/DEBUG] [mixin/]: Mixing perf.dedicated_reload_executor.MinecraftServerMixin from modernfix-common.mixins.json into net.minecraft.server.MinecraftServer
[2510月2025 17:37:07.962] [modloading-worker-0/DEBUG] [mixin/]: Mixing core.MinecraftServerMixin from modernfix-forge.mixins.json into net.minecraft.server.MinecraftServer
[2510月2025 17:37:07.962] [modloading-worker-0/DEBUG] [mixin/]: Renaming synthetic method lambda$mfix$endReloadTrack$0(Ljava/lang/Void;)V to md27bff4$lambda$mfix$endReloadTrack$0$0 in modernfix-forge.mixins.json:core.MinecraftServerMixin
[2510月2025 17:37:07.962] [modloading-worker-0/DEBUG] [mixin/]: Mixing perf.remove_spawn_chunks.MinecraftServerMixin from modernfix-common.mixins.json into net.minecraft.server.MinecraftServer
[2510月2025 17:37:07.989] [modloading-worker-0/DEBUG] [net.minecraftforge.fml.javafmlmod.AutomaticEventSubscriber/LOADING]: Attempting to inject @EventBusSubscriber classes into the eventbus for configured
[2510月2025 17:37:07.990] [modloading-worker-0/DEBUG] [net.minecraftforge.fml.javafmlmod.AutomaticEventSubscriber/LOADING]: Attempting to inject @EventBusSubscriber classes into the eventbus for placebo
[2510月2025 17:37:07.992] [modloading-worker-0/DEBUG] [net.minecraftforge.fml.javafmlmod.AutomaticEventSubscriber/LOADING]: Attempting to inject @EventBusSubscriber classes into the eventbus for emi
[2510月2025 17:37:07.995] [modloading-worker-0/DEBUG] [net.minecraftforge.fml.javafmlmod.AutomaticEventSubscriber/LOADING]: Auto-subscribing dev.shadowsoffire.placebo.util.PlaceboTaskQueue to FORGE
[2510月2025 17:37:07.995] [modloading-worker-0/DEBUG] [net.minecraftforge.fml.javafmlmod.AutomaticEventSubscriber/LOADING]: Auto-subscribing com.mrcrayfish.configured.client.ClientConfigured to FORGE
[2510月2025 17:37:07.995] [modloading-worker-0/DEBUG] [net.minecraftforge.fml.javafmlmod.AutomaticEventSubscriber/LOADING]: Auto-subscribing dev.emi.emi.platform.forge.EmiClientForge to MOD
[2510月2025 17:37:07.995] [modloading-worker-0/DEBUG] [mixin/]: Mixing GameTypeMixin from attributeslib.mixins.json into net.minecraft.world.level.GameType
[2510月2025 17:37:07.996] [modloading-worker-0/DEBUG] [net.minecraftforge.fml.config.ConfigTracker/CONFIG]: Config file ModernUI/common.toml for modernui tracking
[2510月2025 17:37:07.996] [modloading-worker-0/DEBUG] [net.minecraftforge.fml.config.ConfigTracker/CONFIG]: Config file moonlight-common.toml for moonlight tracking
[2510月2025 17:37:07.996] [modloading-worker-0/DEBUG] [net.minecraftforge.fml.config.ConfigTracker/CONFIG]: Config file damage_number-common.toml for damage_number tracking
[2510月2025 17:37:07.996] [modloading-worker-0/DEBUG] [net.minecraftforge.fml.javafmlmod.AutomaticEventSubscriber/LOADING]: Attempting to inject @EventBusSubscriber classes into the eventbus for damage_number
[2510月2025 17:37:07.996] [modloading-worker-0/DEBUG] [net.minecraftforge.fml.javafmlmod.AutomaticEventSubscriber/LOADING]: Auto-subscribing cc.xypp.damage_number.server.ServerEvent$FORGE to FORGE
[2510月2025 17:37:08.002] [modloading-worker-0/DEBUG] [net.minecraftforge.fml.javafmlmod.AutomaticEventSubscriber/LOADING]: Auto-subscribing dev.shadowsoffire.placebo.patreon.PatreonPreview to FORGE
[2510月2025 17:37:08.004] [modloading-worker-0/DEBUG] [mixin/]: Mixing ServerResourcesMixin from placebo.mixins.json into net.minecraft.server.ReloadableServerResources
[2510月2025 17:37:08.004] [modloading-worker-0/DEBUG] [net.minecraftforge.fml.javafmlmod.AutomaticEventSubscriber/LOADING]: Auto-subscribing dev.shadowsoffire.placebo.PlaceboClient to MOD
[2510月2025 17:37:08.005] [modloading-worker-0/DEBUG] [net.minecraftforge.fml.config.ConfigTracker/CONFIG]: Config file itemzoom-client.toml for itemzoom tracking
[2510月2025 17:37:08.006] [modloading-worker-0/DEBUG] [net.minecraftforge.fml.javafmlmod.AutomaticEventSubscriber/LOADING]: Attempting to inject @EventBusSubscriber classes into the eventbus for itemzoom
[2510月2025 17:37:08.008] [modloading-worker-0/DEBUG] [mixin/]: Mixing perf.smart_ingredient_sync.PlayerListMixin from modernfix-forge.mixins.json into net.minecraft.server.players.PlayerList
[2510月2025 17:37:08.015] [modloading-worker-0/DEBUG] [net.minecraftforge.fml.config.ConfigTracker/CONFIG]: Config file invtweaks-client.toml for invtweaks tracking
[2510月2025 17:37:08.019] [modloading-worker-0/DEBUG] [net.minecraftforge.fml.javafmlmod.AutomaticEventSubscriber/LOADING]: Attempting to inject @EventBusSubscriber classes into the eventbus for invtweaks
[2510月2025 17:37:08.019] [modloading-worker-0/DEBUG] [net.minecraftforge.fml.javafmlmod.AutomaticEventSubscriber/LOADING]: Auto-subscribing invtweaks.events.ServerEvents to FORGE
[2510月2025 17:37:08.025] [modloading-worker-0/DEBUG] [mixin/]: Mixing perf.smart_ingredient_sync.ConnectionMixin from modernfix-forge.mixins.json into net.minecraft.network.Connection
[2510月2025 17:37:08.032] [modloading-worker-0/DEBUG] [net.minecraftforge.fml.javafmlmod.AutomaticEventSubscriber/LOADING]: Auto-subscribing invtweaks.events.KeyMappings to MOD
[2510月2025 17:37:08.032] [modloading-worker-0/DEBUG] [mixin/]: Mixing MixinFontRenderer from mixins.modernui-textmc.json into net.minecraft.client.gui.Font
[2510月2025 17:37:08.033] [modloading-worker-0/DEBUG] [net.minecraftforge.fml.javafmlmod.AutomaticEventSubscriber/LOADING]: Auto-subscribing cc.xypp.damage_number.client.ClientEvent$MC to MOD
[2510月2025 17:37:08.033] [modloading-worker-0/DEBUG] [mixin/]: Mixing FontMixin from jade.mixins.json into net.minecraft.client.gui.Font
[2510月2025 17:37:08.033] [modloading-worker-0/DEBUG] [mixin/]: jade.mixins.json:FontMixin: Class version 61 required is higher than the class version supported by the current version of Mixin (JAVA_16 supports class version 60)
[2510月2025 17:37:08.034] [modloading-worker-0/DEBUG] [net.minecraftforge.fml.config.ConfigTracker/CONFIG]: Config file curios-client.toml for curios tracking
[2510月2025 17:37:08.047] [modloading-worker-0/DEBUG] [net.minecraftforge.fml.javafmlmod.AutomaticEventSubscriber/LOADING]: Auto-subscribing invtweaks.events.ClientEvents to FORGE
[2510月2025 17:37:08.050] [modloading-worker-0/DEBUG] [net.minecraftforge.fml.config.ConfigTracker/CONFIG]: Config file gameplay_sculptor-common.toml for gameplay_sculptor tracking
[2510月2025 17:37:08.050] [modloading-worker-0/DEBUG] [net.minecraftforge.fml.javafmlmod.AutomaticEventSubscriber/LOADING]: Attempting to inject @EventBusSubscriber classes into the eventbus for gameplay_sculptor
[2510月2025 17:37:08.050] [modloading-worker-0/DEBUG] [net.minecraftforge.fml.javafmlmod.AutomaticEventSubscriber/LOADING]: Auto-subscribing tianyi.gameplay_sculptor.Gameplay_sculptor$ClientModEvents to MOD
[2510月2025 17:37:08.050] [modloading-worker-0/DEBUG] [net.minecraftforge.fml.config.ConfigTracker/CONFIG]: Config file curios-common.toml for curios tracking
[2510月2025 17:37:08.050] [modloading-worker-0/DEBUG] [net.minecraftforge.fml.javafmlmod.AutomaticEventSubscriber/LOADING]: Auto-subscribing cc.xypp.damage_number.client.ClientEvent$FM to FORGE
[2510月2025 17:37:08.050] [modloading-worker-0/DEBUG] [net.minecraftforge.fml.config.ConfigTracker/CONFIG]: Config file curios-server.toml for curios tracking
[2510月2025 17:37:08.050] [modloading-worker-0/DEBUG] [net.minecraftforge.fml.javafmlmod.AutomaticEventSubscriber/LOADING]: Attempting to inject @EventBusSubscriber classes into the eventbus for curios
[2510月2025 17:37:08.050] [modloading-worker-0/DEBUG] [net.minecraftforge.fml.javafmlmod.AutomaticEventSubscriber/LOADING]: Auto-subscribing top.theillusivec4.curios.Curios$ClientProxy to MOD
[2510月2025 17:37:08.052] [modloading-worker-0/DEBUG] [net.minecraftforge.fml.javafmlmod.AutomaticEventSubscriber/LOADING]: Auto-subscribing cc.xypp.damage_number.Config to MOD
[2510月2025 17:37:08.052] [modloading-worker-0/DEBUG] [mixin/]: Mixing safety.LivingEntityRendererMixin from modernfix-common.mixins.json into net.minecraft.client.renderer.entity.LivingEntityRenderer
[2510月2025 17:37:08.053] [modloading-worker-0/DEBUG] [mixin/]: Mixing bugfix.entity_pose_stack.LivingEntityRendererMixin from modernfix-forge.mixins.json into net.minecraft.client.renderer.entity.LivingEntityRenderer
[2510月2025 17:37:08.063] [modloading-worker-0/DEBUG] [net.minecraftforge.versions.forge.ForgeVersion/CORE]: Forge Version package package net.minecraftforge.versions.forge, Forge, version 47.4 from cpw.mods.modlauncher.TransformingClassLoader@7a687d8d
[2510月2025 17:37:08.064] [modloading-worker-0/DEBUG] [net.minecraftforge.versions.forge.ForgeVersion/CORE]: Found Forge version 47.4.10
[2510月2025 17:37:08.064] [modloading-worker-0/DEBUG] [net.minecraftforge.versions.forge.ForgeVersion/CORE]: Found Forge spec 47.4
[2510月2025 17:37:08.064] [modloading-worker-0/DEBUG] [net.minecraftforge.versions.forge.ForgeVersion/CORE]: Found Forge group net.minecraftforge
[2510月2025 17:37:08.064] [modloading-worker-0/DEBUG] [net.minecraftforge.fml.config.ConfigTracker/CONFIG]: Config file bhc-common.toml for bhc tracking
[2510月2025 17:37:08.064] [modloading-worker-0/DEBUG] [net.minecraftforge.fml.config.ConfigTracker/CONFIG]: Config file bhc-server.toml for bhc tracking
[2510月2025 17:37:08.064] [modloading-worker-0/DEBUG] [net.minecraftforge.versions.mcp.MCPVersion/CORE]: MCP Version package package net.minecraftforge.versions.mcp, Minecraft, version 1.20.1 from cpw.mods.modlauncher.TransformingClassLoader@7a687d8d
[2510月2025 17:37:08.064] [modloading-worker-0/DEBUG] [net.minecraftforge.versions.mcp.MCPVersion/CORE]: Found MC version information 1.20.1
[2510月2025 17:37:08.064] [modloading-worker-0/DEBUG] [net.minecraftforge.versions.mcp.MCPVersion/CORE]: Found MCP version information 20230612.114412
[2510月2025 17:37:08.064] [modloading-worker-0/INFO] [net.minecraftforge.common.ForgeMod/FORGEMOD]: Forge mod loading, version 47.4.10, for MC 1.20.1 with MCP 20230612.114412
[2510月2025 17:37:08.064] [modloading-worker-0/INFO] [net.minecraftforge.common.MinecraftForge/FORGE]: MinecraftForge v47.4.10 Initialized
[2510月2025 17:37:08.065] [modloading-worker-0/DEBUG] [net.minecraftforge.fml.javafmlmod.AutomaticEventSubscriber/LOADING]: Attempting to inject @EventBusSubscriber classes into the eventbus for bhc
[2510月2025 17:37:08.065] [modloading-worker-0/DEBUG] [net.minecraftforge.fml.javafmlmod.AutomaticEventSubscriber/LOADING]: Auto-subscribing com.traverse.bhc.common.util.StartingHealthHandler to FORGE
[2510月2025 17:37:08.066] [modloading-worker-0/DEBUG] [net.minecraftforge.fml.javafmlmod.AutomaticEventSubscriber/LOADING]: Auto-subscribing com.traverse.bhc.common.util.PlayerDeathEvent to FORGE
[2510月2025 17:37:08.067] [modloading-worker-0/DEBUG] [net.minecraftforge.fml.config.ConfigTracker/CONFIG]: Config file ModernUI/client.toml for modernui tracking
[2510月2025 17:37:08.067] [modloading-worker-0/DEBUG] [net.minecraftforge.fml.javafmlmod.AutomaticEventSubscriber/LOADING]: Auto-subscribing com.traverse.bhc.common.util.HealthModifier to FORGE
[2510月2025 17:37:08.067] [modloading-worker-0/DEBUG] [net.minecraftforge.fml.javafmlmod.AutomaticEventSubscriber/LOADING]: Attempting to inject @EventBusSubscriber classes into the eventbus for jade
[2510月2025 17:37:08.068] [modloading-worker-0/DEBUG] [net.minecraftforge.fml.javafmlmod.AutomaticEventSubscriber/LOADING]: Auto-subscribing invtweaks.config.InvTweaksConfig to MOD
[2510月2025 17:37:08.069] [modloading-worker-0/DEBUG] [mixin/]: Mixing perf.datapack_reload_exceptions.RecipeManagerMixin from modernfix-forge.mixins.json into net.minecraft.world.item.crafting.RecipeManager
[2510月2025 17:37:08.070] [modloading-worker-0/DEBUG] [net.minecraftforge.fml.config.ConfigTracker/CONFIG]: Config file ModernUI/text.toml for modernui tracking
[2510月2025 17:37:08.075] [modloading-worker-0/DEBUG] [mixin/]: Mixing AttributeInstanceAccessor from attributeslib.mixins.json into net.minecraft.world.entity.ai.attributes.AttributeInstance
[2510月2025 17:37:08.077] [modloading-worker-0/DEBUG] [net.minecraftforge.fml.javafmlmod.AutomaticEventSubscriber/LOADING]: Auto-subscribing com.traverse.bhc.common.util.DropHandler to FORGE
[2510月2025 17:37:08.079] [modloading-worker-0/DEBUG] [net.minecraftforge.fml.javafmlmod.AutomaticEventSubscriber/LOADING]: Auto-subscribing com.traverse.bhc.client.ClientBaubleyHeartCanisters to MOD
[2510月2025 17:37:08.083] [modloading-worker-0/DEBUG] [net.minecraftforge.fml.config.ConfigTracker/CONFIG]: Config file modernfix-common.toml for modernfix tracking
[2510月2025 17:37:08.087] [modloading-worker-0/DEBUG] [net.minecraftforge.fml.javafmlmod.AutomaticEventSubscriber/LOADING]: Attempting to inject @EventBusSubscriber classes into the eventbus for modernfix
[2510月2025 17:37:08.088] [modloading-worker-0/DEBUG] [net.minecraftforge.fml.javafmlmod.AutomaticEventSubscriber/LOADING]: Auto-subscribing org.embeddedt.modernfix.forge.datagen.RuntimeDatagen to FORGE
[2510月2025 17:37:08.098] [modloading-worker-0/DEBUG] [net.minecraftforge.fml.config.ConfigTracker/CONFIG]: Config file forge-client.toml for forge tracking
[2510月2025 17:37:08.099] [modloading-worker-0/DEBUG] [net.minecraftforge.fml.config.ConfigTracker/CONFIG]: Config file forge-server.toml for forge tracking
[2510月2025 17:37:08.099] [modloading-worker-0/DEBUG] [net.minecraftforge.fml.ModLoadingContext/]: Attempted to register an empty config for type COMMON on mod forge
[2510月2025 17:37:08.100] [modloading-worker-0/DEBUG] [net.minecraftforge.fml.javafmlmod.AutomaticEventSubscriber/LOADING]: Attempting to inject @EventBusSubscriber classes into the eventbus for geckolib
[2510月2025 17:37:08.100] [modloading-worker-0/DEBUG] [net.minecraftforge.fml.javafmlmod.AutomaticEventSubscriber/LOADING]: Auto-subscribing software.bernie.example.GeckoLibMod to FORGE
[2510月2025 17:37:08.100] [modloading-worker-0/DEBUG] [net.minecraftforge.fml.javafmlmod.AutomaticEventSubscriber/LOADING]: Auto-subscribing software.bernie.example.CommonListener to MOD
[2510月2025 17:37:08.101] [modloading-worker-0/DEBUG] [net.minecraftforge.fml.javafmlmod.AutomaticEventSubscriber/LOADING]: Auto-subscribing software.bernie.example.ClientListener to MOD
[2510月2025 17:37:08.108] [modloading-worker-0/DEBUG] [net.minecraftforge.fml.config.ConfigTracker/CONFIG]: Config file dummmmmmy-client.toml for dummmmmmy tracking
[2510月2025 17:37:08.109] [modloading-worker-0/DEBUG] [net.minecraftforge.fml.javafmlmod.AutomaticEventSubscriber/LOADING]: Attempting to inject @EventBusSubscriber classes into the eventbus for forge
[2510月2025 17:37:08.109] [modloading-worker-0/DEBUG] [net.minecraftforge.fml.javafmlmod.AutomaticEventSubscriber/LOADING]: Auto-subscribing net.minecraftforge.common.ForgeSpawnEggItem$CommonHandler to MOD
[2510月2025 17:37:08.109] [modloading-worker-0/DEBUG] [net.minecraftforge.fml.javafmlmod.AutomaticEventSubscriber/LOADING]: Auto-subscribing net.minecraftforge.common.ForgeSpawnEggItem$ColorRegisterHandler to MOD
[2510月2025 17:37:08.111] [modloading-worker-0/DEBUG] [net.minecraftforge.fml.config.ConfigTracker/CONFIG]: Config file dummmmmmy-common.toml for dummmmmmy tracking
[2510月2025 17:37:08.111] [modloading-worker-0/DEBUG] [mixin/]: Mixing safety.ItemColorsMixin from modernfix-common.mixins.json into net.minecraft.client.color.item.ItemColors
[2510月2025 17:37:08.118] [modloading-worker-0/DEBUG] [mixin/]: Mixing safety.BlockColorsMixin from modernfix-common.mixins.json into net.minecraft.client.color.block.BlockColors
[2510月2025 17:37:08.126] [modloading-worker-0/DEBUG] [net.minecraftforge.fml.javafmlmod.AutomaticEventSubscriber/LOADING]: Auto-subscribing net.minecraftforge.client.model.data.ModelDataManager to FORGE
[2510月2025 17:37:08.126] [modloading-worker-0/DEBUG] [mixin/]: Mixing bugfix.model_data_manager_cme.ModelDataManagerMixin from modernfix-forge.mixins.json into net.minecraftforge.client.model.data.ModelDataManager
[2510月2025 17:37:08.126] [modloading-worker-0/DEBUG] [mixin/]: Renaming synthetic method lambda$changeTypeOfSetUsed$0(Lnet/minecraft/world/level/ChunkPos;)Ljava/util/Set; to md27bff4$lambda$changeTypeOfSetUsed$0$0 in modernfix-forge.mixins.json:bugfix.model_data_manager_cme.ModelDataManagerMixin
[2510月2025 17:37:08.127] [modloading-worker-0/DEBUG] [net.minecraftforge.fml.javafmlmod.AutomaticEventSubscriber/LOADING]: Attempting to inject @EventBusSubscriber classes into the eventbus for attributeslib
[2510月2025 17:37:08.138] [modloading-worker-0/DEBUG] [net.minecraftforge.fml.javafmlmod.AutomaticEventSubscriber/LOADING]: Attempting to inject @EventBusSubscriber classes into the eventbus for dummmmmmy
[2510月2025 17:37:08.138] [modloading-worker-0/DEBUG] [net.minecraftforge.fml.javafmlmod.AutomaticEventSubscriber/LOADING]: Auto-subscribing net.minecraftforge.client.ForgeHooksClient$ClientEvents to MOD
[2510月2025 17:37:08.140] [modloading-worker-0/DEBUG] [net.minecraftforge.fml.javafmlmod.AutomaticEventSubscriber/LOADING]: Auto-subscribing net.minecraftforge.client.ClientForgeMod to MOD
[2510月2025 17:37:08.159] [modloading-worker-0/DEBUG] [net.minecraftforge.fml.config.ConfigTracker/CONFIG]: Config file moonlight-client.toml for moonlight tracking
[2510月2025 17:37:08.171] [modloading-worker-0/DEBUG] [net.minecraftforge.fml.javafmlmod.AutomaticEventSubscriber/LOADING]: Attempting to inject @EventBusSubscriber classes into the eventbus for moonlight
[2510月2025 17:37:08.172] [modloading-worker-0/DEBUG] [net.minecraftforge.fml.javafmlmod.AutomaticEventSubscriber/LOADING]: Auto-subscribing net.mehvahdjukaar.moonlight.forge.MoonlightForgeClient to FORGE
[2510月2025 17:37:08.173] [modloading-worker-0/DEBUG] [mixin/]: Mixing MixinStringSplitter from mixins.modernui-forge.json into net.minecraft.client.StringSplitter
[2510月2025 17:37:08.181] [modloading-worker-0/INFO] [ModernUI/Core]: Created TextLayoutEngine
[2510月2025 17:37:08.182] [modloading-worker-0/INFO] [ModernUI/Core]: Initialized Modern UI text engine
[2510月2025 17:37:08.187] [modloading-worker-0/INFO] [ModernUI/Core]: Initialized Modern UI client
[2510月2025 17:37:08.187] [modloading-worker-0/INFO] [ModernUI-MC/Init]: Initialized Modern UI
[2510月2025 17:37:08.187] [modloading-worker-0/DEBUG] [net.minecraftforge.fml.javafmlmod.AutomaticEventSubscriber/LOADING]: Attempting to inject @EventBusSubscriber classes into the eventbus for modernui
[2510月2025 17:37:08.188] [modloading-worker-0/DEBUG] [net.minecraftforge.fml.javafmlmod.AutomaticEventSubscriber/LOADING]: Auto-subscribing icyllis.modernui.mc.forge.Registration to MOD
[2510月2025 17:37:08.189] [modloading-worker-0/DEBUG] [net.minecraftforge.fml.javafmlmod.AutomaticEventSubscriber/LOADING]: Auto-subscribing icyllis.modernui.mc.forge.Registration$ModClient to MOD
[2510月2025 17:37:08.192] [modloading-worker-0/DEBUG] [net.minecraftforge.fml.javafmlmod.AutomaticEventSubscriber/LOADING]: Auto-subscribing icyllis.modernui.mc.forge.EventHandler to FORGE
[2510月2025 17:37:08.194] [modloading-worker-0/DEBUG] [net.minecraftforge.fml.javafmlmod.AutomaticEventSubscriber/LOADING]: Auto-subscribing icyllis.modernui.mc.forge.EventHandler$Client to FORGE
[2510月2025 17:37:08.312] [modloading-worker-0/DEBUG] [net.minecraftforge.fml.javafmlmod.AutomaticEventSubscriber/LOADING]: Attempting to inject @EventBusSubscriber classes into the eventbus for born_in_chaos_v1
[2510月2025 17:37:08.312] [modloading-worker-0/DEBUG] [net.minecraftforge.fml.javafmlmod.AutomaticEventSubscriber/LOADING]: Auto-subscribing net.mcreator.borninchaosv.recipes.brewing.StimulatingDecoctionPBrewingRecipe to MOD
[2510月2025 17:37:08.312] [modloading-worker-0/DEBUG] [net.minecraftforge.fml.javafmlmod.AutomaticEventSubscriber/LOADING]: Auto-subscribing net.mcreator.borninchaosv.recipes.brewing.SeaTerrorEyeKBrewingRecipe to MOD
[2510月2025 17:37:08.313] [modloading-worker-0/DEBUG] [net.minecraftforge.fml.javafmlmod.AutomaticEventSubscriber/LOADING]: Auto-subscribing net.mcreator.borninchaosv.recipes.brewing.PotionofRampagekBrewingRecipe to MOD
[2510月2025 17:37:08.313] [modloading-worker-0/DEBUG] [net.minecraftforge.fml.javafmlmod.AutomaticEventSubscriber/LOADING]: Auto-subscribing net.mcreator.borninchaosv.recipes.brewing.PotionofMagicalDepletionKBrewingRecipe to MOD
[2510月2025 17:37:08.313] [modloading-worker-0/DEBUG] [net.minecraftforge.fml.javafmlmod.AutomaticEventSubscriber/LOADING]: Auto-subscribing net.mcreator.borninchaosv.recipes.brewing.PotionofLivingCocoonCraftBrewingRecipe to MOD
[2510月2025 17:37:08.313] [modloading-worker-0/DEBUG] [net.minecraftforge.fml.javafmlmod.AutomaticEventSubscriber/LOADING]: Auto-subscribing net.mcreator.borninchaosv.recipes.brewing.IntoxicationPotionKBrewingRecipe to MOD
[2510月2025 17:37:08.314] [modloading-worker-0/DEBUG] [net.minecraftforge.fml.javafmlmod.AutomaticEventSubscriber/LOADING]: Auto-subscribing net.mcreator.borninchaosv.recipes.brewing.ElixirofWitherResistanceCraftBrewingRecipe to MOD
[2510月2025 17:37:08.314] [modloading-worker-0/DEBUG] [net.minecraftforge.fml.javafmlmod.AutomaticEventSubscriber/LOADING]: Auto-subscribing net.mcreator.borninchaosv.recipes.brewing.ElixirofVampirismKBrewingRecipe to MOD
[2510月2025 17:37:08.314] [modloading-worker-0/DEBUG] [net.minecraftforge.fml.javafmlmod.AutomaticEventSubscriber/LOADING]: Auto-subscribing net.mcreator.borninchaosv.recipes.brewing.ElixirofInsectProtectionCraftBrewingRecipe to MOD
[2510月2025 17:37:08.314] [modloading-worker-0/DEBUG] [net.minecraftforge.fml.javafmlmod.AutomaticEventSubscriber/LOADING]: Auto-subscribing net.mcreator.borninchaosv.recipes.brewing.ElixirofIceBarrierCraftBrewingRecipe to MOD
[2510月2025 17:37:08.315] [modloading-worker-0/DEBUG] [net.minecraftforge.fml.javafmlmod.AutomaticEventSubscriber/LOADING]: Auto-subscribing net.mcreator.borninchaosv.recipes.brewing.ChaosComponentCraftBrewingRecipe to MOD
[2510月2025 17:37:08.315] [modloading-worker-0/DEBUG] [net.minecraftforge.fml.javafmlmod.AutomaticEventSubscriber/LOADING]: Auto-subscribing net.mcreator.borninchaosv.recipes.brewing.BottleOfMagicalEnergyKBrewingRecipe to MOD
[2510月2025 17:37:08.315] [modloading-worker-0/DEBUG] [net.minecraftforge.fml.javafmlmod.AutomaticEventSubscriber/LOADING]: Auto-subscribing net.mcreator.borninchaosv.procedures.ZombieswithDoorPriObnovlieniiTaktaSushchnostiProcedure to FORGE
[2510月2025 17:37:08.315] [modloading-worker-0/DEBUG] [net.minecraftforge.fml.javafmlmod.AutomaticEventSubscriber/LOADING]: Auto-subscribing net.mcreator.borninchaosv.procedures.ZombiefishermanatackProcedure to FORGE
[2510月2025 17:37:08.316] [modloading-worker-0/DEBUG] [net.minecraftforge.fml.javafmlmod.AutomaticEventSubscriber/LOADING]: Auto-subscribing net.mcreator.borninchaosv.procedures.ZombieclownatacProcedure to FORGE
[2510月2025 17:37:08.316] [modloading-worker-0/DEBUG] [net.minecraftforge.fml.javafmlmod.AutomaticEventSubscriber/LOADING]: Auto-subscribing net.mcreator.borninchaosv.procedures.ZombieMaggotsProcedure to FORGE
[2510月2025 17:37:08.316] [modloading-worker-0/DEBUG] [net.minecraftforge.fml.javafmlmod.AutomaticEventSubscriber/LOADING]: Auto-subscribing net.mcreator.borninchaosv.procedures.ZombieLumberjackAtackProcedure to FORGE
[2510月2025 17:37:08.317] [modloading-worker-0/DEBUG] [net.minecraftforge.fml.javafmlmod.AutomaticEventSubscriber/LOADING]: Auto-subscribing net.mcreator.borninchaosv.procedures.ZombieBruiseratackProcedure to FORGE
[2510月2025 17:37:08.317] [modloading-worker-0/DEBUG] [net.minecraftforge.fml.javafmlmod.AutomaticEventSubscriber/LOADING]: Auto-subscribing net.mcreator.borninchaosv.procedures.WarningSoundProcedure to FORGE
[2510月2025 17:37:08.317] [modloading-worker-0/DEBUG] [net.minecraftforge.fml.javafmlmod.AutomaticEventSubscriber/LOADING]: Auto-subscribing net.mcreator.borninchaosv.procedures.VampiricTouchAtackProcedure to FORGE
[2510月2025 17:37:08.317] [modloading-worker-0/DEBUG] [net.minecraftforge.fml.javafmlmod.AutomaticEventSubscriber/LOADING]: Auto-subscribing net.mcreator.borninchaosv.procedures.TransmutingElixirclicProcedure to FORGE
[2510月2025 17:37:08.318] [modloading-worker-0/DEBUG] [net.minecraftforge.fml.javafmlmod.AutomaticEventSubscriber/LOADING]: Auto-subscribing net.mcreator.borninchaosv.procedures.ThornshellCrabPriShchielchkiePKMPoSushchnostiProcedure to FORGE
[2510月2025 17:37:08.319] [modloading-worker-0/DEBUG] [net.minecraftforge.fml.javafmlmod.AutomaticEventSubscriber/LOADING]: Auto-subscribing net.mcreator.borninchaosv.procedures.SwarmerPreparationProcedure to FORGE
[2510月2025 17:37:08.319] [modloading-worker-0/DEBUG] [net.minecraftforge.fml.javafmlmod.AutomaticEventSubscriber/LOADING]: Auto-subscribing net.mcreator.borninchaosv.procedures.SpiritofChaosAtackProcedure to FORGE
[2510月2025 17:37:08.319] [modloading-worker-0/DEBUG] [net.minecraftforge.fml.javafmlmod.AutomaticEventSubscriber/LOADING]: Auto-subscribing net.mcreator.borninchaosv.procedures.SpiritGuideAtacProcedure to FORGE
[2510月2025 17:37:08.320] [modloading-worker-0/DEBUG] [net.minecraftforge.fml.javafmlmod.AutomaticEventSubscriber/LOADING]: Auto-subscribing net.mcreator.borninchaosv.procedures.SpinyShellArmorKazhdyiTikDliaShliemaProcedure to FORGE
[2510月2025 17:37:08.320] [modloading-worker-0/DEBUG] [net.minecraftforge.fml.javafmlmod.AutomaticEventSubscriber/LOADING]: Auto-subscribing net.mcreator.borninchaosv.procedures.SkeletonThrasherDProcedure to FORGE
[2510月2025 17:37:08.320] [modloading-worker-0/DEBUG] [net.minecraftforge.fml.javafmlmod.AutomaticEventSubscriber/LOADING]: Auto-subscribing net.mcreator.borninchaosv.procedures.SerPumpkinheadAtacProcedure to FORGE
[2510月2025 17:37:08.321] [modloading-worker-0/DEBUG] [net.minecraftforge.fml.javafmlmod.AutomaticEventSubscriber/LOADING]: Auto-subscribing net.mcreator.borninchaosv.procedures.SearedspiritPProcedure to FORGE
[2510月2025 17:37:08.321] [modloading-worker-0/DEBUG] [net.minecraftforge.fml.javafmlmod.AutomaticEventSubscriber/LOADING]: Auto-subscribing net.mcreator.borninchaosv.procedures.RampagePProcedure to FORGE
[2510月2025 17:37:08.321] [modloading-worker-0/DEBUG] [net.minecraftforge.fml.javafmlmod.AutomaticEventSubscriber/LOADING]: Auto-subscribing net.mcreator.borninchaosv.procedures.PumpkinbruiserAtacProcedure to FORGE
[2510月2025 17:37:08.321] [modloading-worker-0/DEBUG] [net.minecraftforge.fml.javafmlmod.AutomaticEventSubscriber/LOADING]: Auto-subscribing net.mcreator.borninchaosv.procedures.PositiveTamingProcedure to FORGE
[2510月2025 17:37:08.322] [modloading-worker-0/DEBUG] [net.minecraftforge.fml.javafmlmod.AutomaticEventSubscriber/LOADING]: Auto-subscribing net.mcreator.borninchaosv.procedures.PositiveFertilizerProcedure to FORGE
[2510月2025 17:37:08.322] [modloading-worker-0/DEBUG] [net.minecraftforge.fml.javafmlmod.AutomaticEventSubscriber/LOADING]: Auto-subscribing net.mcreator.borninchaosv.procedures.PiritAtacProcedure to FORGE
[2510月2025 17:37:08.323] [modloading-worker-0/DEBUG] [net.minecraftforge.fml.javafmlmod.AutomaticEventSubscriber/LOADING]: Auto-subscribing net.mcreator.borninchaosv.procedures.ObsessiondeadProcedure to FORGE
[2510月2025 17:37:08.323] [modloading-worker-0/DEBUG] [net.minecraftforge.fml.javafmlmod.AutomaticEventSubscriber/LOADING]: Auto-subscribing net.mcreator.borninchaosv.procedures.NightmareStalkerDamProcedure to FORGE
[2510月2025 17:37:08.323] [modloading-worker-0/DEBUG] [net.minecraftforge.fml.javafmlmod.AutomaticEventSubscriber/LOADING]: Auto-subscribing net.mcreator.borninchaosv.procedures.MrPumpkinAtacProcedure to FORGE
[2510月2025 17:37:08.323] [modloading-worker-0/DEBUG] [net.minecraftforge.fml.javafmlmod.AutomaticEventSubscriber/LOADING]: Auto-subscribing net.mcreator.borninchaosv.procedures.MotherSpiderAtackProcedure to FORGE
[2510月2025 17:37:08.324] [modloading-worker-0/DEBUG] [net.minecraftforge.fml.javafmlmod.AutomaticEventSubscriber/LOADING]: Auto-subscribing net.mcreator.borninchaosv.procedures.MissionaryHatpProcedure to FORGE
[2510月2025 17:37:08.324] [modloading-worker-0/DEBUG] [net.minecraftforge.fml.javafmlmod.AutomaticEventSubscriber/LOADING]: Auto-subscribing net.mcreator.borninchaosv.procedures.MissionaryAtacktargetProcedure to FORGE
[2510月2025 17:37:08.324] [modloading-worker-0/DEBUG] [net.minecraftforge.fml.javafmlmod.AutomaticEventSubscriber/LOADING]: Auto-subscribing net.mcreator.borninchaosv.procedures.MinionsattacktargetProcedure to FORGE
[2510月2025 17:37:08.325] [modloading-worker-0/DEBUG] [net.minecraftforge.fml.javafmlmod.AutomaticEventSubscriber/LOADING]: Auto-subscribing net.mcreator.borninchaosv.procedures.LunarSpruceCowboyPProcedure to FORGE
[2510月2025 17:37:08.325] [modloading-worker-0/DEBUG] [net.minecraftforge.fml.javafmlmod.AutomaticEventSubscriber/LOADING]: Auto-subscribing net.mcreator.borninchaosv.procedures.LordsFelsteedatackProcedure to FORGE
[2510月2025 17:37:08.325] [modloading-worker-0/DEBUG] [net.minecraftforge.fml.javafmlmod.AutomaticEventSubscriber/LOADING]: Auto-subscribing net.mcreator.borninchaosv.procedures.LordTheHeadlessAtackProcedure to FORGE
[2510月2025 17:37:08.326] [modloading-worker-0/DEBUG] [net.minecraftforge.fml.javafmlmod.AutomaticEventSubscriber/LOADING]: Auto-subscribing net.mcreator.borninchaosv.procedures.LordPumpkinheadsHatHitProcedure to FORGE
[2510月2025 17:37:08.326] [modloading-worker-0/DEBUG] [net.minecraftforge.fml.javafmlmod.AutomaticEventSubscriber/LOADING]: Auto-subscribing net.mcreator.borninchaosv.procedures.LordPumpkinheadatackProcedure to FORGE
[2510月2025 17:37:08.327] [modloading-worker-0/DEBUG] [net.minecraftforge.fml.javafmlmod.AutomaticEventSubscriber/LOADING]: Auto-subscribing net.mcreator.borninchaosv.procedures.LivingcocoonplayersideDeadProcedure to FORGE
[2510月2025 17:37:08.327] [modloading-worker-0/DEBUG] [net.minecraftforge.fml.javafmlmod.AutomaticEventSubscriber/LOADING]: Auto-subscribing net.mcreator.borninchaosv.procedures.LivingCocoonDeadProcedure to FORGE
[2510月2025 17:37:08.327] [modloading-worker-0/DEBUG] [net.minecraftforge.fml.javafmlmod.AutomaticEventSubscriber/LOADING]: Auto-subscribing net.mcreator.borninchaosv.procedures.LifestealerTFAtackProcedure to FORGE
[2510月2025 17:37:08.327] [modloading-worker-0/DEBUG] [net.minecraftforge.fml.javafmlmod.AutomaticEventSubscriber/LOADING]: Auto-subscribing net.mcreator.borninchaosv.procedures.LifestealerAtackProcedure to FORGE
[2510月2025 17:37:08.328] [modloading-worker-0/DEBUG] [net.minecraftforge.fml.javafmlmod.AutomaticEventSubscriber/LOADING]: Auto-subscribing net.mcreator.borninchaosv.procedures.KrampusHenchmanAttackProcedure to FORGE
[2510月2025 17:37:08.328] [modloading-worker-0/DEBUG] [net.minecraftforge.fml.javafmlmod.AutomaticEventSubscriber/LOADING]: Auto-subscribing net.mcreator.borninchaosv.procedures.KrampusAttackProcedure to FORGE
[2510月2025 17:37:08.329] [modloading-worker-0/DEBUG] [net.minecraftforge.fml.javafmlmod.AutomaticEventSubscriber/LOADING]: Auto-subscribing net.mcreator.borninchaosv.procedures.KillinganimalsProcedure to FORGE
[2510月2025 17:37:08.329] [modloading-worker-0/DEBUG] [net.minecraftforge.fml.javafmlmod.AutomaticEventSubscriber/LOADING]: Auto-subscribing net.mcreator.borninchaosv.procedures.KillingVillagersProcedure to FORGE
[2510月2025 17:37:08.330] [modloading-worker-0/DEBUG] [net.minecraftforge.fml.javafmlmod.AutomaticEventSubscriber/LOADING]: Auto-subscribing net.mcreator.borninchaosv.procedures.InsectProtectionTrigerProcedure to FORGE
[2510月2025 17:37:08.330] [modloading-worker-0/DEBUG] [net.minecraftforge.fml.javafmlmod.AutomaticEventSubscriber/LOADING]: Auto-subscribing net.mcreator.borninchaosv.procedures.InfernalSpiritAtackProcedure to FORGE
[2510月2025 17:37:08.330] [modloading-worker-0/DEBUG] [net.minecraftforge.fml.javafmlmod.AutomaticEventSubscriber/LOADING]: Auto-subscribing net.mcreator.borninchaosv.procedures.IceBarrierAttackProcedure to FORGE
[2510月2025 17:37:08.331] [modloading-worker-0/DEBUG] [net.minecraftforge.fml.javafmlmod.AutomaticEventSubscriber/LOADING]: Auto-subscribing net.mcreator.borninchaosv.procedures.HewnScorchedLogPProcedure to FORGE
[2510月2025 17:37:08.331] [modloading-worker-0/DEBUG] [net.minecraftforge.fml.javafmlmod.AutomaticEventSubscriber/LOADING]: Auto-subscribing net.mcreator.borninchaosv.procedures.GluttonfishatackProcedure to FORGE
[2510月2025 17:37:08.332] [modloading-worker-0/DEBUG] [net.minecraftforge.fml.javafmlmod.AutomaticEventSubscriber/LOADING]: Auto-subscribing net.mcreator.borninchaosv.procedures.FragileScorchedPlanksPProcedure to FORGE
[2510月2025 17:37:08.332] [modloading-worker-0/DEBUG] [net.minecraftforge.fml.javafmlmod.AutomaticEventSubscriber/LOADING]: Auto-subscribing net.mcreator.borninchaosv.procedures.FirelightDProcedure to FORGE
[2510月2025 17:37:08.332] [modloading-worker-0/DEBUG] [net.minecraftforge.fml.javafmlmod.AutomaticEventSubscriber/LOADING]: Auto-subscribing net.mcreator.borninchaosv.procedures.ExperienceContainerDeathProcedure to FORGE
[2510月2025 17:37:08.333] [modloading-worker-0/DEBUG] [net.minecraftforge.fml.javafmlmod.AutomaticEventSubscriber/LOADING]: Auto-subscribing net.mcreator.borninchaosv.procedures.EvilCarvedPumpkinPProcedure to FORGE
[2510月2025 17:37:08.333] [modloading-worker-0/DEBUG] [net.minecraftforge.fml.javafmlmod.AutomaticEventSubscriber/LOADING]: Auto-subscribing net.mcreator.borninchaosv.procedures.EatingRottenFleshProcedure to FORGE
[2510月2025 17:37:08.334] [modloading-worker-0/DEBUG] [net.minecraftforge.fml.javafmlmod.AutomaticEventSubscriber/LOADING]: Auto-subscribing net.mcreator.borninchaosv.procedures.EasterDropProcedure to FORGE
[2510月2025 17:37:08.334] [modloading-worker-0/DEBUG] [net.minecraftforge.fml.javafmlmod.AutomaticEventSubscriber/LOADING]: Auto-subscribing net.mcreator.borninchaosv.procedures.DreadHoundPriNazhatiiPravoiKnopkiNaSushchnostProcedure to FORGE
[2510月2025 17:37:08.334] [modloading-worker-0/DEBUG] [net.minecraftforge.fml.javafmlmod.AutomaticEventSubscriber/LOADING]: Auto-subscribing net.mcreator.borninchaosv.procedures.DreadHoundAtacProcedure to FORGE
[2510月2025 17:37:08.334] [modloading-worker-0/DEBUG] [net.minecraftforge.fml.javafmlmod.AutomaticEventSubscriber/LOADING]: Auto-subscribing net.mcreator.borninchaosv.procedures.DireHoundLeaderAtackProcedure to FORGE
[2510月2025 17:37:08.335] [modloading-worker-0/DEBUG] [net.minecraftforge.fml.javafmlmod.AutomaticEventSubscriber/LOADING]: Auto-subscribing net.mcreator.borninchaosv.procedures.DimonBaitProcedure to FORGE
[2510月2025 17:37:08.335] [modloading-worker-0/DEBUG] [net.minecraftforge.fml.javafmlmod.AutomaticEventSubscriber/LOADING]: Auto-subscribing net.mcreator.borninchaosv.procedures.DeathTotemKoghdaPriedmietNakhoditsiaVRukieProcedure to FORGE
[2510月2025 17:37:08.335] [modloading-worker-0/DEBUG] [net.minecraftforge.fml.javafmlmod.AutomaticEventSubscriber/LOADING]: Auto-subscribing net.mcreator.borninchaosv.procedures.DarkWardActivProcedure to FORGE
[2510月2025 17:37:08.336] [modloading-worker-0/DEBUG] [net.minecraftforge.fml.javafmlmod.AutomaticEventSubscriber/LOADING]: Auto-subscribing net.mcreator.borninchaosv.procedures.DarkRitualDaggerPProcedure to FORGE
[2510月2025 17:37:08.337] [modloading-worker-0/DEBUG] [net.minecraftforge.fml.javafmlmod.AutomaticEventSubscriber/LOADING]: Auto-subscribing net.mcreator.borninchaosv.procedures.DZombieDProcedure to FORGE
[2510月2025 17:37:08.337] [modloading-worker-0/DEBUG] [net.minecraftforge.fml.javafmlmod.AutomaticEventSubscriber/LOADING]: Auto-subscribing net.mcreator.borninchaosv.procedures.CursedMarkAtacProcedure to FORGE
[2510月2025 17:37:08.337] [modloading-worker-0/DEBUG] [net.minecraftforge.fml.javafmlmod.AutomaticEventSubscriber/LOADING]: Auto-subscribing net.mcreator.borninchaosv.procedures.CorpseflyatacProcedure to FORGE
[2510月2025 17:37:08.337] [modloading-worker-0/DEBUG] [net.minecraftforge.fml.javafmlmod.AutomaticEventSubscriber/LOADING]: Auto-subscribing net.mcreator.borninchaosv.procedures.BoneBarrierProProcedure to FORGE
[2510月2025 17:37:08.338] [modloading-worker-0/DEBUG] [net.minecraftforge.fml.javafmlmod.AutomaticEventSubscriber/LOADING]: Auto-subscribing net.mcreator.borninchaosv.procedures.BloodyGadflyAtacProcedure to FORGE
[2510月2025 17:37:08.338] [modloading-worker-0/DEBUG] [net.minecraftforge.fml.javafmlmod.AutomaticEventSubscriber/LOADING]: Auto-subscribing net.mcreator.borninchaosv.procedures.BlockSkeletonTrasherProcedure to FORGE
[2510月2025 17:37:08.339] [modloading-worker-0/DEBUG] [net.minecraftforge.fml.javafmlmod.AutomaticEventSubscriber/LOADING]: Auto-subscribing net.mcreator.borninchaosv.procedures.BabyspidercontrolledAtackProcedure to FORGE
[2510月2025 17:37:08.339] [modloading-worker-0/DEBUG] [net.minecraftforge.fml.javafmlmod.AutomaticEventSubscriber/LOADING]: Auto-subscribing net.mcreator.borninchaosv.procedures.BabySpiderAtackProcedure to FORGE
[2510月2025 17:37:08.339] [modloading-worker-0/DEBUG] [net.minecraftforge.fml.javafmlmod.AutomaticEventSubscriber/LOADING]: Auto-subscribing net.mcreator.borninchaosv.procedures.AxeAtackProcedure to FORGE
[2510月2025 17:37:08.339] [modloading-worker-0/DEBUG] [net.minecraftforge.fml.javafmlmod.AutomaticEventSubscriber/LOADING]: Auto-subscribing net.mcreator.borninchaosv.procedures.AttackoftheDisobedientProcedure to FORGE
[2510月2025 17:37:08.340] [modloading-worker-0/DEBUG] [net.minecraftforge.fml.javafmlmod.AutomaticEventSubscriber/LOADING]: Auto-subscribing net.mcreator.borninchaosv.network.BornInChaosV1ModVariables to MOD
[2510月2025 17:37:08.342] [modloading-worker-0/DEBUG] [net.minecraftforge.fml.javafmlmod.AutomaticEventSubscriber/LOADING]: Auto-subscribing net.mcreator.borninchaosv.network.BornInChaosV1ModVariables$PlayerVariablesProvider to FORGE
[2510月2025 17:37:08.343] [modloading-worker-0/DEBUG] [net.minecraftforge.fml.javafmlmod.AutomaticEventSubscriber/LOADING]: Auto-subscribing net.mcreator.borninchaosv.network.BornInChaosV1ModVariables$EventBusVariableHandlers to FORGE
[2510月2025 17:37:08.344] [modloading-worker-0/DEBUG] [net.minecraftforge.fml.javafmlmod.AutomaticEventSubscriber/LOADING]: Auto-subscribing net.mcreator.borninchaosv.init.ItemAnimationFactory to FORGE
[2510月2025 17:37:08.344] [modloading-worker-0/DEBUG] [net.minecraftforge.fml.javafmlmod.AutomaticEventSubscriber/LOADING]: Auto-subscribing net.mcreator.borninchaosv.init.EntityAnimationFactory to FORGE
[2510月2025 17:37:08.345] [modloading-worker-0/DEBUG] [net.minecraftforge.fml.javafmlmod.AutomaticEventSubscriber/LOADING]: Auto-subscribing net.mcreator.borninchaosv.init.BornInChaosV1ModParticles to MOD
[2510月2025 17:37:08.346] [modloading-worker-0/DEBUG] [net.minecraftforge.fml.javafmlmod.AutomaticEventSubscriber/LOADING]: Auto-subscribing net.mcreator.borninchaosv.init.BornInChaosV1ModModels to MOD
[2510月2025 17:37:08.346] [modloading-worker-0/DEBUG] [net.minecraftforge.fml.javafmlmod.AutomaticEventSubscriber/LOADING]: Auto-subscribing net.mcreator.borninchaosv.init.BornInChaosV1ModItems to MOD
[2510月2025 17:37:08.346] [modloading-worker-0/DEBUG] [net.minecraftforge.fml.javafmlmod.AutomaticEventSubscriber/LOADING]: Auto-subscribing net.mcreator.borninchaosv.init.BornInChaosV1ModGameRules to MOD
[2510月2025 17:37:08.350] [modloading-worker-0/DEBUG] [net.minecraftforge.fml.javafmlmod.AutomaticEventSubscriber/LOADING]: Auto-subscribing net.mcreator.borninchaosv.init.BornInChaosV1ModFuels to FORGE
[2510月2025 17:37:08.351] [modloading-worker-0/DEBUG] [net.minecraftforge.fml.javafmlmod.AutomaticEventSubscriber/LOADING]: Auto-subscribing net.mcreator.borninchaosv.init.BornInChaosV1ModFeatures to FORGE
[2510月2025 17:37:08.351] [modloading-worker-0/DEBUG] [net.minecraftforge.fml.javafmlmod.AutomaticEventSubscriber/LOADING]: Auto-subscribing net.mcreator.borninchaosv.init.BornInChaosV1ModEntityRenderers to MOD
[2510月2025 17:37:08.352] [modloading-worker-0/DEBUG] [net.minecraftforge.fml.javafmlmod.AutomaticEventSubscriber/LOADING]: Auto-subscribing net.mcreator.borninchaosv.init.BornInChaosV1ModEntities to MOD
[2510月2025 17:37:08.352] [modloading-worker-0/DEBUG] [net.minecraftforge.fml.javafmlmod.AutomaticEventSubscriber/LOADING]: Auto-subscribing net.mcreator.borninchaosv.init.BornInChaosV1ModCompostableItems to MOD
[2510月2025 17:37:08.720] [Render thread/DEBUG] [net.minecraftforge.registries.ObjectHolderRegistry/REGISTRIES]: Processing ObjectHolder annotations
[2510月2025 17:37:08.731] [Render thread/DEBUG] [net.minecraftforge.registries.ObjectHolderRegistry/REGISTRIES]: Found 4766 ObjectHolder annotations
[2510月2025 17:37:08.933] [Render thread/DEBUG] [net.minecraftforge.common.capabilities.CapabilityManager/CAPABILITIES]: Attempting to automatically register: Lnet/minecraftforge/energy/IEnergyStorage;
[2510月2025 17:37:08.934] [Render thread/DEBUG] [net.minecraftforge.common.capabilities.CapabilityManager/CAPABILITIES]: Attempting to automatically register: Lnet/minecraftforge/fluids/capability/IFluidHandler;
[2510月2025 17:37:08.934] [Render thread/DEBUG] [net.minecraftforge.common.capabilities.CapabilityManager/CAPABILITIES]: Attempting to automatically register: Lnet/minecraftforge/fluids/capability/IFluidHandlerItem;
[2510月2025 17:37:08.934] [Render thread/DEBUG] [net.minecraftforge.common.capabilities.CapabilityManager/CAPABILITIES]: Attempting to automatically register: Lnet/minecraftforge/items/IItemHandler;
[2510月2025 17:37:09.136] [Render thread/DEBUG] [net.minecraftforge.registries.GameData/REGISTRIES]: Unfreezing vanilla registries
[2510月2025 17:37:09.340] [Render thread/DEBUG] [net.minecraftforge.registries.GameData/REGISTRIES]: Applying holder lookups: minecraft:sound_event
[2510月2025 17:37:09.342] [Render thread/DEBUG] [net.minecraftforge.registries.GameData/REGISTRIES]: Holder lookups applied: minecraft:sound_event
[2510月2025 17:37:09.342] [Render thread/DEBUG] [net.minecraftforge.registries.GameData/REGISTRIES]: Applying holder lookups: minecraft:fluid
[2510月2025 17:37:09.342] [Render thread/DEBUG] [net.minecraftforge.registries.GameData/REGISTRIES]: Holder lookups applied: minecraft:fluid
[2510月2025 17:37:09.370] [Render thread/DEBUG] [net.minecraftforge.registries.GameData/REGISTRIES]: Applying holder lookups: minecraft:block
[2510月2025 17:37:09.371] [Render thread/DEBUG] [net.minecraftforge.registries.GameData/REGISTRIES]: Holder lookups applied: minecraft:block
[2510月2025 17:37:09.376] [Render thread/INFO] [Moonlight/]: Initialized block sets in 4ms
[2510月2025 17:37:09.377] [Render thread/DEBUG] [net.minecraftforge.registries.GameData/REGISTRIES]: Applying holder lookups: minecraft:attribute
[2510月2025 17:37:09.377] [Render thread/DEBUG] [net.minecraftforge.registries.GameData/REGISTRIES]: Holder lookups applied: minecraft:attribute
[2510月2025 17:37:09.380] [Render thread/DEBUG] [net.minecraftforge.registries.GameData/REGISTRIES]: Applying holder lookups: minecraft:mob_effect
[2510月2025 17:37:09.380] [Render thread/DEBUG] [net.minecraftforge.registries.GameData/REGISTRIES]: Holder lookups applied: minecraft:mob_effect
[2510月2025 17:37:09.381] [Render thread/DEBUG] [net.minecraftforge.registries.GameData/REGISTRIES]: Applying holder lookups: minecraft:particle_type
[2510月2025 17:37:09.381] [Render thread/DEBUG] [net.minecraftforge.registries.GameData/REGISTRIES]: Holder lookups applied: minecraft:particle_type
[2510月2025 17:37:09.384] [Render thread/DEBUG] [mixin/]: Mixing ThirdPersonRendererMixin from moonlight-common.mixins.json into net.minecraft.client.model.HumanoidModel
[2510月2025 17:37:09.397] [Render thread/DEBUG] [software.bernie.geckolib.GeckoLib/]: Registered SyncedAnimatable for class software.bernie.example.item.JackInTheBoxItem
[2510月2025 17:37:09.410] [Render thread/DEBUG] [mixin/]: Mixing perf.potential_spawns_alloc.ForgeEventFactoryMixin from modernfix-forge.mixins.json into net.minecraftforge.event.ForgeEventFactory
[2510月2025 17:37:09.428] [Render thread/DEBUG] [mixin/]: Mixing perf.potential_spawns_alloc.PotentialSpawnsMixin from modernfix-forge.mixins.json into net.minecraftforge.event.level.LevelEvent$PotentialSpawns
[2510月2025 17:37:09.446] [Render thread/DEBUG] [net.minecraftforge.registries.GameData/REGISTRIES]: Applying holder lookups: minecraft:item
[2510月2025 17:37:09.447] [Render thread/DEBUG] [net.minecraftforge.registries.GameData/REGISTRIES]: Holder lookups applied: minecraft:item
[2510月2025 17:37:09.448] [Render thread/DEBUG] [net.minecraftforge.registries.GameData/REGISTRIES]: Applying holder lookups: minecraft:entity_type
[2510月2025 17:37:09.448] [Render thread/DEBUG] [net.minecraftforge.registries.GameData/REGISTRIES]: Holder lookups applied: minecraft:entity_type
[2510月2025 17:37:09.448] [Render thread/DEBUG] [net.minecraftforge.registries.GameData/REGISTRIES]: Applying holder lookups: minecraft:sensor_type
[2510月2025 17:37:09.449] [Render thread/DEBUG] [net.minecraftforge.registries.GameData/REGISTRIES]: Holder lookups applied: minecraft:sensor_type
[2510月2025 17:37:09.449] [Render thread/DEBUG] [net.minecraftforge.registries.GameData/REGISTRIES]: Applying holder lookups: minecraft:memory_module_type
[2510月2025 17:37:09.449] [Render thread/DEBUG] [net.minecraftforge.registries.GameData/REGISTRIES]: Holder lookups applied: minecraft:memory_module_type
[2510月2025 17:37:09.449] [Render thread/DEBUG] [net.minecraftforge.registries.GameData/REGISTRIES]: Applying holder lookups: minecraft:potion
[2510月2025 17:37:09.449] [Render thread/DEBUG] [net.minecraftforge.registries.GameData/REGISTRIES]: Holder lookups applied: minecraft:potion
[2510月2025 17:37:09.449] [Render thread/DEBUG] [net.minecraftforge.registries.GameData/REGISTRIES]: Applying holder lookups: minecraft:game_event
[2510月2025 17:37:09.449] [Render thread/DEBUG] [net.minecraftforge.registries.GameData/REGISTRIES]: Holder lookups applied: minecraft:game_event
[2510月2025 17:37:09.449] [Render thread/DEBUG] [net.minecraftforge.registries.GameData/REGISTRIES]: Applying holder lookups: minecraft:enchantment
[2510月2025 17:37:09.450] [Render thread/DEBUG] [net.minecraftforge.registries.GameData/REGISTRIES]: Holder lookups applied: minecraft:enchantment
[2510月2025 17:37:09.451] [Render thread/DEBUG] [net.minecraftforge.registries.GameData/REGISTRIES]: Applying holder lookups: minecraft:block_entity_type
[2510月2025 17:37:09.451] [Render thread/DEBUG] [net.minecraftforge.registries.GameData/REGISTRIES]: Holder lookups applied: minecraft:block_entity_type
[2510月2025 17:37:09.451] [Render thread/DEBUG] [net.minecraftforge.registries.GameData/REGISTRIES]: Applying holder lookups: minecraft:painting_variant
[2510月2025 17:37:09.451] [Render thread/DEBUG] [net.minecraftforge.registries.GameData/REGISTRIES]: Holder lookups applied: minecraft:painting_variant
[2510月2025 17:37:09.452] [Render thread/DEBUG] [net.minecraftforge.registries.GameData/REGISTRIES]: Applying holder lookups: minecraft:stat_type
[2510月2025 17:37:09.452] [Render thread/DEBUG] [net.minecraftforge.registries.GameData/REGISTRIES]: Holder lookups applied: minecraft:stat_type
[2510月2025 17:37:09.452] [Render thread/DEBUG] [net.minecraftforge.registries.GameData/REGISTRIES]: Applying holder lookups: minecraft:custom_stat
[2510月2025 17:37:09.452] [Render thread/DEBUG] [net.minecraftforge.registries.GameData/REGISTRIES]: Holder lookups applied: minecraft:custom_stat
[2510月2025 17:37:09.452] [Render thread/DEBUG] [net.minecraftforge.registries.GameData/REGISTRIES]: Applying holder lookups: minecraft:chunk_status
[2510月2025 17:37:09.452] [Render thread/DEBUG] [net.minecraftforge.registries.GameData/REGISTRIES]: Holder lookups applied: minecraft:chunk_status
[2510月2025 17:37:09.452] [Render thread/DEBUG] [net.minecraftforge.registries.GameData/REGISTRIES]: Applying holder lookups: minecraft:rule_test
[2510月2025 17:37:09.452] [Render thread/DEBUG] [net.minecraftforge.registries.GameData/REGISTRIES]: Holder lookups applied: minecraft:rule_test
[2510月2025 17:37:09.452] [Render thread/DEBUG] [net.minecraftforge.registries.GameData/REGISTRIES]: Applying holder lookups: minecraft:rule_block_entity_modifier
[2510月2025 17:37:09.452] [Render thread/DEBUG] [net.minecraftforge.registries.GameData/REGISTRIES]: Holder lookups applied: minecraft:rule_block_entity_modifier
[2510月2025 17:37:09.452] [Render thread/DEBUG] [net.minecraftforge.registries.GameData/REGISTRIES]: Applying holder lookups: minecraft:pos_rule_test
[2510月2025 17:37:09.452] [Render thread/DEBUG] [net.minecraftforge.registries.GameData/REGISTRIES]: Holder lookups applied: minecraft:pos_rule_test
[2510月2025 17:37:09.456] [Render thread/DEBUG] [net.minecraftforge.registries.GameData/REGISTRIES]: Applying holder lookups: minecraft:menu
[2510月2025 17:37:09.456] [Render thread/DEBUG] [net.minecraftforge.registries.GameData/REGISTRIES]: Holder lookups applied: minecraft:menu
[2510月2025 17:37:09.456] [Render thread/DEBUG] [placebo/]: Registered 0 recipe types.
[2510月2025 17:37:09.457] [Render thread/DEBUG] [net.minecraftforge.registries.GameData/REGISTRIES]: Applying holder lookups: minecraft:recipe_type
[2510月2025 17:37:09.457] [Render thread/DEBUG] [net.minecraftforge.registries.GameData/REGISTRIES]: Holder lookups applied: minecraft:recipe_type
[2510月2025 17:37:09.462] [Render thread/DEBUG] [net.minecraftforge.registries.GameData/REGISTRIES]: Applying holder lookups: minecraft:recipe_serializer
[2510月2025 17:37:09.462] [Render thread/DEBUG] [net.minecraftforge.registries.GameData/REGISTRIES]: Holder lookups applied: minecraft:recipe_serializer
[2510月2025 17:37:09.462] [Render thread/DEBUG] [net.minecraftforge.registries.GameData/REGISTRIES]: Applying holder lookups: minecraft:position_source_type
[2510月2025 17:37:09.462] [Render thread/DEBUG] [net.minecraftforge.registries.GameData/REGISTRIES]: Holder lookups applied: minecraft:position_source_type
[2510月2025 17:37:09.463] [Render thread/DEBUG] [net.minecraftforge.registries.GameData/REGISTRIES]: Applying holder lookups: minecraft:command_argument_type
[2510月2025 17:37:09.463] [Render thread/DEBUG] [net.minecraftforge.registries.GameData/REGISTRIES]: Holder lookups applied: minecraft:command_argument_type
[2510月2025 17:37:09.463] [Render thread/DEBUG] [net.minecraftforge.registries.GameData/REGISTRIES]: Applying holder lookups: minecraft:villager_type
[2510月2025 17:37:09.464] [Render thread/DEBUG] [net.minecraftforge.registries.GameData/REGISTRIES]: Holder lookups applied: minecraft:villager_type
[2510月2025 17:37:09.464] [Render thread/DEBUG] [net.minecraftforge.registries.GameData/REGISTRIES]: Applying holder lookups: minecraft:villager_profession
[2510月2025 17:37:09.464] [Render thread/DEBUG] [net.minecraftforge.registries.GameData/REGISTRIES]: Holder lookups applied: minecraft:villager_profession
[2510月2025 17:37:09.464] [Render thread/DEBUG] [net.minecraftforge.registries.GameData/REGISTRIES]: Applying holder lookups: minecraft:point_of_interest_type
[2510月2025 17:37:09.464] [Render thread/DEBUG] [net.minecraftforge.registries.GameData/REGISTRIES]: Holder lookups applied: minecraft:point_of_interest_type
[2510月2025 17:37:09.464] [Render thread/DEBUG] [net.minecraftforge.registries.GameData/REGISTRIES]: Applying holder lookups: minecraft:schedule
[2510月2025 17:37:09.464] [Render thread/DEBUG] [net.minecraftforge.registries.GameData/REGISTRIES]: Holder lookups applied: minecraft:schedule
[2510月2025 17:37:09.464] [Render thread/DEBUG] [net.minecraftforge.registries.GameData/REGISTRIES]: Applying holder lookups: minecraft:activity
[2510月2025 17:37:09.464] [Render thread/DEBUG] [net.minecraftforge.registries.GameData/REGISTRIES]: Holder lookups applied: minecraft:activity
[2510月2025 17:37:09.465] [Render thread/DEBUG] [net.minecraftforge.registries.GameData/REGISTRIES]: Applying holder lookups: minecraft:loot_pool_entry_type
[2510月2025 17:37:09.465] [Render thread/DEBUG] [net.minecraftforge.registries.GameData/REGISTRIES]: Holder lookups applied: minecraft:loot_pool_entry_type
[2510月2025 17:37:09.465] [Render thread/DEBUG] [net.minecraftforge.registries.GameData/REGISTRIES]: Applying holder lookups: minecraft:loot_function_type
[2510月2025 17:37:09.465] [Render thread/DEBUG] [net.minecraftforge.registries.GameData/REGISTRIES]: Holder lookups applied: minecraft:loot_function_type
[2510月2025 17:37:09.466] [Render thread/DEBUG] [net.minecraftforge.registries.GameData/REGISTRIES]: Applying holder lookups: minecraft:loot_condition_type
[2510月2025 17:37:09.466] [Render thread/DEBUG] [net.minecraftforge.registries.GameData/REGISTRIES]: Holder lookups applied: minecraft:loot_condition_type
[2510月2025 17:37:09.467] [Render thread/DEBUG] [net.minecraftforge.registries.GameData/REGISTRIES]: Applying holder lookups: minecraft:loot_number_provider_type
[2510月2025 17:37:09.467] [Render thread/DEBUG] [net.minecraftforge.registries.GameData/REGISTRIES]: Holder lookups applied: minecraft:loot_number_provider_type
[2510月2025 17:37:09.467] [Render thread/DEBUG] [net.minecraftforge.registries.GameData/REGISTRIES]: Applying holder lookups: minecraft:loot_nbt_provider_type
[2510月2025 17:37:09.467] [Render thread/DEBUG] [net.minecraftforge.registries.GameData/REGISTRIES]: Holder lookups applied: minecraft:loot_nbt_provider_type
[2510月2025 17:37:09.467] [Render thread/DEBUG] [net.minecraftforge.registries.GameData/REGISTRIES]: Applying holder lookups: minecraft:loot_score_provider_type
[2510月2025 17:37:09.467] [Render thread/DEBUG] [net.minecraftforge.registries.GameData/REGISTRIES]: Holder lookups applied: minecraft:loot_score_provider_type
[2510月2025 17:37:09.467] [Render thread/DEBUG] [net.minecraftforge.registries.GameData/REGISTRIES]: Applying holder lookups: minecraft:float_provider_type
[2510月2025 17:37:09.467] [Render thread/DEBUG] [net.minecraftforge.registries.GameData/REGISTRIES]: Holder lookups applied: minecraft:float_provider_type
[2510月2025 17:37:09.467] [Render thread/DEBUG] [net.minecraftforge.registries.GameData/REGISTRIES]: Applying holder lookups: minecraft:int_provider_type
[2510月2025 17:37:09.467] [Render thread/DEBUG] [net.minecraftforge.registries.GameData/REGISTRIES]: Holder lookups applied: minecraft:int_provider_type
[2510月2025 17:37:09.467] [Render thread/DEBUG] [net.minecraftforge.registries.GameData/REGISTRIES]: Applying holder lookups: minecraft:height_provider_type
[2510月2025 17:37:09.468] [Render thread/DEBUG] [net.minecraftforge.registries.GameData/REGISTRIES]: Holder lookups applied: minecraft:height_provider_type
[2510月2025 17:37:09.468] [Render thread/DEBUG] [net.minecraftforge.registries.GameData/REGISTRIES]: Applying holder lookups: minecraft:block_predicate_type
[2510月2025 17:37:09.468] [Render thread/DEBUG] [net.minecraftforge.registries.GameData/REGISTRIES]: Holder lookups applied: minecraft:block_predicate_type
[2510月2025 17:37:09.468] [Render thread/DEBUG] [net.minecraftforge.registries.GameData/REGISTRIES]: Applying holder lookups: minecraft:worldgen/carver
[2510月2025 17:37:09.468] [Render thread/DEBUG] [net.minecraftforge.registries.GameData/REGISTRIES]: Holder lookups applied: minecraft:worldgen/carver
[2510月2025 17:37:09.468] [Render thread/DEBUG] [net.minecraftforge.registries.GameData/REGISTRIES]: Applying holder lookups: minecraft:worldgen/feature
[2510月2025 17:37:09.468] [Render thread/DEBUG] [net.minecraftforge.registries.GameData/REGISTRIES]: Holder lookups applied: minecraft:worldgen/feature
[2510月2025 17:37:09.468] [Render thread/DEBUG] [net.minecraftforge.registries.GameData/REGISTRIES]: Applying holder lookups: minecraft:worldgen/structure_processor
[2510月2025 17:37:09.468] [Render thread/DEBUG] [net.minecraftforge.registries.GameData/REGISTRIES]: Holder lookups applied: minecraft:worldgen/structure_processor
[2510月2025 17:37:09.468] [Render thread/DEBUG] [net.minecraftforge.registries.GameData/REGISTRIES]: Applying holder lookups: minecraft:worldgen/structure_placement
[2510月2025 17:37:09.468] [Render thread/DEBUG] [net.minecraftforge.registries.GameData/REGISTRIES]: Holder lookups applied: minecraft:worldgen/structure_placement
[2510月2025 17:37:09.468] [Render thread/DEBUG] [net.minecraftforge.registries.GameData/REGISTRIES]: Applying holder lookups: minecraft:worldgen/structure_piece
[2510月2025 17:37:09.469] [Render thread/DEBUG] [net.minecraftforge.registries.GameData/REGISTRIES]: Holder lookups applied: minecraft:worldgen/structure_piece
[2510月2025 17:37:09.469] [Render thread/DEBUG] [net.minecraftforge.registries.GameData/REGISTRIES]: Applying holder lookups: minecraft:worldgen/structure_type
[2510月2025 17:37:09.469] [Render thread/DEBUG] [net.minecraftforge.registries.GameData/REGISTRIES]: Holder lookups applied: minecraft:worldgen/structure_type
[2510月2025 17:37:09.469] [Render thread/DEBUG] [net.minecraftforge.registries.GameData/REGISTRIES]: Applying holder lookups: minecraft:worldgen/placement_modifier_type
[2510月2025 17:37:09.469] [Render thread/DEBUG] [net.minecraftforge.registries.GameData/REGISTRIES]: Holder lookups applied: minecraft:worldgen/placement_modifier_type
[2510月2025 17:37:09.469] [Render thread/DEBUG] [net.minecraftforge.registries.GameData/REGISTRIES]: Applying holder lookups: minecraft:worldgen/block_state_provider_type
[2510月2025 17:37:09.469] [Render thread/DEBUG] [net.minecraftforge.registries.GameData/REGISTRIES]: Holder lookups applied: minecraft:worldgen/block_state_provider_type
[2510月2025 17:37:09.469] [Render thread/DEBUG] [net.minecraftforge.registries.GameData/REGISTRIES]: Applying holder lookups: minecraft:worldgen/foliage_placer_type
[2510月2025 17:37:09.469] [Render thread/DEBUG] [net.minecraftforge.registries.GameData/REGISTRIES]: Holder lookups applied: minecraft:worldgen/foliage_placer_type
[2510月2025 17:37:09.469] [Render thread/DEBUG] [net.minecraftforge.registries.GameData/REGISTRIES]: Applying holder lookups: minecraft:worldgen/trunk_placer_type
[2510月2025 17:37:09.469] [Render thread/DEBUG] [net.minecraftforge.registries.GameData/REGISTRIES]: Holder lookups applied: minecraft:worldgen/trunk_placer_type
[2510月2025 17:37:09.469] [Render thread/DEBUG] [net.minecraftforge.registries.GameData/REGISTRIES]: Applying holder lookups: minecraft:worldgen/root_placer_type
[2510月2025 17:37:09.469] [Render thread/DEBUG] [net.minecraftforge.registries.GameData/REGISTRIES]: Holder lookups applied: minecraft:worldgen/root_placer_type
[2510月2025 17:37:09.469] [Render thread/DEBUG] [net.minecraftforge.registries.GameData/REGISTRIES]: Applying holder lookups: minecraft:worldgen/tree_decorator_type
[2510月2025 17:37:09.470] [Render thread/DEBUG] [net.minecraftforge.registries.GameData/REGISTRIES]: Holder lookups applied: minecraft:worldgen/tree_decorator_type
[2510月2025 17:37:09.470] [Render thread/DEBUG] [net.minecraftforge.registries.GameData/REGISTRIES]: Applying holder lookups: minecraft:worldgen/feature_size_type
[2510月2025 17:37:09.470] [Render thread/DEBUG] [net.minecraftforge.registries.GameData/REGISTRIES]: Holder lookups applied: minecraft:worldgen/feature_size_type
[2510月2025 17:37:09.470] [Render thread/DEBUG] [net.minecraftforge.registries.GameData/REGISTRIES]: Applying holder lookups: minecraft:worldgen/biome_source
[2510月2025 17:37:09.470] [Render thread/DEBUG] [net.minecraftforge.registries.GameData/REGISTRIES]: Holder lookups applied: minecraft:worldgen/biome_source
[2510月2025 17:37:09.470] [Render thread/DEBUG] [net.minecraftforge.registries.GameData/REGISTRIES]: Applying holder lookups: minecraft:worldgen/chunk_generator
[2510月2025 17:37:09.470] [Render thread/DEBUG] [net.minecraftforge.registries.GameData/REGISTRIES]: Holder lookups applied: minecraft:worldgen/chunk_generator
[2510月2025 17:37:09.470] [Render thread/DEBUG] [net.minecraftforge.registries.GameData/REGISTRIES]: Applying holder lookups: minecraft:worldgen/material_condition
[2510月2025 17:37:09.470] [Render thread/DEBUG] [net.minecraftforge.registries.GameData/REGISTRIES]: Holder lookups applied: minecraft:worldgen/material_condition
[2510月2025 17:37:09.470] [Render thread/DEBUG] [net.minecraftforge.registries.GameData/REGISTRIES]: Applying holder lookups: minecraft:worldgen/material_rule
[2510月2025 17:37:09.470] [Render thread/DEBUG] [net.minecraftforge.registries.GameData/REGISTRIES]: Holder lookups applied: minecraft:worldgen/material_rule
[2510月2025 17:37:09.470] [Render thread/DEBUG] [net.minecraftforge.registries.GameData/REGISTRIES]: Applying holder lookups: minecraft:worldgen/density_function_type
[2510月2025 17:37:09.470] [Render thread/DEBUG] [net.minecraftforge.registries.GameData/REGISTRIES]: Holder lookups applied: minecraft:worldgen/density_function_type
[2510月2025 17:37:09.471] [Render thread/DEBUG] [net.minecraftforge.registries.GameData/REGISTRIES]: Applying holder lookups: minecraft:worldgen/structure_pool_element
[2510月2025 17:37:09.471] [Render thread/DEBUG] [net.minecraftforge.registries.GameData/REGISTRIES]: Holder lookups applied: minecraft:worldgen/structure_pool_element
[2510月2025 17:37:09.471] [Render thread/DEBUG] [net.minecraftforge.registries.GameData/REGISTRIES]: Applying holder lookups: minecraft:cat_variant
[2510月2025 17:37:09.471] [Render thread/DEBUG] [net.minecraftforge.registries.GameData/REGISTRIES]: Holder lookups applied: minecraft:cat_variant
[2510月2025 17:37:09.471] [Render thread/DEBUG] [net.minecraftforge.registries.GameData/REGISTRIES]: Applying holder lookups: minecraft:frog_variant
[2510月2025 17:37:09.471] [Render thread/DEBUG] [net.minecraftforge.registries.GameData/REGISTRIES]: Holder lookups applied: minecraft:frog_variant
[2510月2025 17:37:09.471] [Render thread/DEBUG] [net.minecraftforge.registries.GameData/REGISTRIES]: Applying holder lookups: minecraft:banner_pattern
[2510月2025 17:37:09.471] [Render thread/DEBUG] [net.minecraftforge.registries.GameData/REGISTRIES]: Holder lookups applied: minecraft:banner_pattern
[2510月2025 17:37:09.471] [Render thread/DEBUG] [net.minecraftforge.registries.GameData/REGISTRIES]: Applying holder lookups: minecraft:instrument
[2510月2025 17:37:09.471] [Render thread/DEBUG] [net.minecraftforge.registries.GameData/REGISTRIES]: Holder lookups applied: minecraft:instrument
[2510月2025 17:37:09.471] [Render thread/DEBUG] [net.minecraftforge.registries.GameData/REGISTRIES]: Applying holder lookups: minecraft:decorated_pot_patterns
[2510月2025 17:37:09.471] [Render thread/DEBUG] [net.minecraftforge.registries.GameData/REGISTRIES]: Holder lookups applied: minecraft:decorated_pot_patterns
[2510月2025 17:37:09.473] [Render thread/DEBUG] [net.minecraftforge.registries.GameData/REGISTRIES]: Applying holder lookups: minecraft:creative_mode_tab
[2510月2025 17:37:09.473] [Render thread/DEBUG] [net.minecraftforge.registries.GameData/REGISTRIES]: Holder lookups applied: minecraft:creative_mode_tab
[2510月2025 17:37:09.476] [Render thread/DEBUG] [net.minecraftforge.registries.GameData/REGISTRIES]: Applying holder lookups: forge:biome_modifier_serializers
[2510月2025 17:37:09.476] [Render thread/DEBUG] [net.minecraftforge.registries.GameData/REGISTRIES]: Holder lookups applied: forge:biome_modifier_serializers
[2510月2025 17:37:09.476] [Render thread/DEBUG] [net.minecraftforge.registries.GameData/REGISTRIES]: Applying holder lookups: forge:display_contexts
[2510月2025 17:37:09.476] [Render thread/DEBUG] [net.minecraftforge.registries.GameData/REGISTRIES]: Holder lookups applied: forge:display_contexts
[2510月2025 17:37:09.476] [Render thread/DEBUG] [net.minecraftforge.registries.GameData/REGISTRIES]: Applying holder lookups: forge:entity_data_serializers
[2510月2025 17:37:09.476] [Render thread/DEBUG] [net.minecraftforge.registries.GameData/REGISTRIES]: Holder lookups applied: forge:entity_data_serializers
[2510月2025 17:37:09.479] [Render thread/DEBUG] [net.minecraftforge.registries.GameData/REGISTRIES]: Applying holder lookups: forge:fluid_type
[2510月2025 17:37:09.479] [Render thread/DEBUG] [net.minecraftforge.registries.GameData/REGISTRIES]: Holder lookups applied: forge:fluid_type
[2510月2025 17:37:09.480] [Render thread/DEBUG] [net.minecraftforge.registries.GameData/REGISTRIES]: Applying holder lookups: forge:global_loot_modifier_serializers
[2510月2025 17:37:09.480] [Render thread/DEBUG] [net.minecraftforge.registries.GameData/REGISTRIES]: Holder lookups applied: forge:global_loot_modifier_serializers
[2510月2025 17:37:09.482] [Render thread/DEBUG] [net.minecraftforge.registries.GameData/REGISTRIES]: Applying holder lookups: forge:holder_set_type
[2510月2025 17:37:09.482] [Render thread/DEBUG] [net.minecraftforge.registries.GameData/REGISTRIES]: Holder lookups applied: forge:holder_set_type
[2510月2025 17:37:09.482] [Render thread/DEBUG] [net.minecraftforge.registries.GameData/REGISTRIES]: Applying holder lookups: forge:structure_modifier_serializers
[2510月2025 17:37:09.482] [Render thread/DEBUG] [net.minecraftforge.registries.GameData/REGISTRIES]: Holder lookups applied: forge:structure_modifier_serializers
[2510月2025 17:37:09.482] [Render thread/DEBUG] [net.minecraftforge.registries.GameData/REGISTRIES]: Applying holder lookups: minecraft:worldgen/biome
[2510月2025 17:37:09.482] [Render thread/DEBUG] [net.minecraftforge.registries.GameData/REGISTRIES]: Holder lookups applied: minecraft:worldgen/biome
[2510月2025 17:37:09.483] [Render thread/DEBUG] [mixin/]: Mixing perf.faster_ingredients.ForgeHooksMixin from modernfix-forge.mixins.json into net.minecraftforge.common.ForgeHooks
[2510月2025 17:37:09.510] [Render thread/WARN] [net.minecraft.network.syncher.SynchedEntityData/]: defineId called for: class net.mcreator.borninchaosv.entity.BabySpiderEntity from class net.mcreator.borninchaosv.entity.MotherSpiderEntity
[2510月2025 17:37:09.626] [Render thread/DEBUG] [mixin/]: Mixing perf.resourcepacks.ForgePathPackResourcesMixin from modernfix-forge.mixins.json into net.minecraftforge.resource.PathPackResources
[2510月2025 17:37:09.627] [Render thread/DEBUG] [mixin/]: Renaming synthetic method lambda$generateResourceCache$0(Lnet/minecraft/server/packs/PackType;)Ljava/nio/file/Path; to md27bff4$lambda$generateResourceCache$0$0 in modernfix-forge.mixins.json:perf.resourcepacks.ForgePathPackResourcesMixin
[2510月2025 17:37:09.654] [Render thread/DEBUG] [net.minecraftforge.client.loading.ClientModLoader/CORE]: Generating PackInfo named mod:emi for mod file C:\Users\Administrator\.gradle\caches\forge_gradle\deobf_dependencies\curse\maven\emi-580555\4663085_mapped_official_1.20.1\emi-580555-4663085_mapped_official_1.20.1.jar
[2510月2025 17:37:09.654] [Render thread/DEBUG] [net.minecraftforge.client.loading.ClientModLoader/CORE]: Generating PackInfo named mod:damage_number for mod file C:\Users\Administrator\.gradle\caches\forge_gradle\deobf_dependencies\curse\maven\damage-number-998849\5538112_mapped_official_1.20.1\damage-number-998849-5538112_mapped_official_1.20.1.jar
[2510月2025 17:37:09.654] [Render thread/DEBUG] [net.minecraftforge.client.loading.ClientModLoader/CORE]: Generating PackInfo named mod:moonlight for mod file C:\Users\Administrator\.gradle\caches\forge_gradle\deobf_dependencies\curse\maven\selene-499980\5942980_mapped_official_1.20.1\selene-499980-5942980_mapped_official_1.20.1.jar
[2510月2025 17:37:09.655] [Render thread/DEBUG] [net.minecraftforge.client.loading.ClientModLoader/CORE]: Generating PackInfo named mod:gameplay_sculptor for mod file E:\yuanchu\Gameplay Sculptor\build\resources\main
[2510月2025 17:37:09.655] [Render thread/DEBUG] [net.minecraftforge.client.loading.ClientModLoader/CORE]: Generating PackInfo named mod:jade for mod file C:\Users\Administrator\.gradle\caches\forge_gradle\deobf_dependencies\curse\maven\jade-324717\5876199_mapped_official_1.20.1\jade-324717-5876199_mapped_official_1.20.1.jar
[2510月2025 17:37:09.655] [Render thread/DEBUG] [net.minecraftforge.client.loading.ClientModLoader/CORE]: Generating PackInfo named mod:geckolib for mod file C:\Users\Administrator\.gradle\caches\forge_gradle\deobf_dependencies\curse\maven\geckolib-388172\7025129_mapped_official_1.20.1\geckolib-388172-7025129_mapped_official_1.20.1.jar
[2510月2025 17:37:09.655] [Render thread/DEBUG] [net.minecraftforge.client.loading.ClientModLoader/CORE]: Generating PackInfo named mod:born_in_chaos_v1 for mod file C:\Users\Administrator\.gradle\caches\forge_gradle\deobf_dependencies\curse\maven\born-in-chaos-686437\6833957_mapped_official_1.20.1\born-in-chaos-686437-6833957_mapped_official_1.20.1.jar
[2510月2025 17:37:09.655] [Render thread/DEBUG] [net.minecraftforge.client.loading.ClientModLoader/CORE]: Generating PackInfo named mod:curios for mod file C:\Users\Administrator\.gradle\caches\forge_gradle\deobf_dependencies\curse\maven\curios-309927\6418456_mapped_official_1.20.1\curios-309927-6418456_mapped_official_1.20.1.jar
[2510月2025 17:37:09.656] [Render thread/DEBUG] [net.minecraftforge.client.loading.ClientModLoader/CORE]: Generating PackInfo named mod:invtweaks for mod file C:\Users\Administrator\.gradle\caches\forge_gradle\deobf_dependencies\curse\maven\inventory-tweaks-refoxed-976858\5939627_mapped_official_1.20.1\inventory-tweaks-refoxed-976858-5939627_mapped_official_1.20.1.jar
[2510月2025 17:37:09.656] [Render thread/DEBUG] [net.minecraftforge.client.loading.ClientModLoader/CORE]: Generating PackInfo named mod:bhc for mod file C:\Users\Administrator\.gradle\caches\forge_gradle\deobf_dependencies\curse\maven\baubley-heart-canisters-282947\6927920_mapped_official_1.20.1\baubley-heart-canisters-282947-6927920_mapped_official_1.20.1.jar
[2510月2025 17:37:09.656] [Render thread/DEBUG] [net.minecraftforge.client.loading.ClientModLoader/CORE]: Generating PackInfo named mod:placebo for mod file C:\Users\Administrator\.gradle\caches\forge_gradle\deobf_dependencies\curse\maven\placebo-283644\6274231_mapped_official_1.20.1\placebo-283644-6274231_mapped_official_1.20.1.jar
[2510月2025 17:37:09.656] [Render thread/DEBUG] [net.minecraftforge.client.loading.ClientModLoader/CORE]: Generating PackInfo named mod:modernfix for mod file C:\Users\Administrator\.gradle\caches\forge_gradle\deobf_dependencies\curse\maven\modernfix-790626\6837713_mapped_official_1.20.1\modernfix-790626-6837713_mapped_official_1.20.1.jar
[2510月2025 17:37:09.656] [Render thread/DEBUG] [net.minecraftforge.client.loading.ClientModLoader/CORE]: Generating PackInfo named mod:attributeslib for mod file C:\Users\Administrator\.gradle\caches\forge_gradle\deobf_dependencies\curse\maven\apothic-attributes-898963\5634071_mapped_official_1.20.1\apothic-attributes-898963-5634071_mapped_official_1.20.1.jar
[2510月2025 17:37:09.656] [Render thread/DEBUG] [net.minecraftforge.client.loading.ClientModLoader/CORE]: Generating PackInfo named mod:configured for mod file C:\Users\Administrator\.gradle\caches\forge_gradle\deobf_dependencies\curse\maven\configured-457570\5180900_mapped_official_1.20.1\configured-457570-5180900_mapped_official_1.20.1.jar
[2510月2025 17:37:09.656] [Render thread/DEBUG] [net.minecraftforge.client.loading.ClientModLoader/CORE]: Generating PackInfo named mod:mixinextras for mod file 
[2510月2025 17:37:09.656] [Render thread/DEBUG] [net.minecraftforge.client.loading.ClientModLoader/CORE]: Generating PackInfo named mod:itemzoom for mod file C:\Users\Administrator\.gradle\caches\forge_gradle\deobf_dependencies\curse\maven\itemzoom-261725\5043628_mapped_official_1.20.1\itemzoom-261725-5043628_mapped_official_1.20.1.jar
[2510月2025 17:37:09.656] [Render thread/DEBUG] [net.minecraftforge.client.loading.ClientModLoader/CORE]: Generating PackInfo named mod:modernui for mod file C:\Users\Administrator\.gradle\caches\forge_gradle\deobf_dependencies\curse\maven\modern-ui-352491\6199942)_mapped_official_1.20.1\modern-ui-352491-6199942)_mapped_official_1.20.1.jar
[2510月2025 17:37:09.656] [Render thread/DEBUG] [net.minecraftforge.client.loading.ClientModLoader/CORE]: Generating PackInfo named mod:forge for mod file /
[2510月2025 17:37:09.656] [Render thread/DEBUG] [net.minecraftforge.client.loading.ClientModLoader/CORE]: Generating PackInfo named mod:dummmmmmy for mod file C:\Users\Administrator\.gradle\caches\forge_gradle\deobf_dependencies\curse\maven\mmmmmmmmmmmm-225738\5737040_mapped_official_1.20.1\mmmmmmmmmmmm-225738-5737040_mapped_official_1.20.1.jar
[2510月2025 17:37:09.662] [Render thread/DEBUG] [mixin/]: Mixing MixinClientLanguage from mixins.modernui-textmc.json into net.minecraft.client.resources.language.ClientLanguage
[2510月2025 17:37:09.663] [Render thread/DEBUG] [mixin/]: Mixing ClientLanguagesMixin from moonlight-common.mixins.json into net.minecraft.client.resources.language.ClientLanguage
[2510月2025 17:37:09.663] [Render thread/DEBUG] [mixin/]: Renaming synthetic method lambda$addEntries$0(Lnet/mehvahdjukaar/moonlight/api/events/AfterLanguageLoadEvent;Lnet/mehvahdjukaar/moonlight/api/set/BlockTypeRegistry;)V to md27bff4$lambda$addEntries$0$0 in moonlight-common.mixins.json:ClientLanguagesMixin
[2510月2025 17:37:09.672] [Render thread/DEBUG] [mixin/]: Mixing client.TextureManagerMixin from geckolib.mixins.json into net.minecraft.client.renderer.texture.TextureManager
[2510月2025 17:37:09.676] [Render thread/DEBUG] [mixin/]: Mixing DynamicTextureMixin from moonlight-common.mixins.json into net.minecraft.client.renderer.texture.DynamicTexture
[2510月2025 17:37:09.695] [Render thread/DEBUG] [mixin/]: Mixing perf.cache_profile_texture_url.SkinManagerMixin from modernfix-common.mixins.json into net.minecraft.client.resources.SkinManager
[2510月2025 17:37:09.704] [Render thread/DEBUG] [mixin/]: Mixing bugfix.removed_dimensions.LevelStorageSourceMixin from modernfix-forge.mixins.json into net.minecraft.world.level.storage.LevelStorageSource
[2510月2025 17:37:09.739] [Render thread/DEBUG] [mixin/]: Mixing perf.dynamic_sounds.SoundBufferLibraryMixin from modernfix-common.mixins.json into net.minecraft.client.sounds.SoundBufferLibrary
[2510月2025 17:37:09.744] [Render thread/DEBUG] [mixin/]: Mixing AccessFontManager from mixins.modernui-textmc.json into net.minecraft.client.gui.font.FontManager
[2510月2025 17:37:09.747] [Render thread/DEBUG] [mixin/]: Mixing MixinFontManager from mixins.modernui-textmc.json into net.minecraft.client.gui.font.FontManager
[2510月2025 17:37:09.766] [Render thread/DEBUG] [mixin/]: Mixing accessor.BakedModelManagerAccessor from emi.mixins.json into net.minecraft.client.resources.model.ModelManager
[2510月2025 17:37:09.777] [Render thread/DEBUG] [mixin/]: Mixing AccessRenderBuffers from mixins.modernui-textmc.json into net.minecraft.client.renderer.RenderBuffers
[2510月2025 17:37:09.791] [Render thread/DEBUG] [mixin/]: Mixing perf.model_optimizations.TransformationMatrixMixin from modernfix-common.mixins.json into com.mojang.math.Transformation
[2510月2025 17:37:09.800] [Render thread/DEBUG] [mixin/]: Mixing ItemInHandRendererMixin from moonlight-common.mixins.json into net.minecraft.client.renderer.ItemInHandRenderer
[2510月2025 17:37:09.814] [Render thread/DEBUG] [mixin/]: Mixing MapRendererMixin from moonlight-common.mixins.json into net.minecraft.client.gui.MapRenderer
[2510月2025 17:37:09.821] [Render thread/DEBUG] [mixin/]: Mixing MixinLevelRenderer from mixins.modernui-textmc.json into net.minecraft.client.renderer.LevelRenderer
[2510月2025 17:37:09.881] [Render thread/INFO] [ModernUI/UIManager]: UI manager initialized
[2510月2025 17:37:09.883] [Render thread/DEBUG] [mixin/]: Mixing perf.thread_priorities.IntegratedServerMixin from modernfix-common.mixins.json into net.minecraft.client.server.IntegratedServer
[2510月2025 17:37:09.908] [Render thread/INFO] [net.minecraftforge.gametest.ForgeGameTestHooks/]: Enabled Gametest Namespaces: [gameplay_sculptor]
[2510月2025 17:37:09.917] [Render thread/DEBUG] [ModernUI/Core]: Registered resource reload listener
[2510月2025 17:37:09.931] [Render thread/DEBUG] [mixin/]: Mixing bugfix.entity_pose_stack.PlayerRendererMixin from modernfix-forge.mixins.json into net.minecraft.client.renderer.entity.player.PlayerRenderer
[2510月2025 17:37:09.959] [Render thread/DEBUG] [mixin/]: Mixing bugfix.ender_dragon_leak.EnderDragonRendererMixin from modernfix-common.mixins.json into net.minecraft.client.renderer.entity.EnderDragonRenderer
[2510月2025 17:37:10.039] [Finalizer/WARN] [ModernFix/]: One or more BufferBuilders have been leaked, ModernFix will attempt to correct this.
[2510月2025 17:37:10.063] [Render thread/DEBUG] [mixin/]: Mixing AccessClientTextTooltip from mixins.modernui-forge.json into net.minecraft.client.gui.screens.inventory.tooltip.ClientTextTooltip
[2510月2025 17:37:10.066] [Render thread/DEBUG] [mixin/]: Mixing accessor.OrderedTextTooltipComponentAccessor from emi.mixins.json into net.minecraft.client.gui.screens.inventory.tooltip.ClientTextTooltip
[2510月2025 17:37:10.068] [Render thread/DEBUG] [mixin/]: Unexpected: Registered method getText()Lnet/minecraft/util/FormattedCharSequence; in net.minecraft.client.gui.screens.inventory.tooltip.ClientTextTooltip was not merged
[2510月2025 17:37:10.082] [Render thread/DEBUG] [mixin/]: Mixing perf.dedicated_reload_executor.CreateWorldScreenMixin from modernfix-common.mixins.json into net.minecraft.client.gui.screens.worldselection.CreateWorldScreen
[2510月2025 17:37:10.083] [Render thread/DEBUG] [mixin/]: Mixing bugfix.extra_experimental_screen.CreateWorldScreenMixin from modernfix-forge.mixins.json into net.minecraft.client.gui.screens.worldselection.CreateWorldScreen
[2510月2025 17:37:10.139] [Render thread/INFO] [ModernUI/TextLayout]: Preloaded modern text shaders
[2510月2025 17:37:10.139] [Render thread/DEBUG] [mixin/]: Mixing MixinClientTelemetryManager from mixins.modernui-forge.json into net.minecraft.client.telemetry.ClientTelemetryManager
[2510月2025 17:37:10.140] [Render thread/DEBUG] [mixin/]: Mixing feature.remove_telemetry.ClientTelemetryManagerMixin from modernfix-common.mixins.json into net.minecraft.client.telemetry.ClientTelemetryManager
[2510月2025 17:37:10.153] [Render thread/DEBUG] [mixin/]: Mixing devenv.NarratorMixin from modernfix-common.mixins.json into net.minecraft.client.GameNarrator
[2510月2025 17:37:10.170] [Render thread/INFO] [net.minecraft.server.packs.resources.ReloadableResourceManager/]: Reloading ResourceManager: vanilla, mod_resources, Moonlight Mods Dynamic Assets
[2510月2025 17:37:10.178] [Render thread/DEBUG] [ModernFix/]: Generated cache for /assets in 3.830 ms
[2510月2025 17:37:10.180] [Render thread/INFO] [Moonlight/]: Generated runtime CLIENT_RESOURCES for pack Moonlight Mods Dynamic Assets (moonlight) in: 1 ms (debug resource dump on)
[2510月2025 17:37:10.180] [Render thread/DEBUG] [mixin/]: Mixing feature.measure_time.SimpleReloadInstanceMixin from modernfix-common.mixins.json into net.minecraft.server.packs.resources.SimpleReloadInstance
[2510月2025 17:37:10.184] [UI thread/INFO] [ModernUI/UIManager]: UI thread initialized in 306ms
[2510月2025 17:37:10.194] [modloading-worker-0/DEBUG] [net.minecraftforge.fml.config.ConfigTracker/CONFIG]: Loading configs type CLIENT
[2510月2025 17:37:10.194] [modloading-worker-0/DEBUG] [net.minecraftforge.fml.config.ConfigFileTypeHandler/CONFIG]: Built TOML config for E:\yuanchu\Gameplay Sculptor\run\config\itemzoom-client.toml
[2510月2025 17:37:10.194] [Worker-ResourceReload-0/DEBUG] [ModernFix/]: Generated cache for /assets in 7.160 ms
[2510月2025 17:37:10.195] [modloading-worker-0/DEBUG] [net.minecraftforge.fml.config.ConfigFileTypeHandler/CONFIG]: Loaded TOML config file E:\yuanchu\Gameplay Sculptor\run\config\itemzoom-client.toml
[2510月2025 17:37:10.195] [Worker-ResourceReload-1/DEBUG] [ModernFix/]: Generated cache for /assets in 143.4 μs
[2510月2025 17:37:10.196] [Worker-ResourceReload-1/DEBUG] [ModernFix/]: Generated cache for /assets in 1.158 ms
[2510月2025 17:37:10.197] [Worker-ResourceReload-1/DEBUG] [ModernFix/]: Generated cache for /assets in 500.8 μs
[2510月2025 17:37:10.197] [modloading-worker-0/DEBUG] [net.minecraftforge.fml.config.ConfigFileTypeHandler/CONFIG]: Watching TOML config file E:\yuanchu\Gameplay Sculptor\run\config\itemzoom-client.toml for changes
[2510月2025 17:37:10.199] [Worker-ResourceReload-1/DEBUG] [ModernFix/]: Generated cache for /assets in 2.317 ms
[2510月2025 17:37:10.200] [modloading-worker-0/DEBUG] [net.minecraftforge.fml.config.ConfigFileTypeHandler/CONFIG]: Built TOML config for E:\yuanchu\Gameplay Sculptor\run\config\invtweaks-client.toml
[2510月2025 17:37:10.201] [modloading-worker-0/DEBUG] [net.minecraftforge.fml.config.ConfigFileTypeHandler/CONFIG]: Loaded TOML config file E:\yuanchu\Gameplay Sculptor\run\config\invtweaks-client.toml
[2510月2025 17:37:10.201] [modloading-worker-0/DEBUG] [net.minecraftforge.fml.config.ConfigFileTypeHandler/CONFIG]: Watching TOML config file E:\yuanchu\Gameplay Sculptor\run\config\invtweaks-client.toml for changes
[2510月2025 17:37:10.202] [modloading-worker-0/DEBUG] [net.minecraftforge.fml.config.ConfigFileTypeHandler/CONFIG]: Built TOML config for E:\yuanchu\Gameplay Sculptor\run\config\curios-client.toml
[2510月2025 17:37:10.203] [Worker-ResourceReload-2/DEBUG] [ModernFix/]: Generated cache for /assets in 884.6 μs
[2510月2025 17:37:10.203] [modloading-worker-0/DEBUG] [net.minecraftforge.fml.config.ConfigFileTypeHandler/CONFIG]: Loaded TOML config file E:\yuanchu\Gameplay Sculptor\run\config\curios-client.toml
[2510月2025 17:37:10.203] [modloading-worker-0/DEBUG] [net.minecraftforge.fml.config.ConfigFileTypeHandler/CONFIG]: Watching TOML config file E:\yuanchu\Gameplay Sculptor\run\config\curios-client.toml for changes
[2510月2025 17:37:10.203] [Worker-ResourceReload-2/DEBUG] [ModernFix/]: Generated cache for /assets in 554.3 μs
[2510月2025 17:37:10.204] [modloading-worker-0/DEBUG] [net.minecraftforge.fml.config.ConfigFileTypeHandler/CONFIG]: Built TOML config for E:\yuanchu\Gameplay Sculptor\run\config\ModernUI\client.toml
[2510月2025 17:37:10.204] [modloading-worker-0/DEBUG] [net.minecraftforge.fml.config.ConfigFileTypeHandler/CONFIG]: Loaded TOML config file E:\yuanchu\Gameplay Sculptor\run\config\ModernUI\client.toml
[2510月2025 17:37:10.204] [modloading-worker-0/DEBUG] [net.minecraftforge.fml.config.ConfigFileTypeHandler/CONFIG]: Watching TOML config file E:\yuanchu\Gameplay Sculptor\run\config\ModernUI\client.toml for changes
[2510月2025 17:37:10.243] [Worker-ResourceReload-1/DEBUG] [ModernFix/]: Generated cache for /assets in 43.18 ms
[2510月2025 17:37:10.243] [Worker-ResourceReload-1/DEBUG] [ModernFix/]: Generated cache for /assets in 225.1 μs
[2510月2025 17:37:10.245] [Worker-ResourceReload-1/DEBUG] [ModernFix/]: Generated cache for /assets in 1.456 ms
[2510月2025 17:37:10.245] [Worker-ResourceReload-1/DEBUG] [ModernFix/]: Generated cache for /assets in 248.1 μs
[2510月2025 17:37:10.246] [Worker-ResourceReload-1/DEBUG] [ModernFix/]: Generated cache for /assets in 978.4 μs
[2510月2025 17:37:10.246] [Worker-ResourceReload-1/DEBUG] [ModernFix/]: Generated cache for /assets in 197.9 μs
[2510月2025 17:37:10.246] [Worker-ResourceReload-1/DEBUG] [ModernFix/]: Generated cache for /assets in 8.800 μs
[2510月2025 17:37:10.247] [Worker-ResourceReload-1/DEBUG] [ModernFix/]: Generated cache for /assets in 115.8 μs
[2510月2025 17:37:10.265] [Worker-ResourceReload-2/DEBUG] [ModernFix/]: Generated cache for /assets in 61.85 ms
[2510月2025 17:37:10.272] [Worker-ResourceReload-2/DEBUG] [ModernFix/]: Generated cache for /assets in 5.928 ms
[2510月2025 17:37:10.274] [Worker-ResourceReload-14/DEBUG] [ModernFix/]: Generated cache for /assets in 1.416 ms
[2510月2025 17:37:10.298] [Worker-ResourceReload-11/INFO] [ModernUI/Glyph]: Scanned emoji shortcodes: 6923
[2510月2025 17:37:10.323] [Worker-ResourceReload-13/INFO] [ModernUI/Glyph]: Scanned emoji map size: 3581
[2510月2025 17:37:10.338] [Worker-ResourceReload-8/DEBUG] [mixin/]: Mixing perf.faster_texture_stitching.StitcherMixin from modernfix-common.mixins.json into net.minecraft.client.renderer.texture.Stitcher
[2510月2025 17:37:10.339] [Worker-ResourceReload-8/DEBUG] [mixin/]: Renaming synthetic method lambda$stitchFast$0(Lnet/minecraft/client/renderer/texture/Stitcher$Holder;)Lnet/minecraft/client/renderer/texture/Stitcher$Entry; to md27bff4$lambda$stitchFast$0$0 in modernfix-common.mixins.json:perf.faster_texture_stitching.StitcherMixin
[2510月2025 17:37:10.364] [Worker-ResourceReload-10/WARN] [net.minecraft.client.renderer.texture.SpriteContents/]: Invalid frame index on sprite born_in_chaos_v1:dimanim frame 1: 1
[2510月2025 17:37:10.365] [Worker-ResourceReload-10/WARN] [net.minecraft.client.renderer.texture.SpriteContents/]: Invalid frame index on sprite born_in_chaos_v1:dimanim frame 2: 2
[2510月2025 17:37:10.365] [Worker-ResourceReload-10/WARN] [net.minecraft.client.renderer.texture.SpriteContents/]: Invalid frame index on sprite born_in_chaos_v1:dimanim frame 3: 3
[2510月2025 17:37:10.365] [Worker-ResourceReload-10/WARN] [net.minecraft.client.renderer.texture.SpriteContents/]: Invalid frame index on sprite born_in_chaos_v1:dimanim frame 4: 4
[2510月2025 17:37:10.365] [Worker-ResourceReload-10/WARN] [net.minecraft.client.renderer.texture.SpriteContents/]: Invalid frame index on sprite born_in_chaos_v1:dimanim frame 5: 5
[2510月2025 17:37:10.365] [Worker-ResourceReload-10/WARN] [net.minecraft.client.renderer.texture.SpriteContents/]: Invalid frame index on sprite born_in_chaos_v1:dimanim frame 6: 6
[2510月2025 17:37:10.375] [ForkJoinPool.commonPool-worker-2/INFO] [ModernUI/TextLayout]: Redirect registered font 'mui-i18n-compat' to 'modernui:mui-i18n-compat'
[2510月2025 17:37:10.375] [ForkJoinPool.commonPool-worker-1/INFO] [ModernUI/TextLayout]: Redirect registered font 'JetBrains Mono Medium' to 'modernui:jetbrains-mono-medium'
[2510月2025 17:37:10.375] [ForkJoinPool.commonPool-worker-2/INFO] [ModernUI/Core]: Registered font 'mui-i18n-compat', location 'modernui:font/muii18ncompat/muii18ncompat.ttf' in pack: 'mod_resources'
[2510月2025 17:37:10.375] [ForkJoinPool.commonPool-worker-1/INFO] [ModernUI/Core]: Registered font 'JetBrains Mono Medium', location 'modernui:font/jetbrains-mono-medium.ttf' in pack: 'mod_resources'
[2510月2025 17:37:10.385] [Worker-ResourceReload-11/INFO] [STDERR/]: [software.bernie.geckolib.core.molang.MolangParser:parseSymbolsMolang:258]: java.lang.Exception: Given object couldn't be converted to value! -
[2510月2025 17:37:10.386] [Worker-ResourceReload-11/INFO] [STDERR/]: [software.bernie.geckolib.core.molang.MolangParser:parseSymbolsMolang:258]: 	at TRANSFORMER/mclib@20/com.eliotlash.mclib.math.MathBuilder.valueFromObject(MathBuilder.java:488)
[2510月2025 17:37:10.386] [Worker-ResourceReload-11/INFO] [STDERR/]: [software.bernie.geckolib.core.molang.MolangParser:parseSymbolsMolang:258]: 	at TRANSFORMER/mclib@20/com.eliotlash.mclib.math.MathBuilder.parseSymbols(MathBuilder.java:257)
[2510月2025 17:37:10.386] [Worker-ResourceReload-11/INFO] [STDERR/]: [software.bernie.geckolib.core.molang.MolangParser:parseSymbolsMolang:258]: 	at TRANSFORMER/geckolib@4.8.2/software.bernie.geckolib.core.molang.MolangParser.parseSymbolsMolang(MolangParser.java:255)
[2510月2025 17:37:10.387] [Worker-ResourceReload-11/INFO] [STDERR/]: [software.bernie.geckolib.core.molang.MolangParser:parseSymbolsMolang:258]: 	at TRANSFORMER/geckolib@4.8.2/software.bernie.geckolib.core.molang.MolangParser.parseOneLine(MolangParser.java:243)
[2510月2025 17:37:10.388] [Worker-ResourceReload-11/INFO] [STDERR/]: [software.bernie.geckolib.core.molang.MolangParser:parseSymbolsMolang:258]: 	at TRANSFORMER/geckolib@4.8.2/software.bernie.geckolib.core.molang.MolangParser.parseExpression(MolangParser.java:198)
[2510月2025 17:37:10.388] [Worker-ResourceReload-11/INFO] [STDERR/]: [software.bernie.geckolib.core.molang.MolangParser:parseSymbolsMolang:258]: 	at TRANSFORMER/geckolib@4.8.2/software.bernie.geckolib.core.molang.MolangParser.parseJson(MolangParser.java:180)
[2510月2025 17:37:10.388] [Worker-ResourceReload-11/INFO] [STDERR/]: [software.bernie.geckolib.core.molang.MolangParser:parseSymbolsMolang:258]: 	at TRANSFORMER/geckolib@4.8.2/software.bernie.geckolib.loading.json.typeadapter.BakedAnimationsAdapter.buildKeyframeStack(BakedAnimationsAdapter.java:198)
[2510月2025 17:37:10.388] [Worker-ResourceReload-11/INFO] [STDERR/]: [software.bernie.geckolib.core.molang.MolangParser:parseSymbolsMolang:258]: 	at TRANSFORMER/geckolib@4.8.2/software.bernie.geckolib.loading.json.typeadapter.BakedAnimationsAdapter.bakeBoneAnimations(BakedAnimationsAdapter.java:72)
[2510月2025 17:37:10.389] [Worker-ResourceReload-11/INFO] [STDERR/]: [software.bernie.geckolib.core.molang.MolangParser:parseSymbolsMolang:258]: 	at TRANSFORMER/geckolib@4.8.2/software.bernie.geckolib.loading.json.typeadapter.BakedAnimationsAdapter.bakeAnimation(BakedAnimationsAdapter.java:53)
[2510月2025 17:37:10.389] [Worker-ResourceReload-11/INFO] [STDERR/]: [software.bernie.geckolib.core.molang.MolangParser:parseSymbolsMolang:258]: 	at TRANSFORMER/geckolib@4.8.2/software.bernie.geckolib.loading.json.typeadapter.BakedAnimationsAdapter.deserialize(BakedAnimationsAdapter.java:39)
[2510月2025 17:37:10.389] [Worker-ResourceReload-11/INFO] [STDERR/]: [software.bernie.geckolib.core.molang.MolangParser:parseSymbolsMolang:258]: 	at TRANSFORMER/geckolib@4.8.2/software.bernie.geckolib.loading.json.typeadapter.BakedAnimationsAdapter.deserialize(BakedAnimationsAdapter.java:31)
[2510月2025 17:37:10.390] [Worker-ResourceReload-11/INFO] [STDERR/]: [software.bernie.geckolib.core.molang.MolangParser:parseSymbolsMolang:258]: 	at MC-BOOTSTRAP/com.google.gson@2.10/com.google.gson.internal.bind.TreeTypeAdapter.read(TreeTypeAdapter.java:76)
[2510月2025 17:37:10.390] [Worker-ResourceReload-11/INFO] [STDERR/]: [software.bernie.geckolib.core.molang.MolangParser:parseSymbolsMolang:258]: 	at MC-BOOTSTRAP/com.google.gson@2.10/com.google.gson.Gson.fromJson(Gson.java:1214)
[2510月2025 17:37:10.390] [Worker-ResourceReload-11/INFO] [STDERR/]: [software.bernie.geckolib.core.molang.MolangParser:parseSymbolsMolang:258]: 	at MC-BOOTSTRAP/com.google.gson@2.10/com.google.gson.Gson.fromJson(Gson.java:1319)
[2510月2025 17:37:10.391] [Worker-ResourceReload-11/INFO] [STDERR/]: [software.bernie.geckolib.core.molang.MolangParser:parseSymbolsMolang:258]: 	at MC-BOOTSTRAP/com.google.gson@2.10/com.google.gson.Gson.fromJson(Gson.java:1261)
[2510月2025 17:37:10.391] [Worker-ResourceReload-11/INFO] [STDERR/]: [software.bernie.geckolib.core.molang.MolangParser:parseSymbolsMolang:258]: 	at TRANSFORMER/geckolib@4.8.2/software.bernie.geckolib.loading.FileLoader.loadAnimationsFile(FileLoader.java:28)
[2510月2025 17:37:10.392] [Worker-ResourceReload-11/INFO] [STDERR/]: [software.bernie.geckolib.core.molang.MolangParser:parseSymbolsMolang:258]: 	at TRANSFORMER/geckolib@4.8.2/software.bernie.geckolib.cache.GeckoLibCache.lambda$loadAnimations$1(GeckoLibCache.java:90)
[2510月2025 17:37:10.392] [Worker-ResourceReload-11/INFO] [STDERR/]: [software.bernie.geckolib.core.molang.MolangParser:parseSymbolsMolang:258]: 	at TRANSFORMER/geckolib@4.8.2/software.bernie.geckolib.cache.GeckoLibCache.lambda$loadResources$5(GeckoLibCache.java:132)
[2510月2025 17:37:10.393] [Worker-ResourceReload-11/INFO] [STDERR/]: [software.bernie.geckolib.core.molang.MolangParser:parseSymbolsMolang:258]: 	at java.base/java.util.concurrent.CompletableFuture$AsyncSupply.run(CompletableFuture.java:1768)
[2510月2025 17:37:10.393] [Worker-ResourceReload-11/INFO] [STDERR/]: [software.bernie.geckolib.core.molang.MolangParser:parseSymbolsMolang:258]: 	at java.base/java.util.concurrent.CompletableFuture$AsyncSupply.exec(CompletableFuture.java:1760)
[2510月2025 17:37:10.393] [Worker-ResourceReload-11/INFO] [STDERR/]: [software.bernie.geckolib.core.molang.MolangParser:parseSymbolsMolang:258]: 	at java.base/java.util.concurrent.ForkJoinTask.doExec(ForkJoinTask.java:373)
[2510月2025 17:37:10.394] [Worker-ResourceReload-11/INFO] [STDERR/]: [software.bernie.geckolib.core.molang.MolangParser:parseSymbolsMolang:258]: 	at java.base/java.util.concurrent.ForkJoinPool$WorkQueue.topLevelExec(ForkJoinPool.java:1182)
[2510月2025 17:37:10.394] [Worker-ResourceReload-11/INFO] [STDERR/]: [software.bernie.geckolib.core.molang.MolangParser:parseSymbolsMolang:258]: 	at java.base/java.util.concurrent.ForkJoinPool.scan(ForkJoinPool.java:1655)
[2510月2025 17:37:10.394] [Worker-ResourceReload-11/INFO] [STDERR/]: [software.bernie.geckolib.core.molang.MolangParser:parseSymbolsMolang:258]: 	at java.base/java.util.concurrent.ForkJoinPool.runWorker(ForkJoinPool.java:1622)
[2510月2025 17:37:10.394] [Worker-ResourceReload-11/INFO] [STDERR/]: [software.bernie.geckolib.core.molang.MolangParser:parseSymbolsMolang:258]: 	at java.base/java.util.concurrent.ForkJoinWorkerThread.run(ForkJoinWorkerThread.java:165)
[2510月2025 17:37:10.395] [Worker-ResourceReload-7/INFO] [STDERR/]: [software.bernie.geckolib.core.molang.MolangParser:parseSymbolsMolang:258]: java.lang.Exception: Given object couldn't be converted to value! -
[2510月2025 17:37:10.395] [Worker-ResourceReload-11/ERROR] [software.bernie.geckolib.GeckoLib/]: Unable to parse animation: idle
[2510月2025 17:37:10.396] [Worker-ResourceReload-7/INFO] [STDERR/]: [software.bernie.geckolib.core.molang.MolangParser:parseSymbolsMolang:258]: 	at TRANSFORMER/mclib@20/com.eliotlash.mclib.math.MathBuilder.valueFromObject(MathBuilder.java:488)
[2510月2025 17:37:10.397] [Worker-ResourceReload-7/INFO] [STDERR/]: [software.bernie.geckolib.core.molang.MolangParser:parseSymbolsMolang:258]: 	at TRANSFORMER/mclib@20/com.eliotlash.mclib.math.MathBuilder.parseSymbols(MathBuilder.java:257)
[2510月2025 17:37:10.397] [Worker-ResourceReload-7/INFO] [STDERR/]: [software.bernie.geckolib.core.molang.MolangParser:parseSymbolsMolang:258]: 	at TRANSFORMER/geckolib@4.8.2/software.bernie.geckolib.core.molang.MolangParser.parseSymbolsMolang(MolangParser.java:255)
[2510月2025 17:37:10.397] [Worker-ResourceReload-7/INFO] [STDERR/]: [software.bernie.geckolib.core.molang.MolangParser:parseSymbolsMolang:258]: 	at TRANSFORMER/geckolib@4.8.2/software.bernie.geckolib.core.molang.MolangParser.parseOneLine(MolangParser.java:243)
[2510月2025 17:37:10.397] [Worker-ResourceReload-7/INFO] [STDERR/]: [software.bernie.geckolib.core.molang.MolangParser:parseSymbolsMolang:258]: 	at TRANSFORMER/geckolib@4.8.2/software.bernie.geckolib.core.molang.MolangParser.parseExpression(MolangParser.java:198)
[2510月2025 17:37:10.398] [Worker-ResourceReload-7/INFO] [STDERR/]: [software.bernie.geckolib.core.molang.MolangParser:parseSymbolsMolang:258]: 	at TRANSFORMER/geckolib@4.8.2/software.bernie.geckolib.core.molang.MolangParser.parseJson(MolangParser.java:180)
[2510月2025 17:37:10.399] [Worker-ResourceReload-7/INFO] [STDERR/]: [software.bernie.geckolib.core.molang.MolangParser:parseSymbolsMolang:258]: 	at TRANSFORMER/geckolib@4.8.2/software.bernie.geckolib.loading.json.typeadapter.BakedAnimationsAdapter.buildKeyframeStack(BakedAnimationsAdapter.java:198)
[2510月2025 17:37:10.399] [Worker-ResourceReload-7/INFO] [STDERR/]: [software.bernie.geckolib.core.molang.MolangParser:parseSymbolsMolang:258]: 	at TRANSFORMER/geckolib@4.8.2/software.bernie.geckolib.loading.json.typeadapter.BakedAnimationsAdapter.bakeBoneAnimations(BakedAnimationsAdapter.java:72)
[2510月2025 17:37:10.399] [Worker-ResourceReload-7/INFO] [STDERR/]: [software.bernie.geckolib.core.molang.MolangParser:parseSymbolsMolang:258]: 	at TRANSFORMER/geckolib@4.8.2/software.bernie.geckolib.loading.json.typeadapter.BakedAnimationsAdapter.bakeAnimation(BakedAnimationsAdapter.java:53)
[2510月2025 17:37:10.399] [Worker-ResourceReload-7/INFO] [STDERR/]: [software.bernie.geckolib.core.molang.MolangParser:parseSymbolsMolang:258]: 	at TRANSFORMER/geckolib@4.8.2/software.bernie.geckolib.loading.json.typeadapter.BakedAnimationsAdapter.deserialize(BakedAnimationsAdapter.java:39)
[2510月2025 17:37:10.400] [Worker-ResourceReload-7/INFO] [STDERR/]: [software.bernie.geckolib.core.molang.MolangParser:parseSymbolsMolang:258]: 	at TRANSFORMER/geckolib@4.8.2/software.bernie.geckolib.loading.json.typeadapter.BakedAnimationsAdapter.deserialize(BakedAnimationsAdapter.java:31)
[2510月2025 17:37:10.400] [Worker-ResourceReload-7/INFO] [STDERR/]: [software.bernie.geckolib.core.molang.MolangParser:parseSymbolsMolang:258]: 	at MC-BOOTSTRAP/com.google.gson@2.10/com.google.gson.internal.bind.TreeTypeAdapter.read(TreeTypeAdapter.java:76)
[2510月2025 17:37:10.400] [Worker-ResourceReload-7/INFO] [STDERR/]: [software.bernie.geckolib.core.molang.MolangParser:parseSymbolsMolang:258]: 	at MC-BOOTSTRAP/com.google.gson@2.10/com.google.gson.Gson.fromJson(Gson.java:1214)
[2510月2025 17:37:10.401] [Worker-ResourceReload-7/INFO] [STDERR/]: [software.bernie.geckolib.core.molang.MolangParser:parseSymbolsMolang:258]: 	at MC-BOOTSTRAP/com.google.gson@2.10/com.google.gson.Gson.fromJson(Gson.java:1319)
[2510月2025 17:37:10.401] [Worker-ResourceReload-7/INFO] [STDERR/]: [software.bernie.geckolib.core.molang.MolangParser:parseSymbolsMolang:258]: 	at MC-BOOTSTRAP/com.google.gson@2.10/com.google.gson.Gson.fromJson(Gson.java:1261)
[2510月2025 17:37:10.401] [Worker-ResourceReload-7/INFO] [STDERR/]: [software.bernie.geckolib.core.molang.MolangParser:parseSymbolsMolang:258]: 	at TRANSFORMER/geckolib@4.8.2/software.bernie.geckolib.loading.FileLoader.loadAnimationsFile(FileLoader.java:28)
[2510月2025 17:37:10.401] [Worker-ResourceReload-7/INFO] [STDERR/]: [software.bernie.geckolib.core.molang.MolangParser:parseSymbolsMolang:258]: 	at TRANSFORMER/geckolib@4.8.2/software.bernie.geckolib.cache.GeckoLibCache.lambda$loadAnimations$1(GeckoLibCache.java:90)
[2510月2025 17:37:10.402] [Worker-ResourceReload-7/INFO] [STDERR/]: [software.bernie.geckolib.core.molang.MolangParser:parseSymbolsMolang:258]: 	at TRANSFORMER/geckolib@4.8.2/software.bernie.geckolib.cache.GeckoLibCache.lambda$loadResources$5(GeckoLibCache.java:132)
[2510月2025 17:37:10.402] [Worker-ResourceReload-7/INFO] [STDERR/]: [software.bernie.geckolib.core.molang.MolangParser:parseSymbolsMolang:258]: 	at java.base/java.util.concurrent.CompletableFuture$AsyncSupply.run(CompletableFuture.java:1768)
[2510月2025 17:37:10.402] [Worker-ResourceReload-7/INFO] [STDERR/]: [software.bernie.geckolib.core.molang.MolangParser:parseSymbolsMolang:258]: 	at java.base/java.util.concurrent.CompletableFuture$AsyncSupply.exec(CompletableFuture.java:1760)
[2510月2025 17:37:10.403] [Worker-ResourceReload-7/INFO] [STDERR/]: [software.bernie.geckolib.core.molang.MolangParser:parseSymbolsMolang:258]: 	at java.base/java.util.concurrent.ForkJoinTask.doExec(ForkJoinTask.java:373)
[2510月2025 17:37:10.403] [Worker-ResourceReload-7/INFO] [STDERR/]: [software.bernie.geckolib.core.molang.MolangParser:parseSymbolsMolang:258]: 	at java.base/java.util.concurrent.ForkJoinPool$WorkQueue.topLevelExec(ForkJoinPool.java:1182)
[2510月2025 17:37:10.404] [Worker-ResourceReload-7/INFO] [STDERR/]: [software.bernie.geckolib.core.molang.MolangParser:parseSymbolsMolang:258]: 	at java.base/java.util.concurrent.ForkJoinPool.scan(ForkJoinPool.java:1655)
[2510月2025 17:37:10.404] [Worker-ResourceReload-7/INFO] [STDERR/]: [software.bernie.geckolib.core.molang.MolangParser:parseSymbolsMolang:258]: 	at java.base/java.util.concurrent.ForkJoinPool.runWorker(ForkJoinPool.java:1622)
[2510月2025 17:37:10.405] [Worker-ResourceReload-7/INFO] [STDERR/]: [software.bernie.geckolib.core.molang.MolangParser:parseSymbolsMolang:258]: 	at java.base/java.util.concurrent.ForkJoinWorkerThread.run(ForkJoinWorkerThread.java:165)
[2510月2025 17:37:10.405] [Worker-ResourceReload-7/ERROR] [software.bernie.geckolib.GeckoLib/]: Unable to parse animation: idle
[2510月2025 17:37:10.405] [Worker-ResourceReload-7/INFO] [STDERR/]: [software.bernie.geckolib.loading.json.typeadapter.BakedAnimationsAdapter:deserialize:43]: software.bernie.geckolib.core.molang.MolangException: Couldn't parse '-' expression!
[2510月2025 17:37:10.406] [Worker-ResourceReload-7/INFO] [STDERR/]: [software.bernie.geckolib.loading.json.typeadapter.BakedAnimationsAdapter:deserialize:43]: 	at TRANSFORMER/geckolib@4.8.2/software.bernie.geckolib.core.molang.MolangParser.parseOneLine(MolangParser.java:246)
[2510月2025 17:37:10.407] [Worker-ResourceReload-7/INFO] [STDERR/]: [software.bernie.geckolib.loading.json.typeadapter.BakedAnimationsAdapter:deserialize:43]: 	at TRANSFORMER/geckolib@4.8.2/software.bernie.geckolib.core.molang.MolangParser.parseExpression(MolangParser.java:198)
[2510月2025 17:37:10.407] [Worker-ResourceReload-7/INFO] [STDERR/]: [software.bernie.geckolib.loading.json.typeadapter.BakedAnimationsAdapter:deserialize:43]: 	at TRANSFORMER/geckolib@4.8.2/software.bernie.geckolib.core.molang.MolangParser.parseJson(MolangParser.java:180)
[2510月2025 17:37:10.408] [Worker-ResourceReload-7/INFO] [STDERR/]: [software.bernie.geckolib.loading.json.typeadapter.BakedAnimationsAdapter:deserialize:43]: 	at TRANSFORMER/geckolib@4.8.2/software.bernie.geckolib.loading.json.typeadapter.BakedAnimationsAdapter.buildKeyframeStack(BakedAnimationsAdapter.java:198)
[2510月2025 17:37:10.408] [Worker-ResourceReload-7/INFO] [STDERR/]: [software.bernie.geckolib.loading.json.typeadapter.BakedAnimationsAdapter:deserialize:43]: 	at TRANSFORMER/geckolib@4.8.2/software.bernie.geckolib.loading.json.typeadapter.BakedAnimationsAdapter.bakeBoneAnimations(BakedAnimationsAdapter.java:72)
[2510月2025 17:37:10.408] [Worker-ResourceReload-7/INFO] [STDERR/]: [software.bernie.geckolib.loading.json.typeadapter.BakedAnimationsAdapter:deserialize:43]: 	at TRANSFORMER/geckolib@4.8.2/software.bernie.geckolib.loading.json.typeadapter.BakedAnimationsAdapter.bakeAnimation(BakedAnimationsAdapter.java:53)
[2510月2025 17:37:10.409] [Worker-ResourceReload-7/INFO] [STDERR/]: [software.bernie.geckolib.loading.json.typeadapter.BakedAnimationsAdapter:deserialize:43]: 	at TRANSFORMER/geckolib@4.8.2/software.bernie.geckolib.loading.json.typeadapter.BakedAnimationsAdapter.deserialize(BakedAnimationsAdapter.java:39)
[2510月2025 17:37:10.409] [Worker-ResourceReload-7/INFO] [STDERR/]: [software.bernie.geckolib.loading.json.typeadapter.BakedAnimationsAdapter:deserialize:43]: 	at TRANSFORMER/geckolib@4.8.2/software.bernie.geckolib.loading.json.typeadapter.BakedAnimationsAdapter.deserialize(BakedAnimationsAdapter.java:31)
[2510月2025 17:37:10.409] [Worker-ResourceReload-7/INFO] [STDERR/]: [software.bernie.geckolib.loading.json.typeadapter.BakedAnimationsAdapter:deserialize:43]: 	at MC-BOOTSTRAP/com.google.gson@2.10/com.google.gson.internal.bind.TreeTypeAdapter.read(TreeTypeAdapter.java:76)
[2510月2025 17:37:10.409] [Worker-ResourceReload-7/INFO] [STDERR/]: [software.bernie.geckolib.loading.json.typeadapter.BakedAnimationsAdapter:deserialize:43]: 	at MC-BOOTSTRAP/com.google.gson@2.10/com.google.gson.Gson.fromJson(Gson.java:1214)
[2510月2025 17:37:10.409] [Worker-ResourceReload-7/INFO] [STDERR/]: [software.bernie.geckolib.loading.json.typeadapter.BakedAnimationsAdapter:deserialize:43]: 	at MC-BOOTSTRAP/com.google.gson@2.10/com.google.gson.Gson.fromJson(Gson.java:1319)
[2510月2025 17:37:10.410] [Worker-ResourceReload-7/INFO] [STDERR/]: [software.bernie.geckolib.loading.json.typeadapter.BakedAnimationsAdapter:deserialize:43]: 	at MC-BOOTSTRAP/com.google.gson@2.10/com.google.gson.Gson.fromJson(Gson.java:1261)
[2510月2025 17:37:10.410] [Worker-ResourceReload-7/INFO] [STDERR/]: [software.bernie.geckolib.loading.json.typeadapter.BakedAnimationsAdapter:deserialize:43]: 	at TRANSFORMER/geckolib@4.8.2/software.bernie.geckolib.loading.FileLoader.loadAnimationsFile(FileLoader.java:28)
[2510月2025 17:37:10.411] [Worker-ResourceReload-7/INFO] [STDERR/]: [software.bernie.geckolib.loading.json.typeadapter.BakedAnimationsAdapter:deserialize:43]: 	at TRANSFORMER/geckolib@4.8.2/software.bernie.geckolib.cache.GeckoLibCache.lambda$loadAnimations$1(GeckoLibCache.java:90)
[2510月2025 17:37:10.411] [Worker-ResourceReload-7/INFO] [STDERR/]: [software.bernie.geckolib.loading.json.typeadapter.BakedAnimationsAdapter:deserialize:43]: 	at TRANSFORMER/geckolib@4.8.2/software.bernie.geckolib.cache.GeckoLibCache.lambda$loadResources$5(GeckoLibCache.java:132)
[2510月2025 17:37:10.411] [Worker-ResourceReload-7/INFO] [STDERR/]: [software.bernie.geckolib.loading.json.typeadapter.BakedAnimationsAdapter:deserialize:43]: 	at java.base/java.util.concurrent.CompletableFuture$AsyncSupply.run(CompletableFuture.java:1768)
[2510月2025 17:37:10.412] [Worker-ResourceReload-7/INFO] [STDERR/]: [software.bernie.geckolib.loading.json.typeadapter.BakedAnimationsAdapter:deserialize:43]: 	at java.base/java.util.concurrent.CompletableFuture$AsyncSupply.exec(CompletableFuture.java:1760)
[2510月2025 17:37:10.412] [Worker-ResourceReload-7/INFO] [STDERR/]: [software.bernie.geckolib.loading.json.typeadapter.BakedAnimationsAdapter:deserialize:43]: 	at java.base/java.util.concurrent.ForkJoinTask.doExec(ForkJoinTask.java:373)
[2510月2025 17:37:10.413] [Worker-ResourceReload-7/INFO] [STDERR/]: [software.bernie.geckolib.loading.json.typeadapter.BakedAnimationsAdapter:deserialize:43]: 	at java.base/java.util.concurrent.ForkJoinPool$WorkQueue.topLevelExec(ForkJoinPool.java:1182)
[2510月2025 17:37:10.413] [Worker-ResourceReload-7/INFO] [STDERR/]: [software.bernie.geckolib.loading.json.typeadapter.BakedAnimationsAdapter:deserialize:43]: 	at java.base/java.util.concurrent.ForkJoinPool.scan(ForkJoinPool.java:1655)
[2510月2025 17:37:10.413] [Worker-ResourceReload-7/INFO] [STDERR/]: [software.bernie.geckolib.loading.json.typeadapter.BakedAnimationsAdapter:deserialize:43]: 	at java.base/java.util.concurrent.ForkJoinPool.runWorker(ForkJoinPool.java:1622)
[2510月2025 17:37:10.414] [Worker-ResourceReload-7/INFO] [STDERR/]: [software.bernie.geckolib.loading.json.typeadapter.BakedAnimationsAdapter:deserialize:43]: 	at java.base/java.util.concurrent.ForkJoinWorkerThread.run(ForkJoinWorkerThread.java:165)
[2510月2025 17:37:10.415] [Worker-ResourceReload-0/INFO] [STDERR/]: [software.bernie.geckolib.core.molang.MolangParser:parseSymbolsMolang:258]: java.lang.Exception: Given object couldn't be converted to value! -
[2510月2025 17:37:10.416] [Worker-ResourceReload-0/INFO] [STDERR/]: [software.bernie.geckolib.core.molang.MolangParser:parseSymbolsMolang:258]: 	at TRANSFORMER/mclib@20/com.eliotlash.mclib.math.MathBuilder.valueFromObject(MathBuilder.java:488)
[2510月2025 17:37:10.417] [Worker-ResourceReload-0/INFO] [STDERR/]: [software.bernie.geckolib.core.molang.MolangParser:parseSymbolsMolang:258]: 	at TRANSFORMER/mclib@20/com.eliotlash.mclib.math.MathBuilder.parseSymbols(MathBuilder.java:257)
[2510月2025 17:37:10.417] [Worker-ResourceReload-0/INFO] [STDERR/]: [software.bernie.geckolib.core.molang.MolangParser:parseSymbolsMolang:258]: 	at TRANSFORMER/geckolib@4.8.2/software.bernie.geckolib.core.molang.MolangParser.parseSymbolsMolang(MolangParser.java:255)
[2510月2025 17:37:10.418] [Worker-ResourceReload-0/INFO] [STDERR/]: [software.bernie.geckolib.core.molang.MolangParser:parseSymbolsMolang:258]: 	at TRANSFORMER/geckolib@4.8.2/software.bernie.geckolib.core.molang.MolangParser.parseOneLine(MolangParser.java:243)
[2510月2025 17:37:10.419] [Worker-ResourceReload-0/INFO] [STDERR/]: [software.bernie.geckolib.core.molang.MolangParser:parseSymbolsMolang:258]: 	at TRANSFORMER/geckolib@4.8.2/software.bernie.geckolib.core.molang.MolangParser.parseExpression(MolangParser.java:198)
[2510月2025 17:37:10.420] [Worker-ResourceReload-0/INFO] [STDERR/]: [software.bernie.geckolib.core.molang.MolangParser:parseSymbolsMolang:258]: 	at TRANSFORMER/geckolib@4.8.2/software.bernie.geckolib.core.molang.MolangParser.parseJson(MolangParser.java:180)
[2510月2025 17:37:10.423] [Worker-ResourceReload-0/INFO] [STDERR/]: [software.bernie.geckolib.core.molang.MolangParser:parseSymbolsMolang:258]: 	at TRANSFORMER/geckolib@4.8.2/software.bernie.geckolib.loading.json.typeadapter.BakedAnimationsAdapter.buildKeyframeStack(BakedAnimationsAdapter.java:198)
[2510月2025 17:37:10.423] [Worker-ResourceReload-0/INFO] [STDERR/]: [software.bernie.geckolib.core.molang.MolangParser:parseSymbolsMolang:258]: 	at TRANSFORMER/geckolib@4.8.2/software.bernie.geckolib.loading.json.typeadapter.BakedAnimationsAdapter.bakeBoneAnimations(BakedAnimationsAdapter.java:72)
[2510月2025 17:37:10.424] [Worker-ResourceReload-0/INFO] [STDERR/]: [software.bernie.geckolib.core.molang.MolangParser:parseSymbolsMolang:258]: 	at TRANSFORMER/geckolib@4.8.2/software.bernie.geckolib.loading.json.typeadapter.BakedAnimationsAdapter.bakeAnimation(BakedAnimationsAdapter.java:53)
[2510月2025 17:37:10.425] [Worker-ResourceReload-0/INFO] [STDERR/]: [software.bernie.geckolib.core.molang.MolangParser:parseSymbolsMolang:258]: 	at TRANSFORMER/geckolib@4.8.2/software.bernie.geckolib.loading.json.typeadapter.BakedAnimationsAdapter.deserialize(BakedAnimationsAdapter.java:39)
[2510月2025 17:37:10.425] [Worker-ResourceReload-0/INFO] [STDERR/]: [software.bernie.geckolib.core.molang.MolangParser:parseSymbolsMolang:258]: 	at TRANSFORMER/geckolib@4.8.2/software.bernie.geckolib.loading.json.typeadapter.BakedAnimationsAdapter.deserialize(BakedAnimationsAdapter.java:31)
[2510月2025 17:37:10.426] [Worker-ResourceReload-0/INFO] [STDERR/]: [software.bernie.geckolib.core.molang.MolangParser:parseSymbolsMolang:258]: 	at MC-BOOTSTRAP/com.google.gson@2.10/com.google.gson.internal.bind.TreeTypeAdapter.read(TreeTypeAdapter.java:76)
[2510月2025 17:37:10.426] [Worker-ResourceReload-0/INFO] [STDERR/]: [software.bernie.geckolib.core.molang.MolangParser:parseSymbolsMolang:258]: 	at MC-BOOTSTRAP/com.google.gson@2.10/com.google.gson.Gson.fromJson(Gson.java:1214)
[2510月2025 17:37:10.426] [Worker-ResourceReload-0/INFO] [STDERR/]: [software.bernie.geckolib.core.molang.MolangParser:parseSymbolsMolang:258]: 	at MC-BOOTSTRAP/com.google.gson@2.10/com.google.gson.Gson.fromJson(Gson.java:1319)
[2510月2025 17:37:10.427] [Worker-ResourceReload-0/INFO] [STDERR/]: [software.bernie.geckolib.core.molang.MolangParser:parseSymbolsMolang:258]: 	at MC-BOOTSTRAP/com.google.gson@2.10/com.google.gson.Gson.fromJson(Gson.java:1261)
[2510月2025 17:37:10.427] [Worker-ResourceReload-0/INFO] [STDERR/]: [software.bernie.geckolib.core.molang.MolangParser:parseSymbolsMolang:258]: 	at TRANSFORMER/geckolib@4.8.2/software.bernie.geckolib.loading.FileLoader.loadAnimationsFile(FileLoader.java:28)
[2510月2025 17:37:10.427] [Worker-ResourceReload-0/INFO] [STDERR/]: [software.bernie.geckolib.core.molang.MolangParser:parseSymbolsMolang:258]: 	at TRANSFORMER/geckolib@4.8.2/software.bernie.geckolib.cache.GeckoLibCache.lambda$loadAnimations$1(GeckoLibCache.java:90)
[2510月2025 17:37:10.427] [Worker-ResourceReload-0/INFO] [STDERR/]: [software.bernie.geckolib.core.molang.MolangParser:parseSymbolsMolang:258]: 	at TRANSFORMER/geckolib@4.8.2/software.bernie.geckolib.cache.GeckoLibCache.lambda$loadResources$5(GeckoLibCache.java:132)
[2510月2025 17:37:10.427] [Worker-ResourceReload-0/INFO] [STDERR/]: [software.bernie.geckolib.core.molang.MolangParser:parseSymbolsMolang:258]: 	at java.base/java.util.concurrent.CompletableFuture$AsyncSupply.run(CompletableFuture.java:1768)
[2510月2025 17:37:10.428] [Worker-ResourceReload-0/INFO] [STDERR/]: [software.bernie.geckolib.core.molang.MolangParser:parseSymbolsMolang:258]: 	at java.base/java.util.concurrent.CompletableFuture$AsyncSupply.exec(CompletableFuture.java:1760)
[2510月2025 17:37:10.429] [Worker-ResourceReload-0/INFO] [STDERR/]: [software.bernie.geckolib.core.molang.MolangParser:parseSymbolsMolang:258]: 	at java.base/java.util.concurrent.ForkJoinTask.doExec(ForkJoinTask.java:373)
[2510月2025 17:37:10.429] [Worker-ResourceReload-0/INFO] [STDERR/]: [software.bernie.geckolib.core.molang.MolangParser:parseSymbolsMolang:258]: 	at java.base/java.util.concurrent.ForkJoinPool$WorkQueue.topLevelExec(ForkJoinPool.java:1182)
[2510月2025 17:37:10.430] [Worker-ResourceReload-0/INFO] [STDERR/]: [software.bernie.geckolib.core.molang.MolangParser:parseSymbolsMolang:258]: 	at java.base/java.util.concurrent.ForkJoinPool.scan(ForkJoinPool.java:1655)
[2510月2025 17:37:10.430] [Worker-ResourceReload-0/INFO] [STDERR/]: [software.bernie.geckolib.core.molang.MolangParser:parseSymbolsMolang:258]: 	at java.base/java.util.concurrent.ForkJoinPool.runWorker(ForkJoinPool.java:1622)
[2510月2025 17:37:10.430] [Worker-ResourceReload-0/INFO] [STDERR/]: [software.bernie.geckolib.core.molang.MolangParser:parseSymbolsMolang:258]: 	at java.base/java.util.concurrent.ForkJoinWorkerThread.run(ForkJoinWorkerThread.java:165)
[2510月2025 17:37:10.430] [Worker-ResourceReload-0/ERROR] [software.bernie.geckolib.GeckoLib/]: Unable to parse animation: idle
[2510月2025 17:37:10.430] [Worker-ResourceReload-0/INFO] [STDERR/]: [software.bernie.geckolib.loading.json.typeadapter.BakedAnimationsAdapter:deserialize:43]: software.bernie.geckolib.core.molang.MolangException: Couldn't parse '-' expression!
[2510月2025 17:37:10.430] [Worker-ResourceReload-0/INFO] [STDERR/]: [software.bernie.geckolib.loading.json.typeadapter.BakedAnimationsAdapter:deserialize:43]: 	at TRANSFORMER/geckolib@4.8.2/software.bernie.geckolib.core.molang.MolangParser.parseOneLine(MolangParser.java:246)
[2510月2025 17:37:10.431] [Worker-ResourceReload-0/INFO] [STDERR/]: [software.bernie.geckolib.loading.json.typeadapter.BakedAnimationsAdapter:deserialize:43]: 	at TRANSFORMER/geckolib@4.8.2/software.bernie.geckolib.core.molang.MolangParser.parseExpression(MolangParser.java:198)
[2510月2025 17:37:10.431] [Worker-ResourceReload-0/INFO] [STDERR/]: [software.bernie.geckolib.loading.json.typeadapter.BakedAnimationsAdapter:deserialize:43]: 	at TRANSFORMER/geckolib@4.8.2/software.bernie.geckolib.core.molang.MolangParser.parseJson(MolangParser.java:180)
[2510月2025 17:37:10.431] [Worker-ResourceReload-0/INFO] [STDERR/]: [software.bernie.geckolib.loading.json.typeadapter.BakedAnimationsAdapter:deserialize:43]: 	at TRANSFORMER/geckolib@4.8.2/software.bernie.geckolib.loading.json.typeadapter.BakedAnimationsAdapter.buildKeyframeStack(BakedAnimationsAdapter.java:198)
[2510月2025 17:37:10.431] [Worker-ResourceReload-0/INFO] [STDERR/]: [software.bernie.geckolib.loading.json.typeadapter.BakedAnimationsAdapter:deserialize:43]: 	at TRANSFORMER/geckolib@4.8.2/software.bernie.geckolib.loading.json.typeadapter.BakedAnimationsAdapter.bakeBoneAnimations(BakedAnimationsAdapter.java:72)
[2510月2025 17:37:10.431] [Worker-ResourceReload-0/INFO] [STDERR/]: [software.bernie.geckolib.loading.json.typeadapter.BakedAnimationsAdapter:deserialize:43]: 	at TRANSFORMER/geckolib@4.8.2/software.bernie.geckolib.loading.json.typeadapter.BakedAnimationsAdapter.bakeAnimation(BakedAnimationsAdapter.java:53)
[2510月2025 17:37:10.431] [Worker-ResourceReload-0/INFO] [STDERR/]: [software.bernie.geckolib.loading.json.typeadapter.BakedAnimationsAdapter:deserialize:43]: 	at TRANSFORMER/geckolib@4.8.2/software.bernie.geckolib.loading.json.typeadapter.BakedAnimationsAdapter.deserialize(BakedAnimationsAdapter.java:39)
[2510月2025 17:37:10.431] [Worker-ResourceReload-0/INFO] [STDERR/]: [software.bernie.geckolib.loading.json.typeadapter.BakedAnimationsAdapter:deserialize:43]: 	at TRANSFORMER/geckolib@4.8.2/software.bernie.geckolib.loading.json.typeadapter.BakedAnimationsAdapter.deserialize(BakedAnimationsAdapter.java:31)
[2510月2025 17:37:10.431] [Worker-ResourceReload-0/INFO] [STDERR/]: [software.bernie.geckolib.loading.json.typeadapter.BakedAnimationsAdapter:deserialize:43]: 	at MC-BOOTSTRAP/com.google.gson@2.10/com.google.gson.internal.bind.TreeTypeAdapter.read(TreeTypeAdapter.java:76)
[2510月2025 17:37:10.432] [Worker-ResourceReload-0/INFO] [STDERR/]: [software.bernie.geckolib.loading.json.typeadapter.BakedAnimationsAdapter:deserialize:43]: 	at MC-BOOTSTRAP/com.google.gson@2.10/com.google.gson.Gson.fromJson(Gson.java:1214)
[2510月2025 17:37:10.432] [Worker-ResourceReload-0/INFO] [STDERR/]: [software.bernie.geckolib.loading.json.typeadapter.BakedAnimationsAdapter:deserialize:43]: 	at MC-BOOTSTRAP/com.google.gson@2.10/com.google.gson.Gson.fromJson(Gson.java:1319)
[2510月2025 17:37:10.432] [Worker-ResourceReload-0/INFO] [STDERR/]: [software.bernie.geckolib.loading.json.typeadapter.BakedAnimationsAdapter:deserialize:43]: 	at MC-BOOTSTRAP/com.google.gson@2.10/com.google.gson.Gson.fromJson(Gson.java:1261)
[2510月2025 17:37:10.433] [Worker-ResourceReload-0/INFO] [STDERR/]: [software.bernie.geckolib.loading.json.typeadapter.BakedAnimationsAdapter:deserialize:43]: 	at TRANSFORMER/geckolib@4.8.2/software.bernie.geckolib.loading.FileLoader.loadAnimationsFile(FileLoader.java:28)
[2510月2025 17:37:10.434] [Worker-ResourceReload-0/INFO] [STDERR/]: [software.bernie.geckolib.loading.json.typeadapter.BakedAnimationsAdapter:deserialize:43]: 	at TRANSFORMER/geckolib@4.8.2/software.bernie.geckolib.cache.GeckoLibCache.lambda$loadAnimations$1(GeckoLibCache.java:90)
[2510月2025 17:37:10.434] [Worker-ResourceReload-0/INFO] [STDERR/]: [software.bernie.geckolib.loading.json.typeadapter.BakedAnimationsAdapter:deserialize:43]: 	at TRANSFORMER/geckolib@4.8.2/software.bernie.geckolib.cache.GeckoLibCache.lambda$loadResources$5(GeckoLibCache.java:132)
[2510月2025 17:37:10.434] [Worker-ResourceReload-0/INFO] [STDERR/]: [software.bernie.geckolib.loading.json.typeadapter.BakedAnimationsAdapter:deserialize:43]: 	at java.base/java.util.concurrent.CompletableFuture$AsyncSupply.run(CompletableFuture.java:1768)
[2510月2025 17:37:10.434] [Worker-ResourceReload-0/INFO] [STDERR/]: [software.bernie.geckolib.loading.json.typeadapter.BakedAnimationsAdapter:deserialize:43]: 	at java.base/java.util.concurrent.CompletableFuture$AsyncSupply.exec(CompletableFuture.java:1760)
[2510月2025 17:37:10.435] [Worker-ResourceReload-0/INFO] [STDERR/]: [software.bernie.geckolib.loading.json.typeadapter.BakedAnimationsAdapter:deserialize:43]: 	at java.base/java.util.concurrent.ForkJoinTask.doExec(ForkJoinTask.java:373)
[2510月2025 17:37:10.435] [Worker-ResourceReload-0/INFO] [STDERR/]: [software.bernie.geckolib.loading.json.typeadapter.BakedAnimationsAdapter:deserialize:43]: 	at java.base/java.util.concurrent.ForkJoinPool$WorkQueue.topLevelExec(ForkJoinPool.java:1182)
[2510月2025 17:37:10.435] [Worker-ResourceReload-0/INFO] [STDERR/]: [software.bernie.geckolib.loading.json.typeadapter.BakedAnimationsAdapter:deserialize:43]: 	at java.base/java.util.concurrent.ForkJoinPool.scan(ForkJoinPool.java:1655)
[2510月2025 17:37:10.435] [Worker-ResourceReload-0/INFO] [STDERR/]: [software.bernie.geckolib.loading.json.typeadapter.BakedAnimationsAdapter:deserialize:43]: 	at java.base/java.util.concurrent.ForkJoinPool.runWorker(ForkJoinPool.java:1622)
[2510月2025 17:37:10.436] [Worker-ResourceReload-0/INFO] [STDERR/]: [software.bernie.geckolib.loading.json.typeadapter.BakedAnimationsAdapter:deserialize:43]: 	at java.base/java.util.concurrent.ForkJoinWorkerThread.run(ForkJoinWorkerThread.java:165)
[2510月2025 17:37:10.436] [Worker-ResourceReload-11/INFO] [STDERR/]: [software.bernie.geckolib.loading.json.typeadapter.BakedAnimationsAdapter:deserialize:43]: software.bernie.geckolib.core.molang.MolangException: Couldn't parse '-' expression!
[2510月2025 17:37:10.436] [Worker-ResourceReload-11/INFO] [STDERR/]: [software.bernie.geckolib.loading.json.typeadapter.BakedAnimationsAdapter:deserialize:43]: 	at TRANSFORMER/geckolib@4.8.2/software.bernie.geckolib.core.molang.MolangParser.parseOneLine(MolangParser.java:246)
[2510月2025 17:37:10.436] [Worker-ResourceReload-11/INFO] [STDERR/]: [software.bernie.geckolib.loading.json.typeadapter.BakedAnimationsAdapter:deserialize:43]: 	at TRANSFORMER/geckolib@4.8.2/software.bernie.geckolib.core.molang.MolangParser.parseExpression(MolangParser.java:198)
[2510月2025 17:37:10.436] [Worker-ResourceReload-11/INFO] [STDERR/]: [software.bernie.geckolib.loading.json.typeadapter.BakedAnimationsAdapter:deserialize:43]: 	at TRANSFORMER/geckolib@4.8.2/software.bernie.geckolib.core.molang.MolangParser.parseJson(MolangParser.java:180)
[2510月2025 17:37:10.436] [Worker-ResourceReload-11/INFO] [STDERR/]: [software.bernie.geckolib.loading.json.typeadapter.BakedAnimationsAdapter:deserialize:43]: 	at TRANSFORMER/geckolib@4.8.2/software.bernie.geckolib.loading.json.typeadapter.BakedAnimationsAdapter.buildKeyframeStack(BakedAnimationsAdapter.java:198)
[2510月2025 17:37:10.437] [Worker-ResourceReload-11/INFO] [STDERR/]: [software.bernie.geckolib.loading.json.typeadapter.BakedAnimationsAdapter:deserialize:43]: 	at TRANSFORMER/geckolib@4.8.2/software.bernie.geckolib.loading.json.typeadapter.BakedAnimationsAdapter.bakeBoneAnimations(BakedAnimationsAdapter.java:72)
[2510月2025 17:37:10.437] [Worker-ResourceReload-11/INFO] [STDERR/]: [software.bernie.geckolib.loading.json.typeadapter.BakedAnimationsAdapter:deserialize:43]: 	at TRANSFORMER/geckolib@4.8.2/software.bernie.geckolib.loading.json.typeadapter.BakedAnimationsAdapter.bakeAnimation(BakedAnimationsAdapter.java:53)
[2510月2025 17:37:10.437] [Worker-ResourceReload-11/INFO] [STDERR/]: [software.bernie.geckolib.loading.json.typeadapter.BakedAnimationsAdapter:deserialize:43]: 	at TRANSFORMER/geckolib@4.8.2/software.bernie.geckolib.loading.json.typeadapter.BakedAnimationsAdapter.deserialize(BakedAnimationsAdapter.java:39)
[2510月2025 17:37:10.437] [Worker-ResourceReload-11/INFO] [STDERR/]: [software.bernie.geckolib.loading.json.typeadapter.BakedAnimationsAdapter:deserialize:43]: 	at TRANSFORMER/geckolib@4.8.2/software.bernie.geckolib.loading.json.typeadapter.BakedAnimationsAdapter.deserialize(BakedAnimationsAdapter.java:31)
[2510月2025 17:37:10.437] [Worker-ResourceReload-11/INFO] [STDERR/]: [software.bernie.geckolib.loading.json.typeadapter.BakedAnimationsAdapter:deserialize:43]: 	at MC-BOOTSTRAP/com.google.gson@2.10/com.google.gson.internal.bind.TreeTypeAdapter.read(TreeTypeAdapter.java:76)
[2510月2025 17:37:10.437] [Worker-ResourceReload-11/INFO] [STDERR/]: [software.bernie.geckolib.loading.json.typeadapter.BakedAnimationsAdapter:deserialize:43]: 	at MC-BOOTSTRAP/com.google.gson@2.10/com.google.gson.Gson.fromJson(Gson.java:1214)
[2510月2025 17:37:10.437] [Worker-ResourceReload-11/INFO] [STDERR/]: [software.bernie.geckolib.loading.json.typeadapter.BakedAnimationsAdapter:deserialize:43]: 	at MC-BOOTSTRAP/com.google.gson@2.10/com.google.gson.Gson.fromJson(Gson.java:1319)
[2510月2025 17:37:10.438] [Worker-ResourceReload-11/INFO] [STDERR/]: [software.bernie.geckolib.loading.json.typeadapter.BakedAnimationsAdapter:deserialize:43]: 	at MC-BOOTSTRAP/com.google.gson@2.10/com.google.gson.Gson.fromJson(Gson.java:1261)
[2510月2025 17:37:10.438] [Worker-ResourceReload-11/INFO] [STDERR/]: [software.bernie.geckolib.loading.json.typeadapter.BakedAnimationsAdapter:deserialize:43]: 	at TRANSFORMER/geckolib@4.8.2/software.bernie.geckolib.loading.FileLoader.loadAnimationsFile(FileLoader.java:28)
[2510月2025 17:37:10.438] [Worker-ResourceReload-11/INFO] [STDERR/]: [software.bernie.geckolib.loading.json.typeadapter.BakedAnimationsAdapter:deserialize:43]: 	at TRANSFORMER/geckolib@4.8.2/software.bernie.geckolib.cache.GeckoLibCache.lambda$loadAnimations$1(GeckoLibCache.java:90)
[2510月2025 17:37:10.438] [Worker-ResourceReload-11/INFO] [STDERR/]: [software.bernie.geckolib.loading.json.typeadapter.BakedAnimationsAdapter:deserialize:43]: 	at TRANSFORMER/geckolib@4.8.2/software.bernie.geckolib.cache.GeckoLibCache.lambda$loadResources$5(GeckoLibCache.java:132)
[2510月2025 17:37:10.438] [Worker-ResourceReload-11/INFO] [STDERR/]: [software.bernie.geckolib.loading.json.typeadapter.BakedAnimationsAdapter:deserialize:43]: 	at java.base/java.util.concurrent.CompletableFuture$AsyncSupply.run(CompletableFuture.java:1768)
[2510月2025 17:37:10.438] [Worker-ResourceReload-11/INFO] [STDERR/]: [software.bernie.geckolib.loading.json.typeadapter.BakedAnimationsAdapter:deserialize:43]: 	at java.base/java.util.concurrent.CompletableFuture$AsyncSupply.exec(CompletableFuture.java:1760)
[2510月2025 17:37:10.438] [Worker-ResourceReload-11/INFO] [STDERR/]: [software.bernie.geckolib.loading.json.typeadapter.BakedAnimationsAdapter:deserialize:43]: 	at java.base/java.util.concurrent.ForkJoinTask.doExec(ForkJoinTask.java:373)
[2510月2025 17:37:10.438] [Worker-ResourceReload-11/INFO] [STDERR/]: [software.bernie.geckolib.loading.json.typeadapter.BakedAnimationsAdapter:deserialize:43]: 	at java.base/java.util.concurrent.ForkJoinPool$WorkQueue.topLevelExec(ForkJoinPool.java:1182)
[2510月2025 17:37:10.438] [Worker-ResourceReload-11/INFO] [STDERR/]: [software.bernie.geckolib.loading.json.typeadapter.BakedAnimationsAdapter:deserialize:43]: 	at java.base/java.util.concurrent.ForkJoinPool.scan(ForkJoinPool.java:1655)
[2510月2025 17:37:10.438] [Worker-ResourceReload-11/INFO] [STDERR/]: [software.bernie.geckolib.loading.json.typeadapter.BakedAnimationsAdapter:deserialize:43]: 	at java.base/java.util.concurrent.ForkJoinPool.runWorker(ForkJoinPool.java:1622)
[2510月2025 17:37:10.438] [Worker-ResourceReload-11/INFO] [STDERR/]: [software.bernie.geckolib.loading.json.typeadapter.BakedAnimationsAdapter:deserialize:43]: 	at java.base/java.util.concurrent.ForkJoinWorkerThread.run(ForkJoinWorkerThread.java:165)
[2510月2025 17:37:10.439] [Worker-ResourceReload-7/INFO] [STDERR/]: [software.bernie.geckolib.core.molang.MolangParser:parseSymbolsMolang:258]: java.lang.Exception: Given object couldn't be converted to value! -
[2510月2025 17:37:10.439] [Worker-ResourceReload-7/INFO] [STDERR/]: [software.bernie.geckolib.core.molang.MolangParser:parseSymbolsMolang:258]: 	at TRANSFORMER/mclib@20/com.eliotlash.mclib.math.MathBuilder.valueFromObject(MathBuilder.java:488)
[2510月2025 17:37:10.439] [Worker-ResourceReload-7/INFO] [STDERR/]: [software.bernie.geckolib.core.molang.MolangParser:parseSymbolsMolang:258]: 	at TRANSFORMER/mclib@20/com.eliotlash.mclib.math.MathBuilder.parseSymbols(MathBuilder.java:257)
[2510月2025 17:37:10.439] [Worker-ResourceReload-7/INFO] [STDERR/]: [software.bernie.geckolib.core.molang.MolangParser:parseSymbolsMolang:258]: 	at TRANSFORMER/geckolib@4.8.2/software.bernie.geckolib.core.molang.MolangParser.parseSymbolsMolang(MolangParser.java:255)
[2510月2025 17:37:10.440] [Worker-ResourceReload-7/INFO] [STDERR/]: [software.bernie.geckolib.core.molang.MolangParser:parseSymbolsMolang:258]: 	at TRANSFORMER/geckolib@4.8.2/software.bernie.geckolib.core.molang.MolangParser.parseOneLine(MolangParser.java:243)
[2510月2025 17:37:10.440] [Worker-ResourceReload-7/INFO] [STDERR/]: [software.bernie.geckolib.core.molang.MolangParser:parseSymbolsMolang:258]: 	at TRANSFORMER/geckolib@4.8.2/software.bernie.geckolib.core.molang.MolangParser.parseExpression(MolangParser.java:198)
[2510月2025 17:37:10.440] [Worker-ResourceReload-7/INFO] [STDERR/]: [software.bernie.geckolib.core.molang.MolangParser:parseSymbolsMolang:258]: 	at TRANSFORMER/geckolib@4.8.2/software.bernie.geckolib.core.molang.MolangParser.parseJson(MolangParser.java:180)
[2510月2025 17:37:10.440] [Worker-ResourceReload-7/INFO] [STDERR/]: [software.bernie.geckolib.core.molang.MolangParser:parseSymbolsMolang:258]: 	at TRANSFORMER/geckolib@4.8.2/software.bernie.geckolib.loading.json.typeadapter.BakedAnimationsAdapter.buildKeyframeStack(BakedAnimationsAdapter.java:197)
[2510月2025 17:37:10.440] [Worker-ResourceReload-7/INFO] [STDERR/]: [software.bernie.geckolib.core.molang.MolangParser:parseSymbolsMolang:258]: 	at TRANSFORMER/geckolib@4.8.2/software.bernie.geckolib.loading.json.typeadapter.BakedAnimationsAdapter.bakeBoneAnimations(BakedAnimationsAdapter.java:72)
[2510月2025 17:37:10.440] [Worker-ResourceReload-7/INFO] [STDERR/]: [software.bernie.geckolib.core.molang.MolangParser:parseSymbolsMolang:258]: 	at TRANSFORMER/geckolib@4.8.2/software.bernie.geckolib.loading.json.typeadapter.BakedAnimationsAdapter.bakeAnimation(BakedAnimationsAdapter.java:53)
[2510月2025 17:37:10.440] [Worker-ResourceReload-7/INFO] [STDERR/]: [software.bernie.geckolib.core.molang.MolangParser:parseSymbolsMolang:258]: 	at TRANSFORMER/geckolib@4.8.2/software.bernie.geckolib.loading.json.typeadapter.BakedAnimationsAdapter.deserialize(BakedAnimationsAdapter.java:39)
[2510月2025 17:37:10.441] [Worker-ResourceReload-7/INFO] [STDERR/]: [software.bernie.geckolib.core.molang.MolangParser:parseSymbolsMolang:258]: 	at TRANSFORMER/geckolib@4.8.2/software.bernie.geckolib.loading.json.typeadapter.BakedAnimationsAdapter.deserialize(BakedAnimationsAdapter.java:31)
[2510月2025 17:37:10.441] [Worker-ResourceReload-7/INFO] [STDERR/]: [software.bernie.geckolib.core.molang.MolangParser:parseSymbolsMolang:258]: 	at MC-BOOTSTRAP/com.google.gson@2.10/com.google.gson.internal.bind.TreeTypeAdapter.read(TreeTypeAdapter.java:76)
[2510月2025 17:37:10.442] [Worker-ResourceReload-7/INFO] [STDERR/]: [software.bernie.geckolib.core.molang.MolangParser:parseSymbolsMolang:258]: 	at MC-BOOTSTRAP/com.google.gson@2.10/com.google.gson.Gson.fromJson(Gson.java:1214)
[2510月2025 17:37:10.442] [Worker-ResourceReload-7/INFO] [STDERR/]: [software.bernie.geckolib.core.molang.MolangParser:parseSymbolsMolang:258]: 	at MC-BOOTSTRAP/com.google.gson@2.10/com.google.gson.Gson.fromJson(Gson.java:1319)
[2510月2025 17:37:10.442] [Worker-ResourceReload-7/INFO] [STDERR/]: [software.bernie.geckolib.core.molang.MolangParser:parseSymbolsMolang:258]: 	at MC-BOOTSTRAP/com.google.gson@2.10/com.google.gson.Gson.fromJson(Gson.java:1261)
[2510月2025 17:37:10.442] [Worker-ResourceReload-7/INFO] [STDERR/]: [software.bernie.geckolib.core.molang.MolangParser:parseSymbolsMolang:258]: 	at TRANSFORMER/geckolib@4.8.2/software.bernie.geckolib.loading.FileLoader.loadAnimationsFile(FileLoader.java:28)
[2510月2025 17:37:10.442] [Worker-ResourceReload-7/INFO] [STDERR/]: [software.bernie.geckolib.core.molang.MolangParser:parseSymbolsMolang:258]: 	at TRANSFORMER/geckolib@4.8.2/software.bernie.geckolib.cache.GeckoLibCache.lambda$loadAnimations$1(GeckoLibCache.java:90)
[2510月2025 17:37:10.442] [Worker-ResourceReload-14/INFO] [ModernUI/TextLayout]: Loaded raw font 'minecraft:alt' in pack: 'vanilla'
[2510月2025 17:37:10.442] [Worker-ResourceReload-7/INFO] [STDERR/]: [software.bernie.geckolib.core.molang.MolangParser:parseSymbolsMolang:258]: 	at TRANSFORMER/geckolib@4.8.2/software.bernie.geckolib.cache.GeckoLibCache.lambda$loadResources$5(GeckoLibCache.java:132)
[2510月2025 17:37:10.442] [Worker-ResourceReload-7/INFO] [STDERR/]: [software.bernie.geckolib.core.molang.MolangParser:parseSymbolsMolang:258]: 	at java.base/java.util.concurrent.CompletableFuture$AsyncSupply.run(CompletableFuture.java:1768)
[2510月2025 17:37:10.442] [Worker-ResourceReload-7/INFO] [STDERR/]: [software.bernie.geckolib.core.molang.MolangParser:parseSymbolsMolang:258]: 	at java.base/java.util.concurrent.CompletableFuture$AsyncSupply.exec(CompletableFuture.java:1760)
[2510月2025 17:37:10.442] [Worker-ResourceReload-14/INFO] [ModernUI/TextLayout]: Loaded raw font bundle: 'minecraft:font/alt.json', font set: [minecraft:include/space,minecraft:font/ascii_sga.png]
[2510月2025 17:37:10.442] [Worker-ResourceReload-7/INFO] [STDERR/]: [software.bernie.geckolib.core.molang.MolangParser:parseSymbolsMolang:258]: 	at java.base/java.util.concurrent.ForkJoinTask.doExec(ForkJoinTask.java:373)
[2510月2025 17:37:10.442] [Worker-ResourceReload-7/INFO] [STDERR/]: [software.bernie.geckolib.core.molang.MolangParser:parseSymbolsMolang:258]: 	at java.base/java.util.concurrent.ForkJoinPool$WorkQueue.topLevelExec(ForkJoinPool.java:1182)
[2510月2025 17:37:10.443] [Worker-ResourceReload-7/INFO] [STDERR/]: [software.bernie.geckolib.core.molang.MolangParser:parseSymbolsMolang:258]: 	at java.base/java.util.concurrent.ForkJoinPool.scan(ForkJoinPool.java:1655)
[2510月2025 17:37:10.443] [Worker-ResourceReload-14/INFO] [ModernUI/TextLayout]: Loaded raw font 'minecraft:default' in pack: 'vanilla'
[2510月2025 17:37:10.443] [Worker-ResourceReload-7/INFO] [STDERR/]: [software.bernie.geckolib.core.molang.MolangParser:parseSymbolsMolang:258]: 	at java.base/java.util.concurrent.ForkJoinPool.runWorker(ForkJoinPool.java:1622)
[2510月2025 17:37:10.443] [Worker-ResourceReload-14/INFO] [ModernUI/TextLayout]: Loaded raw font bundle: 'minecraft:font/default.json', font set: [minecraft:include/space,minecraft:include/default]
[2510月2025 17:37:10.443] [Worker-ResourceReload-7/INFO] [STDERR/]: [software.bernie.geckolib.core.molang.MolangParser:parseSymbolsMolang:258]: 	at java.base/java.util.concurrent.ForkJoinWorkerThread.run(ForkJoinWorkerThread.java:165)
[2510月2025 17:37:10.443] [Worker-ResourceReload-7/ERROR] [software.bernie.geckolib.GeckoLib/]: Unable to parse animation: attack
[2510月2025 17:37:10.443] [Worker-ResourceReload-7/INFO] [STDERR/]: [software.bernie.geckolib.loading.json.typeadapter.BakedAnimationsAdapter:deserialize:43]: software.bernie.geckolib.core.molang.MolangException: Couldn't parse '-' expression!
[2510月2025 17:37:10.443] [Worker-ResourceReload-7/INFO] [STDERR/]: [software.bernie.geckolib.loading.json.typeadapter.BakedAnimationsAdapter:deserialize:43]: 	at TRANSFORMER/geckolib@4.8.2/software.bernie.geckolib.core.molang.MolangParser.parseOneLine(MolangParser.java:246)
[2510月2025 17:37:10.443] [Worker-ResourceReload-7/INFO] [STDERR/]: [software.bernie.geckolib.loading.json.typeadapter.BakedAnimationsAdapter:deserialize:43]: 	at TRANSFORMER/geckolib@4.8.2/software.bernie.geckolib.core.molang.MolangParser.parseExpression(MolangParser.java:198)
[2510月2025 17:37:10.443] [Worker-ResourceReload-7/INFO] [STDERR/]: [software.bernie.geckolib.loading.json.typeadapter.BakedAnimationsAdapter:deserialize:43]: 	at TRANSFORMER/geckolib@4.8.2/software.bernie.geckolib.core.molang.MolangParser.parseJson(MolangParser.java:180)
[2510月2025 17:37:10.444] [Worker-ResourceReload-7/INFO] [STDERR/]: [software.bernie.geckolib.loading.json.typeadapter.BakedAnimationsAdapter:deserialize:43]: 	at TRANSFORMER/geckolib@4.8.2/software.bernie.geckolib.loading.json.typeadapter.BakedAnimationsAdapter.buildKeyframeStack(BakedAnimationsAdapter.java:197)
[2510月2025 17:37:10.444] [Worker-ResourceReload-7/INFO] [STDERR/]: [software.bernie.geckolib.loading.json.typeadapter.BakedAnimationsAdapter:deserialize:43]: 	at TRANSFORMER/geckolib@4.8.2/software.bernie.geckolib.loading.json.typeadapter.BakedAnimationsAdapter.bakeBoneAnimations(BakedAnimationsAdapter.java:72)
[2510月2025 17:37:10.444] [Worker-ResourceReload-7/INFO] [STDERR/]: [software.bernie.geckolib.loading.json.typeadapter.BakedAnimationsAdapter:deserialize:43]: 	at TRANSFORMER/geckolib@4.8.2/software.bernie.geckolib.loading.json.typeadapter.BakedAnimationsAdapter.bakeAnimation(BakedAnimationsAdapter.java:53)
[2510月2025 17:37:10.444] [Worker-ResourceReload-7/INFO] [STDERR/]: [software.bernie.geckolib.loading.json.typeadapter.BakedAnimationsAdapter:deserialize:43]: 	at TRANSFORMER/geckolib@4.8.2/software.bernie.geckolib.loading.json.typeadapter.BakedAnimationsAdapter.deserialize(BakedAnimationsAdapter.java:39)
[2510月2025 17:37:10.444] [Worker-ResourceReload-14/INFO] [ModernUI/TextLayout]: Loaded raw font 'minecraft:illageralt' in pack: 'vanilla'
[2510月2025 17:37:10.444] [Worker-ResourceReload-14/INFO] [ModernUI/TextLayout]: Loaded raw font bundle: 'minecraft:font/illageralt.json', font set: [minecraft:include/space,minecraft:font/asciillager.png]
[2510月2025 17:37:10.444] [Worker-ResourceReload-7/INFO] [STDERR/]: [software.bernie.geckolib.loading.json.typeadapter.BakedAnimationsAdapter:deserialize:43]: 	at TRANSFORMER/geckolib@4.8.2/software.bernie.geckolib.loading.json.typeadapter.BakedAnimationsAdapter.deserialize(BakedAnimationsAdapter.java:31)
[2510月2025 17:37:10.444] [Worker-ResourceReload-7/INFO] [STDERR/]: [software.bernie.geckolib.loading.json.typeadapter.BakedAnimationsAdapter:deserialize:43]: 	at MC-BOOTSTRAP/com.google.gson@2.10/com.google.gson.internal.bind.TreeTypeAdapter.read(TreeTypeAdapter.java:76)
[2510月2025 17:37:10.445] [Worker-ResourceReload-7/INFO] [STDERR/]: [software.bernie.geckolib.loading.json.typeadapter.BakedAnimationsAdapter:deserialize:43]: 	at MC-BOOTSTRAP/com.google.gson@2.10/com.google.gson.Gson.fromJson(Gson.java:1214)
[2510月2025 17:37:10.445] [Worker-ResourceReload-7/INFO] [STDERR/]: [software.bernie.geckolib.loading.json.typeadapter.BakedAnimationsAdapter:deserialize:43]: 	at MC-BOOTSTRAP/com.google.gson@2.10/com.google.gson.Gson.fromJson(Gson.java:1319)
[2510月2025 17:37:10.445] [Worker-ResourceReload-7/INFO] [STDERR/]: [software.bernie.geckolib.loading.json.typeadapter.BakedAnimationsAdapter:deserialize:43]: 	at MC-BOOTSTRAP/com.google.gson@2.10/com.google.gson.Gson.fromJson(Gson.java:1261)
[2510月2025 17:37:10.445] [Worker-ResourceReload-7/INFO] [STDERR/]: [software.bernie.geckolib.loading.json.typeadapter.BakedAnimationsAdapter:deserialize:43]: 	at TRANSFORMER/geckolib@4.8.2/software.bernie.geckolib.loading.FileLoader.loadAnimationsFile(FileLoader.java:28)
[2510月2025 17:37:10.446] [Worker-ResourceReload-7/INFO] [STDERR/]: [software.bernie.geckolib.loading.json.typeadapter.BakedAnimationsAdapter:deserialize:43]: 	at TRANSFORMER/geckolib@4.8.2/software.bernie.geckolib.cache.GeckoLibCache.lambda$loadAnimations$1(GeckoLibCache.java:90)
[2510月2025 17:37:10.446] [Worker-ResourceReload-7/INFO] [STDERR/]: [software.bernie.geckolib.loading.json.typeadapter.BakedAnimationsAdapter:deserialize:43]: 	at TRANSFORMER/geckolib@4.8.2/software.bernie.geckolib.cache.GeckoLibCache.lambda$loadResources$5(GeckoLibCache.java:132)
[2510月2025 17:37:10.446] [Worker-ResourceReload-7/INFO] [STDERR/]: [software.bernie.geckolib.loading.json.typeadapter.BakedAnimationsAdapter:deserialize:43]: 	at java.base/java.util.concurrent.CompletableFuture$AsyncSupply.run(CompletableFuture.java:1768)
[2510月2025 17:37:10.446] [Worker-ResourceReload-7/INFO] [STDERR/]: [software.bernie.geckolib.loading.json.typeadapter.BakedAnimationsAdapter:deserialize:43]: 	at java.base/java.util.concurrent.CompletableFuture$AsyncSupply.exec(CompletableFuture.java:1760)
[2510月2025 17:37:10.446] [Worker-ResourceReload-7/INFO] [STDERR/]: [software.bernie.geckolib.loading.json.typeadapter.BakedAnimationsAdapter:deserialize:43]: 	at java.base/java.util.concurrent.ForkJoinTask.doExec(ForkJoinTask.java:373)
[2510月2025 17:37:10.446] [Worker-ResourceReload-7/INFO] [STDERR/]: [software.bernie.geckolib.loading.json.typeadapter.BakedAnimationsAdapter:deserialize:43]: 	at java.base/java.util.concurrent.ForkJoinPool$WorkQueue.topLevelExec(ForkJoinPool.java:1182)
[2510月2025 17:37:10.447] [Worker-ResourceReload-7/INFO] [STDERR/]: [software.bernie.geckolib.loading.json.typeadapter.BakedAnimationsAdapter:deserialize:43]: 	at java.base/java.util.concurrent.ForkJoinPool.scan(ForkJoinPool.java:1655)
[2510月2025 17:37:10.447] [Worker-ResourceReload-7/INFO] [STDERR/]: [software.bernie.geckolib.loading.json.typeadapter.BakedAnimationsAdapter:deserialize:43]: 	at java.base/java.util.concurrent.ForkJoinPool.runWorker(ForkJoinPool.java:1622)
[2510月2025 17:37:10.447] [Worker-ResourceReload-7/INFO] [STDERR/]: [software.bernie.geckolib.loading.json.typeadapter.BakedAnimationsAdapter:deserialize:43]: 	at java.base/java.util.concurrent.ForkJoinWorkerThread.run(ForkJoinWorkerThread.java:165)
[2510月2025 17:37:10.451] [ForkJoinPool.commonPool-worker-3/INFO] [ModernUI/TextLayout]: Redirect registered font 'Source Han Sans CN Medium' to 'modernui:source-han-sans-cn-medium'
[2510月2025 17:37:10.462] [ForkJoinPool.commonPool-worker-3/INFO] [ModernUI/Core]: Registered font 'Source Han Sans CN Medium', location 'modernui:font/source-han-sans-cn-medium.otf' in pack: 'mod_resources'
[2510月2025 17:37:10.463] [modloading-worker-0/DEBUG] [ModernUI/Core]: Font 'Source Han Sans CN Medium' was loaded with config value 'Source Han Sans CN Medium' as SYSTEM FONT
[2510月2025 17:37:10.464] [Worker-ResourceReload-14/INFO] [ModernUI/TextLayout]: Loaded raw font 'minecraft:include/default' in pack: 'vanilla'
[2510月2025 17:37:10.465] [Worker-ResourceReload-14/INFO] [ModernUI/TextLayout]: Loaded raw font bundle: 'minecraft:font/include/default.json', font set: [minecraft:font/nonlatin_european.png,minecraft:font/accented.png,minecraft:font/ascii.png]
[2510月2025 17:37:10.473] [Worker-ResourceReload-14/INFO] [ModernUI/TextLayout]: Loaded raw font 'minecraft:include/space' in pack: 'vanilla'
[2510月2025 17:37:10.473] [Worker-ResourceReload-14/INFO] [ModernUI/TextLayout]: Loaded raw font bundle: 'minecraft:font/include/space.json', font set: [minecraft:include/space / minecraft:space]
[2510月2025 17:37:10.478] [Worker-ResourceReload-14/INFO] [ModernUI/TextLayout]: Loaded font: 'minecraft:include/space', font set: [minecraft:include/space / minecraft:space]
[2510月2025 17:37:10.479] [Worker-ResourceReload-14/INFO] [ModernUI/TextLayout]: Loaded font: 'minecraft:include/default', font set: [minecraft:font/nonlatin_european.png,minecraft:font/accented.png,minecraft:font/ascii.png]
[2510月2025 17:37:10.479] [Worker-ResourceReload-14/INFO] [ModernUI/TextLayout]: Loaded font: 'minecraft:default', font set: [minecraft:include/space / minecraft:space,minecraft:font/nonlatin_european.png,minecraft:font/accented.png,minecraft:font/ascii.png]
[2510月2025 17:37:10.479] [Worker-ResourceReload-14/INFO] [ModernUI/TextLayout]: Loaded font: 'minecraft:illageralt', font set: [minecraft:include/space / minecraft:space,minecraft:font/asciillager.png]
[2510月2025 17:37:10.479] [Worker-ResourceReload-14/INFO] [ModernUI/TextLayout]: Loaded font: 'minecraft:alt', font set: [minecraft:include/space / minecraft:space,minecraft:font/ascii_sga.png]
[2510月2025 17:37:10.487] [modloading-worker-0/INFO] [ModernUI/Core]: Font 'Noto Sans' failed to load or invalid
[2510月2025 17:37:10.501] [Worker-ResourceReload-14/ERROR] [net.minecraft.client.resources.model.ModelManager/]: Failed to load model born_in_chaos_v1:models/custom/icysweetness.json
net.minecraft.ResourceLocationException: Non [a-z0-9/._-] character in path of location: minecraft:Icysweetness
	at net.minecraft.resources.ResourceLocation.assertValidPath(ResourceLocation.java:242) ~[forge-1.20.1-47.4.10_mapped_official_1.20.1.jar%23191!/:?]
	at net.minecraft.resources.ResourceLocation.<init>(ResourceLocation.java:40) ~[forge-1.20.1-47.4.10_mapped_official_1.20.1.jar%23191!/:?]
	at net.minecraft.resources.ResourceLocation.<init>(ResourceLocation.java:44) ~[forge-1.20.1-47.4.10_mapped_official_1.20.1.jar%23191!/:?]
	at net.minecraft.resources.ResourceLocation.<init>(ResourceLocation.java:50) ~[forge-1.20.1-47.4.10_mapped_official_1.20.1.jar%23191!/:?]
	at net.minecraft.client.renderer.block.model.BlockModel$Deserializer.deserialize(BlockModel.java:321) ~[forge-1.20.1-47.4.10_mapped_official_1.20.1.jar%23191!/:?]
	at net.minecraftforge.client.model.ExtendedBlockModelDeserializer.deserialize(ExtendedBlockModelDeserializer.java:53) ~[forge-1.20.1-47.4.10_mapped_official_1.20.1.jar%23190%23197!/:?]
	at net.minecraftforge.client.model.ExtendedBlockModelDeserializer.deserialize(ExtendedBlockModelDeserializer.java:38) ~[forge-1.20.1-47.4.10_mapped_official_1.20.1.jar%23190%23197!/:?]
	at com.google.gson.internal.bind.TreeTypeAdapter.read(TreeTypeAdapter.java:76) ~[gson-2.10.jar%23130!/:?]
	at net.minecraft.util.GsonHelper.fromNullableJson(GsonHelper.java:524) ~[forge-1.20.1-47.4.10_mapped_official_1.20.1.jar%23191!/:?]
	at net.minecraft.util.GsonHelper.fromJson(GsonHelper.java:531) ~[forge-1.20.1-47.4.10_mapped_official_1.20.1.jar%23191!/:?]
	at net.minecraft.util.GsonHelper.fromJson(GsonHelper.java:581) ~[forge-1.20.1-47.4.10_mapped_official_1.20.1.jar%23191!/:?]
	at net.minecraft.client.renderer.block.model.BlockModel.fromStream(BlockModel.java:74) ~[forge-1.20.1-47.4.10_mapped_official_1.20.1.jar%23191!/:?]
	at net.minecraft.client.resources.model.ModelManager.lambda$loadBlockModels$8(ModelManager.java:110) ~[forge-1.20.1-47.4.10_mapped_official_1.20.1.jar%23191!/:?]
	at java.util.concurrent.CompletableFuture$AsyncSupply.run(CompletableFuture.java:1768) ~[?:?]
	at java.util.concurrent.CompletableFuture$AsyncSupply.exec(CompletableFuture.java:1760) ~[?:?]
	at java.util.concurrent.ForkJoinTask.doExec(ForkJoinTask.java:373) ~[?:?]
	at java.util.concurrent.ForkJoinPool$WorkQueue.topLevelExec(ForkJoinPool.java:1182) ~[?:?]
	at java.util.concurrent.ForkJoinPool.scan(ForkJoinPool.java:1655) ~[?:?]
	at java.util.concurrent.ForkJoinPool.runWorker(ForkJoinPool.java:1622) ~[?:?]
	at java.util.concurrent.ForkJoinWorkerThread.run(ForkJoinWorkerThread.java:165) ~[?:?]
[2510月2025 17:37:10.513] [modloading-worker-0/INFO] [ModernUI/Core]: Font 'Segoe UI Variable' failed to load or invalid
[2510月2025 17:37:10.513] [modloading-worker-0/DEBUG] [ModernUI/Core]: Font 'Segoe UI' was loaded with config value 'Segoe UI' as SYSTEM FONT
[2510月2025 17:37:10.540] [modloading-worker-0/INFO] [ModernUI/Core]: Font 'San Francisco' failed to load or invalid
[2510月2025 17:37:10.548] [Worker-ResourceReload-2/DEBUG] [mixin/]: Mixing perf.model_optimizations.MultiVariantMixin from modernfix-common.mixins.json into net.minecraft.client.renderer.block.model.MultiVariant
[2510月2025 17:37:10.550] [Worker-ResourceReload-2/DEBUG] [mixin/]: Mixing perf.cache_model_materials.MultipartMixin from modernfix-common.mixins.json into net.minecraft.client.renderer.block.model.multipart.MultiPart
[2510月2025 17:37:10.556] [Worker-ResourceReload-2/DEBUG] [mixin/]: Mixing perf.model_optimizations.SelectorMixin from modernfix-common.mixins.json into net.minecraft.client.renderer.block.model.multipart.Selector
[2510月2025 17:37:10.558] [modloading-worker-0/INFO] [ModernUI/Core]: Font 'Open Sans' failed to load or invalid
[2510月2025 17:37:10.569] [modloading-worker-0/DEBUG] [ModernUI/Core]: Font 'SimHei' was loaded with config value 'SimHei' as SYSTEM FONT
[2510月2025 17:37:10.586] [modloading-worker-0/INFO] [ModernUI/Core]: Font 'STHeiti' failed to load or invalid
[2510月2025 17:37:10.586] [modloading-worker-0/DEBUG] [ModernUI/Core]: Font 'Segoe UI Symbol' was loaded with config value 'Segoe UI Symbol' as SYSTEM FONT
[2510月2025 17:37:10.586] [modloading-worker-0/DEBUG] [ModernUI/Core]: Font 'mui-i18n-compat' was loaded with config value 'mui-i18n-compat' as SYSTEM FONT
[2510月2025 17:37:10.586] [modloading-worker-0/DEBUG] [ModernUI/Core]: Available system font families:
Calibri Light
Noto Sans SC
Sitka Heading
Swis721 BlkCn BT
Candara Light
Times New Roman
Sylfaen
mui-i18n-compat
Microsoft YaHei UI Light
Monospaced
Yu Gothic
Ebrima
Segoe Script
BankGothic Md BT
Candara
Microsoft JhengHei Light
Technic
CountryBlueprint
MV Boli
宋体
Yu Gothic UI Semibold
Nirmala UI Semilight
Swis721 LtCn BT
RomanS
Dutch801 Rm BT
GENISO
Swis721 BT
Segoe UI Light
Segoe UI Semilight
Tahoma
AmdtSymbols
Ink Free
SuperFrench
Swis721 Cn BT
Georgia
MiSans
方正粗黑宋简体
Leelawadee UI Semilight
Microsoft New Tai Lue
微软雅黑
Segoe UI Historic
Microsoft YaHei UI
Franklin Gothic Medium
Lucida Console
PMingLiU-ExtB
Segoe UI Symbol
新宋体
Constantia
Calibri
Nirmala UI
AIGDT
Sitka Small
Source Han Sans CN Medium
Arial Black
MS UI Gothic
Swis721 Blk BT
CityBlueprint
等线 Light
Cambria
CommercialScript BT
DIN Next LT Pro Light
Swis721 BdCnOul BT
Yu Gothic UI Semilight
Trebuchet MS
仿宋
Malgun Gothic Semilight
HoloLens MDL2 Assets
Microsoft Sans Serif
MingLiU-ExtB
Monospac821 BT
CommercialPi BT
Swis721 Lt BT
Vineta BT
Corbel Light
Segoe UI Semibold
Cascadia Code
Gadugi
Cascadia Mono
Segoe UI Emoji
Gabriola
PanRoman
MS Gothic
Sitka Display
Comic Sans MS
TechnicBold
Dialog
DIN Next LT Pro Medium
Palatino Linotype
Segoe UI Black
等线
Myanmar Text
Serif
Yu Gothic UI Light
Javanese Text
Consolas
Impact
Swis721 BlkEx BT
Malgun Gothic
Dutch801 XBd BT
Swis721 BlkOul BT
BankGothic Lt BT
Yu Gothic UI
Arial
微软雅黑 Light
Mongolian Baiti
Cambria Math
ISOCPEUR
Segoe Print
Courier New
Leelawadee UI
楷体
黑体
MS PGothic
UniversalMath1 BT
Yu Gothic Light
Swis721 BdOul BT
Bahnschrift
Stylus BT
Microsoft Himalaya
Corbel
Microsoft Tai Le
Symbol
TechnicLite
Microsoft JhengHei UI
萝莉体
Webdings
Marlett
MingLiU_HKSCS-ExtB
Sitka Text
ISOCTEUR
Sitka Subheading
AcadEref
Microsoft Yi Baiti
Lucida Sans Unicode
AMGDT
Sitka Banner
Verdana
DialogInput
Microsoft PhagsPa
NumberOnly
Microsoft JhengHei
Segoe MDL2 Assets
Swis721 Ex BT
Microsoft JhengHei UI Light
SansSerif
Yu Gothic Medium
SimSun-ExtB
Wingdings
Segoe UI
SimSun-ExtG
Romantic
Swis721 LtEx BT
EuroRoman
JetBrains Mono Medium
DIN Next LT Pro
[2510月2025 17:37:10.587] [modloading-worker-0/INFO] [ModernUI/Core]: Loaded typeface: FontCollection{mFamilies=[Source Han Sans CN Medium, Segoe UI, SimHei, Segoe UI Symbol, mui-i18n-compat], mExclusiveEastAsianBits=null}
[2510月2025 17:37:10.587] [modloading-worker-0/DEBUG] [ModernUI-MC/Init]: Modern UI client config loaded/reloaded
[2510月2025 17:37:10.588] [modloading-worker-0/DEBUG] [net.minecraftforge.fml.config.ConfigFileTypeHandler/CONFIG]: Built TOML config for E:\yuanchu\Gameplay Sculptor\run\config\ModernUI\text.toml
[2510月2025 17:37:10.589] [modloading-worker-0/DEBUG] [net.minecraftforge.fml.config.ConfigFileTypeHandler/CONFIG]: Loaded TOML config file E:\yuanchu\Gameplay Sculptor\run\config\ModernUI\text.toml
[2510月2025 17:37:10.589] [modloading-worker-0/DEBUG] [net.minecraftforge.fml.config.ConfigFileTypeHandler/CONFIG]: Watching TOML config file E:\yuanchu\Gameplay Sculptor\run\config\ModernUI\text.toml for changes
[2510月2025 17:37:10.595] [modloading-worker-0/DEBUG] [ModernUI-MC/Init]: Modern UI text config loaded/reloaded
[2510月2025 17:37:10.596] [modloading-worker-0/DEBUG] [net.minecraftforge.fml.config.ConfigFileTypeHandler/CONFIG]: Built TOML config for E:\yuanchu\Gameplay Sculptor\run\config\forge-client.toml
[2510月2025 17:37:10.596] [modloading-worker-0/DEBUG] [net.minecraftforge.fml.config.ConfigFileTypeHandler/CONFIG]: Loaded TOML config file E:\yuanchu\Gameplay Sculptor\run\config\forge-client.toml
[2510月2025 17:37:10.597] [modloading-worker-0/DEBUG] [net.minecraftforge.fml.config.ConfigFileTypeHandler/CONFIG]: Watching TOML config file E:\yuanchu\Gameplay Sculptor\run\config\forge-client.toml for changes
[2510月2025 17:37:10.597] [modloading-worker-0/DEBUG] [net.minecraftforge.common.ForgeConfig/FORGEMOD]: Loaded forge config file forge-client.toml
[2510月2025 17:37:10.598] [modloading-worker-0/DEBUG] [net.minecraftforge.fml.config.ConfigFileTypeHandler/CONFIG]: Built TOML config for E:\yuanchu\Gameplay Sculptor\run\config\dummmmmmy-client.toml
[2510月2025 17:37:10.598] [modloading-worker-0/DEBUG] [net.minecraftforge.fml.config.ConfigFileTypeHandler/CONFIG]: Loaded TOML config file E:\yuanchu\Gameplay Sculptor\run\config\dummmmmmy-client.toml
[2510月2025 17:37:10.598] [modloading-worker-0/DEBUG] [net.minecraftforge.fml.config.ConfigFileTypeHandler/CONFIG]: Watching TOML config file E:\yuanchu\Gameplay Sculptor\run\config\dummmmmmy-client.toml for changes
[2510月2025 17:37:10.599] [modloading-worker-0/DEBUG] [net.minecraftforge.fml.config.ConfigFileTypeHandler/CONFIG]: Built TOML config for E:\yuanchu\Gameplay Sculptor\run\config\moonlight-client.toml
[2510月2025 17:37:10.599] [modloading-worker-0/DEBUG] [net.minecraftforge.fml.config.ConfigFileTypeHandler/CONFIG]: Loaded TOML config file E:\yuanchu\Gameplay Sculptor\run\config\moonlight-client.toml
[2510月2025 17:37:10.599] [modloading-worker-0/DEBUG] [net.minecraftforge.fml.config.ConfigFileTypeHandler/CONFIG]: Watching TOML config file E:\yuanchu\Gameplay Sculptor\run\config\moonlight-client.toml for changes
[2510月2025 17:37:10.600] [Render thread/INFO] [ModernUI/TextLayout]: Loaded smart SDF text shaders
[2510月2025 17:37:10.600] [modloading-worker-0/DEBUG] [net.minecraftforge.fml.config.ConfigTracker/CONFIG]: Loading configs type COMMON
[2510月2025 17:37:10.600] [modloading-worker-0/DEBUG] [net.minecraftforge.fml.config.ConfigFileTypeHandler/CONFIG]: Built TOML config for E:\yuanchu\Gameplay Sculptor\run\config\moonlight-common.toml
[2510月2025 17:37:10.600] [modloading-worker-0/DEBUG] [net.minecraftforge.fml.config.ConfigFileTypeHandler/CONFIG]: Loaded TOML config file E:\yuanchu\Gameplay Sculptor\run\config\moonlight-common.toml
[2510月2025 17:37:10.600] [modloading-worker-0/DEBUG] [net.minecraftforge.fml.config.ConfigFileTypeHandler/CONFIG]: Watching TOML config file E:\yuanchu\Gameplay Sculptor\run\config\moonlight-common.toml for changes
[2510月2025 17:37:10.600] [modloading-worker-0/DEBUG] [net.minecraftforge.fml.config.ConfigFileTypeHandler/CONFIG]: Built TOML config for E:\yuanchu\Gameplay Sculptor\run\config\damage_number-common.toml
[2510月2025 17:37:10.601] [modloading-worker-0/DEBUG] [net.minecraftforge.fml.config.ConfigFileTypeHandler/CONFIG]: Loaded TOML config file E:\yuanchu\Gameplay Sculptor\run\config\damage_number-common.toml
[2510月2025 17:37:10.601] [modloading-worker-0/DEBUG] [net.minecraftforge.fml.config.ConfigFileTypeHandler/CONFIG]: Watching TOML config file E:\yuanchu\Gameplay Sculptor\run\config\damage_number-common.toml for changes
[2510月2025 17:37:10.602] [Render thread/INFO] [ModernUI/TextLayout]: Reloaded text layout engine, res level: 2 to 2, locale: zh_CN, layout RTL: false
[2510月2025 17:37:10.603] [modloading-worker-0/DEBUG] [net.minecraftforge.fml.config.ConfigFileTypeHandler/CONFIG]: Built TOML config for E:\yuanchu\Gameplay Sculptor\run\config\ModernUI\common.toml
[2510月2025 17:37:10.603] [modloading-worker-0/DEBUG] [net.minecraftforge.fml.config.ConfigFileTypeHandler/CONFIG]: Loaded TOML config file E:\yuanchu\Gameplay Sculptor\run\config\ModernUI\common.toml
[2510月2025 17:37:10.603] [modloading-worker-0/DEBUG] [net.minecraftforge.fml.config.ConfigFileTypeHandler/CONFIG]: Watching TOML config file E:\yuanchu\Gameplay Sculptor\run\config\ModernUI\common.toml for changes
[2510月2025 17:37:10.604] [modloading-worker-0/DEBUG] [ModernUI-MC/Init]: Modern UI common config loaded/reloaded
[2510月2025 17:37:10.605] [modloading-worker-0/DEBUG] [net.minecraftforge.fml.config.ConfigFileTypeHandler/CONFIG]: Built TOML config for E:\yuanchu\Gameplay Sculptor\run\config\gameplay_sculptor-common.toml
[2510月2025 17:37:10.605] [modloading-worker-0/DEBUG] [net.minecraftforge.fml.config.ConfigFileTypeHandler/CONFIG]: Loaded TOML config file E:\yuanchu\Gameplay Sculptor\run\config\gameplay_sculptor-common.toml
[2510月2025 17:37:10.605] [modloading-worker-0/DEBUG] [net.minecraftforge.fml.config.ConfigFileTypeHandler/CONFIG]: Watching TOML config file E:\yuanchu\Gameplay Sculptor\run\config\gameplay_sculptor-common.toml for changes
[2510月2025 17:37:10.606] [modloading-worker-0/DEBUG] [net.minecraftforge.fml.config.ConfigFileTypeHandler/CONFIG]: Built TOML config for E:\yuanchu\Gameplay Sculptor\run\config\curios-common.toml
[2510月2025 17:37:10.606] [modloading-worker-0/DEBUG] [net.minecraftforge.fml.config.ConfigFileTypeHandler/CONFIG]: Loaded TOML config file E:\yuanchu\Gameplay Sculptor\run\config\curios-common.toml
[2510月2025 17:37:10.606] [modloading-worker-0/DEBUG] [net.minecraftforge.fml.config.ConfigFileTypeHandler/CONFIG]: Watching TOML config file E:\yuanchu\Gameplay Sculptor\run\config\curios-common.toml for changes
[2510月2025 17:37:10.607] [modloading-worker-0/DEBUG] [net.minecraftforge.fml.config.ConfigFileTypeHandler/CONFIG]: Built TOML config for E:\yuanchu\Gameplay Sculptor\run\config\bhc-common.toml
[2510月2025 17:37:10.607] [modloading-worker-0/DEBUG] [net.minecraftforge.fml.config.ConfigFileTypeHandler/CONFIG]: Loaded TOML config file E:\yuanchu\Gameplay Sculptor\run\config\bhc-common.toml
[2510月2025 17:37:10.607] [modloading-worker-0/DEBUG] [net.minecraftforge.fml.config.ConfigFileTypeHandler/CONFIG]: Watching TOML config file E:\yuanchu\Gameplay Sculptor\run\config\bhc-common.toml for changes
[2510月2025 17:37:10.608] [modloading-worker-0/DEBUG] [net.minecraftforge.fml.config.ConfigFileTypeHandler/CONFIG]: Built TOML config for E:\yuanchu\Gameplay Sculptor\run\config\modernfix-common.toml
[2510月2025 17:37:10.608] [modloading-worker-0/DEBUG] [net.minecraftforge.fml.config.ConfigFileTypeHandler/CONFIG]: Loaded TOML config file E:\yuanchu\Gameplay Sculptor\run\config\modernfix-common.toml
[2510月2025 17:37:10.608] [modloading-worker-0/DEBUG] [net.minecraftforge.fml.config.ConfigFileTypeHandler/CONFIG]: Watching TOML config file E:\yuanchu\Gameplay Sculptor\run\config\modernfix-common.toml for changes
[2510月2025 17:37:10.609] [modloading-worker-0/DEBUG] [net.minecraftforge.fml.config.ConfigFileTypeHandler/CONFIG]: Built TOML config for E:\yuanchu\Gameplay Sculptor\run\config\dummmmmmy-common.toml
[2510月2025 17:37:10.609] [modloading-worker-0/DEBUG] [net.minecraftforge.fml.config.ConfigFileTypeHandler/CONFIG]: Loaded TOML config file E:\yuanchu\Gameplay Sculptor\run\config\dummmmmmy-common.toml
[2510月2025 17:37:10.609] [modloading-worker-0/DEBUG] [net.minecraftforge.fml.config.ConfigFileTypeHandler/CONFIG]: Watching TOML config file E:\yuanchu\Gameplay Sculptor\run\config\dummmmmmy-common.toml for changes
[2510月2025 17:37:10.613] [Worker-ResourceReload-5/DEBUG] [mixin/]: Mixing AttributeMapMixin from attributeslib.mixins.json into net.minecraft.world.entity.ai.attributes.AttributeMap
[2510月2025 17:37:10.613] [Worker-ResourceReload-5/DEBUG] [mixin/]: Renaming synthetic method lambda$setAttributesUpdating$0(Lnet/minecraft/world/entity/ai/attributes/Attribute;Lcom/mojang/datafixers/util/Pair;)V to md27bff4$lambda$setAttributesUpdating$0$0 in attributeslib.mixins.json:AttributeMapMixin
[2510月2025 17:37:10.615] [Worker-ResourceReload-7/INFO] [tianyi.gameplay_sculptor.Gameplay_sculptor/]: Common setup completed.
[2510月2025 17:37:10.619] [Worker-ResourceReload-8/DEBUG] [mixin/]: Mixing MixinSlotAttribute from curios.mixins.json into top.theillusivec4.curios.api.SlotAttribute
[2510月2025 17:37:10.624] [Worker-ResourceReload-8/DEBUG] [mixin/]: Mixing MixinCuriosApi from curios.mixins.json into top.theillusivec4.curios.api.CuriosApi
[2510月2025 17:37:10.624] [Worker-ResourceReload-6/DEBUG] [ModernFix/]: Cleared 946 object holder stacktrace references
[2510月2025 17:37:10.653] [Forge Version Check/INFO] [net.minecraftforge.fml.VersionChecker/]: [moonlight] Starting version check at https://raw.githubusercontent.com/MehVahdJukaar/Moonlight/multi-loader/forge/update.json
[2510月2025 17:37:10.692] [Worker-ResourceReload-12/DEBUG] [mixin/]: Mixing RecipeBookWidgetMixin from emi.mixins.json into net.minecraft.client.gui.screens.recipebook.RecipeBookComponent
[2510月2025 17:37:10.714] [Worker-ResourceReload-2/WARN] [net.minecraft.client.resources.model.ModelBakery/]: Unable to load model: 'minecraft:grudbone' referenced from: born_in_chaos_v1:gnawed_bones#face=floor,facing=north,waterlogged=true: java.io.FileNotFoundException: minecraft:models/grudbone.json
[2510月2025 17:37:10.717] [Worker-ResourceReload-2/WARN] [net.minecraft.client.resources.model.ModelBakery/]: Unable to load model: 'minecraft:puddleofintoxication' referenced from: born_in_chaos_v1:puddleofintoxication#waterlogged=true: java.io.FileNotFoundException: minecraft:models/puddleofintoxication.json
[2510月2025 17:37:10.717] [Worker-ResourceReload-2/WARN] [net.minecraft.client.resources.model.ModelBakery/]: Unable to load model: 'minecraft:houndtrap' referenced from: born_in_chaos_v1:hound_trap#facing=north,waterlogged=true: java.io.FileNotFoundException: minecraft:models/houndtrap.json
[2510月2025 17:37:10.717] [Worker-ResourceReload-2/WARN] [net.minecraft.client.resources.model.ModelBakery/]: Unable to load model: 'minecraft:houndtrapserried' referenced from: born_in_chaos_v1:closed_hound_trap#facing=north,waterlogged=true: java.io.FileNotFoundException: minecraft:models/houndtrapserried.json
[2510月2025 17:37:10.717] [Worker-ResourceReload-2/WARN] [net.minecraft.client.resources.model.ModelBakery/]: Unable to load model: 'minecraft:shellspikes' referenced from: born_in_chaos_v1:spiny_shell_trap#waterlogged=true: java.io.FileNotFoundException: minecraft:models/shellspikes.json
[2510月2025 17:37:10.717] [Worker-ResourceReload-2/WARN] [net.minecraft.client.resources.model.ModelBakery/]: Unable to load model: 'minecraft:puddleofstimulation' referenced from: born_in_chaos_v1:puddleof_stimulation#waterlogged=true: java.io.FileNotFoundException: minecraft:models/puddleofstimulation.json
[2510月2025 17:37:10.717] [Worker-ResourceReload-2/WARN] [net.minecraft.client.resources.model.ModelBakery/]: Unable to load model: 'minecraft:tombstonedarktitan' referenced from: born_in_chaos_v1:tombstone_dark_titan_066#facing=north,waterlogged=true: java.io.FileNotFoundException: minecraft:models/tombstonedarktitan.json
[2510月2025 17:37:10.717] [Worker-ResourceReload-2/WARN] [net.minecraft.client.resources.model.ModelBakery/]: Unable to load model: 'minecraft:tombstonepetasi' referenced from: born_in_chaos_v1:tombstone_petasi#facing=north,waterlogged=true: java.io.FileNotFoundException: minecraft:models/tombstonepetasi.json
[2510月2025 17:37:10.717] [Worker-ResourceReload-2/WARN] [net.minecraft.client.resources.model.ModelBakery/]: Unable to load model: 'minecraft:tombstonewise' referenced from: born_in_chaos_v1:tombstone_2003wise#facing=north,waterlogged=true: java.io.FileNotFoundException: minecraft:models/tombstonewise.json
[2510月2025 17:37:10.717] [Worker-ResourceReload-2/WARN] [net.minecraft.client.resources.model.ModelBakery/]: Unable to load model: 'minecraft:tombstoneorion' referenced from: born_in_chaos_v1:tombstone_orion#facing=north,waterlogged=true: java.io.FileNotFoundException: minecraft:models/tombstoneorion.json
[2510月2025 17:37:10.717] [Worker-ResourceReload-2/WARN] [net.minecraft.client.resources.model.ModelBakery/]: Unable to load model: 'minecraft:cobwebcover' referenced from: born_in_chaos_v1:cobweb_cover#: java.io.FileNotFoundException: minecraft:models/cobwebcover.json
[2510月2025 17:37:10.717] [Worker-ResourceReload-2/WARN] [net.minecraft.client.resources.model.ModelBakery/]: Unable to load model: 'minecraft:lifestealerskull' referenced from: born_in_chaos_v1:lifestealer_skull#face=floor,facing=north,waterlogged=true: java.io.FileNotFoundException: minecraft:models/lifestealerskull.json
[2510月2025 17:37:10.718] [Worker-ResourceReload-2/WARN] [net.minecraft.client.resources.model.ModelBakery/]: Unable to load model: 'minecraft:tombstonederivas' referenced from: born_in_chaos_v1:tombstone_derivas#facing=north,waterlogged=true: java.io.FileNotFoundException: minecraft:models/tombstonederivas.json
[2510月2025 17:37:10.718] [Worker-ResourceReload-2/WARN] [net.minecraft.client.resources.model.ModelBakery/]: Unable to load model: 'minecraft:tombstonefubukibanzai' referenced from: born_in_chaos_v1:tombstone_fubuki_banzai#facing=north,waterlogged=true: java.io.FileNotFoundException: minecraft:models/tombstonefubukibanzai.json
[2510月2025 17:37:10.718] [Worker-ResourceReload-2/WARN] [net.minecraft.client.resources.model.ModelBakery/]: Unable to load model: 'minecraft:rotteninfernalpumpkin' referenced from: born_in_chaos_v1:rotten_infernal_pumpkin#facing=north,waterlogged=true: java.io.FileNotFoundException: minecraft:models/rotteninfernalpumpkin.json
[2510月2025 17:37:10.718] [Worker-ResourceReload-2/WARN] [net.minecraft.client.resources.model.ModelBakery/]: Unable to load model: 'minecraft:creepysnowmanhead' referenced from: born_in_chaos_v1:spooky_snowman_head#facing=north,waterlogged=true: java.io.FileNotFoundException: minecraft:models/creepysnowmanhead.json
[2510月2025 17:37:10.718] [Worker-ResourceReload-2/WARN] [net.minecraft.client.resources.model.ModelBakery/]: Unable to load model: 'minecraft:nutcracker' referenced from: born_in_chaos_v1:creepy_nutcracker#facing=north,waterlogged=true: java.io.FileNotFoundException: minecraft:models/nutcracker.json
[2510月2025 17:37:10.718] [Worker-ResourceReload-2/WARN] [net.minecraft.client.resources.model.ModelBakery/]: Unable to load model: 'minecraft:tombstonesomfunambulist' referenced from: born_in_chaos_v1:tombstone_somfunambulist#facing=north,waterlogged=true: java.io.FileNotFoundException: minecraft:models/tombstonesomfunambulist.json
[2510月2025 17:37:10.718] [Worker-ResourceReload-2/WARN] [net.minecraft.client.resources.model.ModelBakery/]: Unable to load model: 'minecraft:tombstonememesus' referenced from: born_in_chaos_v1:tombstone_memesus#facing=north,waterlogged=true: java.io.FileNotFoundException: minecraft:models/tombstonememesus.json
[2510月2025 17:37:10.718] [Worker-ResourceReload-2/WARN] [net.minecraft.client.resources.model.ModelBakery/]: Unable to load model: 'minecraft:tombstonetem' referenced from: born_in_chaos_v1:tombstone_tem_187#facing=north,waterlogged=true: java.io.FileNotFoundException: minecraft:models/tombstonetem.json
[2510月2025 17:37:10.718] [Worker-ResourceReload-2/WARN] [net.minecraft.client.resources.model.ModelBakery/]: Unable to load model: 'minecraft:tombstonecarrion' referenced from: born_in_chaos_v1:tombstone_carrion#facing=north,waterlogged=true: java.io.FileNotFoundException: minecraft:models/tombstonecarrion.json
[2510月2025 17:37:10.718] [Worker-ResourceReload-2/WARN] [net.minecraft.client.resources.model.ModelBakery/]: Unable to load model: 'minecraft:tombstonedling' referenced from: born_in_chaos_v1:tombstone_2_dling#facing=north,waterlogged=true: java.io.FileNotFoundException: minecraft:models/tombstonedling.json
[2510月2025 17:37:10.718] [Worker-ResourceReload-2/WARN] [net.minecraft.client.resources.model.ModelBakery/]: Unable to load model: 'minecraft:tombstoneeuthymia' referenced from: born_in_chaos_v1:tombstone_euthymia#facing=north,waterlogged=true: java.io.FileNotFoundException: minecraft:models/tombstoneeuthymia.json
[2510月2025 17:37:10.718] [Worker-ResourceReload-2/WARN] [net.minecraft.client.resources.model.ModelBakery/]: Unable to load model: 'minecraft:tombstoneferal' referenced from: born_in_chaos_v1:tombstone_feral#facing=north,waterlogged=true: java.io.FileNotFoundException: minecraft:models/tombstoneferal.json
[2510月2025 17:37:10.718] [Worker-ResourceReload-2/WARN] [net.minecraft.client.resources.model.ModelBakery/]: Unable to load model: 'minecraft:tombstonemikerory' referenced from: born_in_chaos_v1:tombstone_mike_rory#facing=north,waterlogged=true: java.io.FileNotFoundException: minecraft:models/tombstonemikerory.json
[2510月2025 17:37:10.718] [Worker-ResourceReload-2/WARN] [net.minecraft.client.resources.model.ModelBakery/]: Unable to load model: 'minecraft:tombstoned4rkdevilx' referenced from: born_in_chaos_v1:tombstone_d_4rkdevilx#facing=north,waterlogged=true: java.io.FileNotFoundException: minecraft:models/tombstoned4rkdevilx.json
[2510月2025 17:37:10.718] [Worker-ResourceReload-2/WARN] [net.minecraft.client.resources.model.ModelBakery/]: Unable to load model: 'minecraft:tombstonerotborne' referenced from: born_in_chaos_v1:tombstone_rotborne#facing=north,waterlogged=true: java.io.FileNotFoundException: minecraft:models/tombstonerotborne.json
[2510月2025 17:37:10.718] [Worker-ResourceReload-2/WARN] [net.minecraft.client.resources.model.ModelBakery/]: Unable to load model: 'minecraft:tombstonethegentlemanfrog' referenced from: born_in_chaos_v1:tombstone_the_gentleman_frog#facing=north,waterlogged=true: java.io.FileNotFoundException: minecraft:models/tombstonethegentlemanfrog.json
[2510月2025 17:37:10.719] [Worker-ResourceReload-2/WARN] [net.minecraft.client.resources.model.ModelBakery/]: Unable to load model: 'minecraft:tombstoneplug' referenced from: born_in_chaos_v1:tombstone_plug#facing=north,waterlogged=true: java.io.FileNotFoundException: minecraft:models/tombstoneplug.json
[2510月2025 17:37:10.719] [Worker-ResourceReload-2/WARN] [net.minecraft.client.resources.model.ModelBakery/]: Unable to load model: 'minecraft:tombstonenino4416' referenced from: born_in_chaos_v1:tombstone_nino_4416#facing=north,waterlogged=true: java.io.FileNotFoundException: minecraft:models/tombstonenino4416.json
[2510月2025 17:37:10.724] [Worker-ResourceReload-2/WARN] [net.minecraft.client.resources.model.ModelBakery/]: Unable to load model: 'modernui:project_builder#inventory' referenced from: modernui:project_builder#inventory: java.io.FileNotFoundException: modernui:models/item/project_builder.json
[2510月2025 17:37:10.728] [Worker-ResourceReload-2/WARN] [net.minecraft.client.resources.model.ModelBakery/]: Unable to load model: 'modernui:item/project_builder_cube' referenced from: modernui:item/project_builder_cube: java.io.FileNotFoundException: modernui:models/item/project_builder_cube.json
[2510月2025 17:37:10.728] [Worker-ResourceReload-2/WARN] [net.minecraft.client.resources.model.ModelBakery/]: Unable to load model: 'modernui:item/project_builder_main' referenced from: modernui:item/project_builder_main: java.io.FileNotFoundException: modernui:models/item/project_builder_main.json
[2510月2025 17:37:10.731] [Worker-ResourceReload-2/WARN] [net.minecraft.client.resources.model.ModelBakery/]: Unable to load model: 'minecraft:nightmarescythe' referenced from: born_in_chaos_v1:custom/nightmarescythe: java.io.FileNotFoundException: minecraft:models/nightmarescythe.json
[2510月2025 17:37:10.735] [Worker-ResourceReload-2/WARN] [net.minecraft.client.resources.model.ModelBakery/]: Unable to load model: 'minecraft:shellmace' referenced from: born_in_chaos_v1:custom/shellmace: java.io.FileNotFoundException: minecraft:models/shellmace.json
[2510月2025 17:37:10.737] [Worker-ResourceReload-2/WARN] [net.minecraft.client.resources.model.ModelBakery/]: Unable to load model: 'minecraft:frostbittenblade' referenced from: born_in_chaos_v1:custom/frostbittenblade: java.io.FileNotFoundException: minecraft:models/frostbittenblade.json
[2510月2025 17:37:10.742] [Worker-ResourceReload-2/WARN] [net.minecraft.client.resources.model.ModelBakery/]: Unable to load model: 'minecraft:soulsaber' referenced from: born_in_chaos_v1:custom/soulsaber: java.io.FileNotFoundException: minecraft:models/soulsaber.json
[2510月2025 17:37:10.746] [Worker-ResourceReload-2/WARN] [net.minecraft.client.resources.model.ModelBakery/]: Unable to load model: 'minecraft:greatdarksword' referenced from: born_in_chaos_v1:custom/greatdarksword: java.io.FileNotFoundException: minecraft:models/greatdarksword.json
[2510月2025 17:37:10.747] [Render thread/DEBUG] [net.minecraftforge.fml.DeferredWorkQueue/LOADING]: Dispatching synchronous work for work queue COMMON_SETUP: 22 jobs
[2510月2025 17:37:10.749] [Worker-ResourceReload-2/WARN] [net.minecraft.client.resources.model.ModelBakery/]: Unable to load model: 'minecraft:skullbreaker' referenced from: born_in_chaos_v1:custom/skullbreaker: java.io.FileNotFoundException: minecraft:models/skullbreaker.json
[2510月2025 17:37:10.752] [Worker-ResourceReload-2/WARN] [net.minecraft.client.resources.model.ModelBakery/]: Unable to load model: 'minecraft:spiderbite' referenced from: born_in_chaos_v1:custom/spiderbite: java.io.FileNotFoundException: minecraft:models/spiderbite.json
[2510月2025 17:37:10.757] [Worker-ResourceReload-2/WARN] [net.minecraft.client.resources.model.ModelBakery/]: Unable to load model: 'minecraft:sweetness' referenced from: born_in_chaos_v1:custom/sweetness: java.io.FileNotFoundException: minecraft:models/sweetness.json
[2510月2025 17:37:10.757] [Worker-ResourceReload-2/WARN] [net.minecraft.client.resources.model.ModelBakery/]: Unable to load model: 'minecraft:nuthammer' referenced from: born_in_chaos_v1:custom/nuthammer: java.io.FileNotFoundException: minecraft:models/nuthammer.json
[2510月2025 17:37:10.760] [Worker-ResourceReload-2/WARN] [net.minecraft.client.resources.model.ModelBakery/]: Unable to load model: 'minecraft:pitchfork' referenced from: born_in_chaos_v1:custom/pitchfork: java.io.FileNotFoundException: minecraft:models/pitchfork.json
[2510月2025 17:37:10.761] [Render thread/INFO] [Moonlight/]: Initialized color sets in 8ms
[2510月2025 17:37:10.765] [Worker-ResourceReload-2/WARN] [net.minecraft.client.resources.model.ModelBakery/]: Unable to load model: 'minecraft:executionersgreatax' referenced from: born_in_chaos_v1:custom/executionersgreatax: java.io.FileNotFoundException: minecraft:models/executionersgreatax.json
[2510月2025 17:37:10.765] [Render thread/DEBUG] [Configured/]: Loaded com.mrcrayfish.configured.platform.ForgePlatformHelper@75c8855e for service interface com.mrcrayfish.configured.platform.services.IPlatformHelper
[2510月2025 17:37:10.766] [Render thread/DEBUG] [Configured/]: Loaded com.mrcrayfish.configured.platform.ForgeConfigHelper@786d8b3b for service interface com.mrcrayfish.configured.platform.services.IConfigHelper
[2510月2025 17:37:10.775] [Render thread/INFO] [tianyi.gameplay_sculptor.Gameplay_sculptor/]: Loaded entity configs: 2 health, 3 attack, 3 armor settings
[2510月2025 17:37:10.793] [Render thread/DEBUG] [net.minecraftforge.fml.DeferredWorkQueue/LOADING]: Synchronous work queue completed in 45.05 ms
[2510月2025 17:37:10.795] [Worker-ResourceReload-8/INFO] [tianyi.gameplay_sculptor.Gameplay_sculptor/]: HELLO FROM CLIENT SETUP
[2510月2025 17:37:10.795] [Worker-ResourceReload-8/INFO] [tianyi.gameplay_sculptor.Gameplay_sculptor/]: MINECRAFT NAME >> Dev
[2510月2025 17:37:10.796] [Placebo Patreon Trail Loader/INFO] [placebo/]: Loading patreon trails data...
[2510月2025 17:37:10.796] [Worker-ResourceReload-8/INFO] [ModernUI/Core]: Loaded modern text engine
[2510月2025 17:37:10.797] [Worker-ResourceReload-14/DEBUG] [mixin/]: Mixing safety.ItemPropertiesMixin from modernfix-common.mixins.json into net.minecraft.client.renderer.item.ItemProperties
[2510月2025 17:37:10.797] [Placebo Patreon Wing Loader/INFO] [placebo/]: Loading patreon wing data...
[2510月2025 17:37:10.877] [Render thread/DEBUG] [net.minecraftforge.fml.DeferredWorkQueue/LOADING]: Dispatching synchronous work for work queue SIDED_SETUP: 3 jobs
[2510月2025 17:37:10.880] [Render thread/DEBUG] [ModernUI/Core]: The debug callback function is already set.
[2510月2025 17:37:10.880] [Render thread/INFO] [ModernUI/UIManager]: UI renderer initialized
[2510月2025 17:37:10.881] [Render thread/DEBUG] [net.minecraftforge.fml.DeferredWorkQueue/LOADING]: Synchronous work queue completed in 3.718 ms
[2510月2025 17:37:10.980] [Placebo Patreon Trail Loader/INFO] [placebo/]: Loaded 49 patreon trails.
[2510月2025 17:37:10.981] [Placebo Patreon Wing Loader/INFO] [placebo/]: Loaded 43 patreon wings.
[2510月2025 17:37:11.132] [Worker-ResourceReload-14/INFO] [Jade/]: Start loading plugin at snownee.jade.addon.vanilla.VanillaPlugin
[2510月2025 17:37:11.148] [Worker-ResourceReload-14/INFO] [Jade/]: Start loading plugin at snownee.jade.addon.universal.UniversalPlugin
[2510月2025 17:37:11.151] [Worker-ResourceReload-14/INFO] [Jade/]: Start loading plugin at snownee.jade.addon.core.CorePlugin
[2510月2025 17:37:11.154] [Worker-ResourceReload-14/INFO] [Jade/]: Dev environment detected, loading test plugin
[2510月2025 17:37:11.168] [Render thread/DEBUG] [net.minecraftforge.fml.DeferredWorkQueue/LOADING]: Dispatching synchronous work for work queue COMPLETE: 1 jobs
[2510月2025 17:37:11.169] [Render thread/INFO] [Configured/]: Successfully loaded config provider: com.mrcrayfish.configured.impl.forge.ForgeConfigProvider
[2510月2025 17:37:11.169] [Render thread/INFO] [Configured/]: Successfully loaded config provider: com.mrcrayfish.configured.impl.framework.FrameworkConfigProvider
[2510月2025 17:37:11.169] [Render thread/INFO] [Configured/]: Successfully loaded config provider: com.mrcrayfish.configured.impl.jei.JeiConfigProvider
[2510月2025 17:37:11.169] [Render thread/INFO] [Configured/]: Creating config GUI factories...
[2510月2025 17:37:11.172] [Render thread/INFO] [Configured/]: Registering config factory for mod damage_number. Found 1 config(s)
[2510月2025 17:37:11.172] [Render thread/INFO] [Configured/]: Registering config factory for mod moonlight. Found 2 config(s)
[2510月2025 17:37:11.172] [Render thread/INFO] [Configured/]: Registering config factory for mod itemzoom. Found 1 config(s)
[2510月2025 17:37:11.172] [Render thread/INFO] [Configured/]: Registering config factory for mod gameplay_sculptor. Found 1 config(s)
[2510月2025 17:37:11.172] [Render thread/INFO] [Configured/]: Registering config factory for mod forge. Found 2 config(s)
[2510月2025 17:37:11.172] [Render thread/INFO] [Configured/]: Registering config factory for mod dummmmmmy. Found 2 config(s)
[2510月2025 17:37:11.172] [Render thread/INFO] [Configured/]: Registering config factory for mod curios. Found 3 config(s)
[2510月2025 17:37:11.172] [Render thread/INFO] [Configured/]: Registering config factory for mod invtweaks. Found 1 config(s)
[2510月2025 17:37:11.172] [Render thread/INFO] [Configured/]: Registering config factory for mod bhc. Found 2 config(s)
[2510月2025 17:37:11.172] [Render thread/DEBUG] [net.minecraftforge.fml.DeferredWorkQueue/LOADING]: Synchronous work queue completed in 3.923 ms
[2510月2025 17:37:11.176] [modloading-worker-0/DEBUG] [net.minecraftforge.registries.GameData/REGISTRIES]: Freezing registries
[2510月2025 17:37:11.177] [modloading-worker-0/DEBUG] [net.minecraftforge.registries.ForgeRegistry/REGISTRIES]: Registry minecraft:block Sync: FROZEN -> ACTIVE
[2510月2025 17:37:11.178] [modloading-worker-0/DEBUG] [net.minecraftforge.registries.ForgeRegistry/REGISTRIES]: Registry minecraft:fluid Sync: FROZEN -> ACTIVE
[2510月2025 17:37:11.178] [modloading-worker-0/DEBUG] [net.minecraftforge.registries.ForgeRegistry/REGISTRIES]: Registry minecraft:item Sync: FROZEN -> ACTIVE
[2510月2025 17:37:11.181] [modloading-worker-0/DEBUG] [net.minecraftforge.registries.ForgeRegistry/REGISTRIES]: Registry minecraft:mob_effect Sync: FROZEN -> ACTIVE
[2510月2025 17:37:11.182] [modloading-worker-0/DEBUG] [net.minecraftforge.registries.ForgeRegistry/REGISTRIES]: Registry minecraft:sound_event Sync: FROZEN -> ACTIVE
[2510月2025 17:37:11.183] [modloading-worker-0/DEBUG] [net.minecraftforge.registries.ForgeRegistry/REGISTRIES]: Registry minecraft:potion Sync: FROZEN -> ACTIVE
[2510月2025 17:37:11.183] [modloading-worker-0/DEBUG] [net.minecraftforge.registries.ForgeRegistry/REGISTRIES]: Registry minecraft:enchantment Sync: FROZEN -> ACTIVE
[2510月2025 17:37:11.183] [modloading-worker-0/DEBUG] [net.minecraftforge.registries.ForgeRegistry/REGISTRIES]: Registry minecraft:entity_type Sync: FROZEN -> ACTIVE
[2510月2025 17:37:11.184] [modloading-worker-0/DEBUG] [net.minecraftforge.registries.ForgeRegistry/REGISTRIES]: Registry minecraft:block_entity_type Sync: FROZEN -> ACTIVE
[2510月2025 17:37:11.184] [modloading-worker-0/DEBUG] [net.minecraftforge.registries.ForgeRegistry/REGISTRIES]: Registry minecraft:particle_type Sync: FROZEN -> ACTIVE
[2510月2025 17:37:11.184] [modloading-worker-0/DEBUG] [net.minecraftforge.registries.ForgeRegistry/REGISTRIES]: Registry minecraft:menu Sync: FROZEN -> ACTIVE
[2510月2025 17:37:11.184] [modloading-worker-0/DEBUG] [net.minecraftforge.registries.ForgeRegistry/REGISTRIES]: Registry minecraft:painting_variant Sync: FROZEN -> ACTIVE
[2510月2025 17:37:11.184] [modloading-worker-0/DEBUG] [net.minecraftforge.registries.ForgeRegistry/REGISTRIES]: Registry minecraft:recipe_type Sync: FROZEN -> ACTIVE
[2510月2025 17:37:11.184] [modloading-worker-0/DEBUG] [net.minecraftforge.registries.ForgeRegistry/REGISTRIES]: Registry minecraft:recipe_serializer Sync: FROZEN -> ACTIVE
[2510月2025 17:37:11.184] [modloading-worker-0/DEBUG] [net.minecraftforge.registries.ForgeRegistry/REGISTRIES]: Registry minecraft:attribute Sync: FROZEN -> ACTIVE
[2510月2025 17:37:11.184] [modloading-worker-0/DEBUG] [net.minecraftforge.registries.ForgeRegistry/REGISTRIES]: Registry minecraft:stat_type Sync: FROZEN -> ACTIVE
[2510月2025 17:37:11.184] [modloading-worker-0/DEBUG] [net.minecraftforge.registries.ForgeRegistry/REGISTRIES]: Registry minecraft:command_argument_type Sync: FROZEN -> ACTIVE
[2510月2025 17:37:11.184] [modloading-worker-0/DEBUG] [net.minecraftforge.registries.ForgeRegistry/REGISTRIES]: Registry minecraft:villager_profession Sync: FROZEN -> ACTIVE
[2510月2025 17:37:11.184] [modloading-worker-0/DEBUG] [net.minecraftforge.registries.ForgeRegistry/REGISTRIES]: Registry minecraft:point_of_interest_type Sync: FROZEN -> ACTIVE
[2510月2025 17:37:11.184] [modloading-worker-0/DEBUG] [net.minecraftforge.registries.ForgeRegistry/REGISTRIES]: Registry minecraft:memory_module_type Sync: FROZEN -> ACTIVE
[2510月2025 17:37:11.184] [modloading-worker-0/DEBUG] [net.minecraftforge.registries.ForgeRegistry/REGISTRIES]: Registry minecraft:sensor_type Sync: FROZEN -> ACTIVE
[2510月2025 17:37:11.185] [modloading-worker-0/DEBUG] [net.minecraftforge.registries.ForgeRegistry/REGISTRIES]: Registry minecraft:schedule Sync: FROZEN -> ACTIVE
[2510月2025 17:37:11.185] [modloading-worker-0/DEBUG] [net.minecraftforge.registries.ForgeRegistry/REGISTRIES]: Registry minecraft:activity Sync: FROZEN -> ACTIVE
[2510月2025 17:37:11.185] [modloading-worker-0/DEBUG] [net.minecraftforge.registries.ForgeRegistry/REGISTRIES]: Registry minecraft:worldgen/carver Sync: FROZEN -> ACTIVE
[2510月2025 17:37:11.185] [modloading-worker-0/DEBUG] [net.minecraftforge.registries.ForgeRegistry/REGISTRIES]: Registry minecraft:worldgen/feature Sync: FROZEN -> ACTIVE
[2510月2025 17:37:11.185] [modloading-worker-0/DEBUG] [net.minecraftforge.registries.ForgeRegistry/REGISTRIES]: Registry minecraft:chunk_status Sync: FROZEN -> ACTIVE
[2510月2025 17:37:11.185] [modloading-worker-0/DEBUG] [net.minecraftforge.registries.ForgeRegistry/REGISTRIES]: Registry minecraft:worldgen/block_state_provider_type Sync: FROZEN -> ACTIVE
[2510月2025 17:37:11.185] [modloading-worker-0/DEBUG] [net.minecraftforge.registries.ForgeRegistry/REGISTRIES]: Registry minecraft:worldgen/foliage_placer_type Sync: FROZEN -> ACTIVE
[2510月2025 17:37:11.185] [modloading-worker-0/DEBUG] [net.minecraftforge.registries.ForgeRegistry/REGISTRIES]: Registry minecraft:worldgen/tree_decorator_type Sync: FROZEN -> ACTIVE
[2510月2025 17:37:11.185] [modloading-worker-0/DEBUG] [net.minecraftforge.registries.ForgeRegistry/REGISTRIES]: Registry minecraft:worldgen/biome Sync: FROZEN -> ACTIVE
[2510月2025 17:37:11.185] [modloading-worker-0/DEBUG] [net.minecraftforge.registries.ForgeRegistry/REGISTRIES]: Registry forge:entity_data_serializers Sync: FROZEN -> ACTIVE
[2510月2025 17:37:11.185] [modloading-worker-0/DEBUG] [net.minecraftforge.registries.ForgeRegistry/REGISTRIES]: Registry forge:global_loot_modifier_serializers Sync: FROZEN -> ACTIVE
[2510月2025 17:37:11.185] [modloading-worker-0/DEBUG] [net.minecraftforge.registries.ForgeRegistry/REGISTRIES]: Registry forge:biome_modifier_serializers Sync: FROZEN -> ACTIVE
[2510月2025 17:37:11.185] [modloading-worker-0/DEBUG] [net.minecraftforge.registries.ForgeRegistry/REGISTRIES]: Registry forge:fluid_type Sync: FROZEN -> ACTIVE
[2510月2025 17:37:11.185] [modloading-worker-0/DEBUG] [net.minecraftforge.registries.ForgeRegistry/REGISTRIES]: Registry forge:structure_modifier_serializers Sync: FROZEN -> ACTIVE
[2510月2025 17:37:11.185] [modloading-worker-0/DEBUG] [net.minecraftforge.registries.ForgeRegistry/REGISTRIES]: Registry forge:holder_set_type Sync: FROZEN -> ACTIVE
[2510月2025 17:37:11.185] [modloading-worker-0/DEBUG] [net.minecraftforge.registries.ForgeRegistry/REGISTRIES]: Registry forge:display_contexts Sync: FROZEN -> ACTIVE
[2510月2025 17:37:11.201] [modloading-worker-0/DEBUG] [net.minecraftforge.registries.GameData/REGISTRIES]: All registries frozen
[2510月2025 17:37:11.242] [Render thread/DEBUG] [net.minecraftforge.common.ForgeI18n/CORE]: Loading I18N data entries: 10783
[2510月2025 17:37:11.251] [Render thread/WARN] [net.minecraft.client.sounds.SoundEngine/]: Missing sound for event: minecraft:item.goat_horn.play
[2510月2025 17:37:11.251] [Render thread/WARN] [net.minecraft.client.sounds.SoundEngine/]: Missing sound for event: minecraft:entity.goat.screaming.horn_break
[2510月2025 17:37:11.278] [Render thread/INFO] [com.mojang.blaze3d.audio.Library/]: OpenAL initialized on device OpenAL Soft on 耳机 (XIBERIA S21 MAX)
[2510月2025 17:37:11.279] [Render thread/INFO] [net.minecraft.client.sounds.SoundEngine/SOUNDS]: Sound engine started
[2510月2025 17:37:11.280] [Render thread/DEBUG] [ModernUI/Core]: Font 'Source Han Sans CN Medium' was loaded with config value 'Source Han Sans CN Medium' as SYSTEM FONT
[2510月2025 17:37:11.292] [Render thread/INFO] [ModernUI/Core]: Font 'Noto Sans' failed to load or invalid
[2510月2025 17:37:11.302] [Render thread/INFO] [ModernUI/Core]: Font 'Segoe UI Variable' failed to load or invalid
[2510月2025 17:37:11.302] [Render thread/DEBUG] [ModernUI/Core]: Font 'Segoe UI' was loaded with config value 'Segoe UI' as SYSTEM FONT
[2510月2025 17:37:11.312] [Render thread/INFO] [ModernUI/Core]: Font 'San Francisco' failed to load or invalid
[2510月2025 17:37:11.323] [Render thread/INFO] [ModernUI/Core]: Font 'Open Sans' failed to load or invalid
[2510月2025 17:37:11.331] [Render thread/DEBUG] [ModernUI/Core]: Font 'SimHei' was loaded with config value 'SimHei' as SYSTEM FONT
[2510月2025 17:37:11.341] [Render thread/INFO] [ModernUI/Core]: Font 'STHeiti' failed to load or invalid
[2510月2025 17:37:11.341] [Render thread/DEBUG] [ModernUI/Core]: Font 'Segoe UI Symbol' was loaded with config value 'Segoe UI Symbol' as SYSTEM FONT
[2510月2025 17:37:11.341] [Render thread/DEBUG] [ModernUI/Core]: Font 'mui-i18n-compat' was loaded with config value 'mui-i18n-compat' as SYSTEM FONT
[2510月2025 17:37:11.341] [Render thread/DEBUG] [ModernUI/Core]: Available system font families:
Calibri Light
Noto Sans SC
Sitka Heading
Swis721 BlkCn BT
Candara Light
Times New Roman
Sylfaen
mui-i18n-compat
Microsoft YaHei UI Light
Monospaced
Yu Gothic
Ebrima
Segoe Script
BankGothic Md BT
Candara
Microsoft JhengHei Light
Technic
CountryBlueprint
MV Boli
宋体
Yu Gothic UI Semibold
Nirmala UI Semilight
Swis721 LtCn BT
RomanS
Dutch801 Rm BT
GENISO
Swis721 BT
Segoe UI Light
Segoe UI Semilight
Tahoma
AmdtSymbols
Ink Free
SuperFrench
Swis721 Cn BT
Georgia
MiSans
方正粗黑宋简体
Leelawadee UI Semilight
Microsoft New Tai Lue
微软雅黑
Segoe UI Historic
Microsoft YaHei UI
Franklin Gothic Medium
Lucida Console
PMingLiU-ExtB
Segoe UI Symbol
新宋体
Constantia
Calibri
Nirmala UI
AIGDT
Sitka Small
Source Han Sans CN Medium
Arial Black
MS UI Gothic
Swis721 Blk BT
CityBlueprint
等线 Light
Cambria
CommercialScript BT
DIN Next LT Pro Light
Swis721 BdCnOul BT
Yu Gothic UI Semilight
Trebuchet MS
仿宋
Malgun Gothic Semilight
HoloLens MDL2 Assets
Microsoft Sans Serif
MingLiU-ExtB
Monospac821 BT
CommercialPi BT
Swis721 Lt BT
Vineta BT
Corbel Light
Segoe UI Semibold
Cascadia Code
Gadugi
Cascadia Mono
Segoe UI Emoji
Gabriola
PanRoman
MS Gothic
Sitka Display
Comic Sans MS
TechnicBold
Dialog
DIN Next LT Pro Medium
Palatino Linotype
Segoe UI Black
等线
Myanmar Text
Serif
Yu Gothic UI Light
Javanese Text
Consolas
Impact
Swis721 BlkEx BT
Malgun Gothic
Dutch801 XBd BT
Swis721 BlkOul BT
BankGothic Lt BT
Yu Gothic UI
Arial
微软雅黑 Light
Mongolian Baiti
Cambria Math
ISOCPEUR
Segoe Print
Courier New
Leelawadee UI
楷体
黑体
MS PGothic
UniversalMath1 BT
Yu Gothic Light
Swis721 BdOul BT
Bahnschrift
Stylus BT
Microsoft Himalaya
Corbel
Microsoft Tai Le
Symbol
TechnicLite
Microsoft JhengHei UI
萝莉体
Webdings
Marlett
MingLiU_HKSCS-ExtB
Sitka Text
ISOCTEUR
Sitka Subheading
AcadEref
Microsoft Yi Baiti
Lucida Sans Unicode
AMGDT
Sitka Banner
Verdana
DialogInput
Microsoft PhagsPa
NumberOnly
Microsoft JhengHei
Segoe MDL2 Assets
Swis721 Ex BT
Microsoft JhengHei UI Light
SansSerif
Yu Gothic Medium
SimSun-ExtB
Wingdings
Segoe UI
SimSun-ExtG
Romantic
Swis721 LtEx BT
EuroRoman
JetBrains Mono Medium
DIN Next LT Pro
[2510月2025 17:37:11.342] [Render thread/INFO] [ModernUI/Core]: Reloaded typeface: FontCollection{mFamilies=[Google Noto Color Emoji, Source Han Sans CN Medium, Segoe UI, SimHei, Segoe UI Symbol, mui-i18n-compat], mExclusiveEastAsianBits=null}
[2510月2025 17:37:11.342] [Render thread/INFO] [ModernUI/Glyph]: Reloaded glyph manager
[2510月2025 17:37:11.343] [Render thread/INFO] [ModernUI/TextLayout]: Reloaded text layout engine, res level: 2 to 2, locale: zh_CN, layout RTL: false
[2510月2025 17:37:11.344] [Render thread/INFO] [net.minecraft.client.renderer.texture.TextureAtlas/]: Created: 2048x1024x4 minecraft:textures/atlas/blocks.png-atlas
[2510月2025 17:37:11.349] [Render thread/INFO] [net.minecraft.client.renderer.texture.TextureAtlas/]: Created: 256x256x4 minecraft:textures/atlas/signs.png-atlas
[2510月2025 17:37:11.350] [Render thread/INFO] [net.minecraft.client.renderer.texture.TextureAtlas/]: Created: 512x512x4 minecraft:textures/atlas/shield_patterns.png-atlas
[2510月2025 17:37:11.350] [Render thread/INFO] [net.minecraft.client.renderer.texture.TextureAtlas/]: Created: 512x512x4 minecraft:textures/atlas/banner_patterns.png-atlas
[2510月2025 17:37:11.351] [Render thread/INFO] [net.minecraft.client.renderer.texture.TextureAtlas/]: Created: 1024x1024x4 minecraft:textures/atlas/armor_trims.png-atlas
[2510月2025 17:37:11.352] [Render thread/INFO] [net.minecraft.client.renderer.texture.TextureAtlas/]: Created: 128x64x4 minecraft:textures/atlas/decorated_pot.png-atlas
[2510月2025 17:37:11.353] [Render thread/INFO] [net.minecraft.client.renderer.texture.TextureAtlas/]: Created: 256x256x4 minecraft:textures/atlas/chest.png-atlas
[2510月2025 17:37:11.353] [Render thread/INFO] [net.minecraft.client.renderer.texture.TextureAtlas/]: Created: 512x256x4 minecraft:textures/atlas/shulker_boxes.png-atlas
[2510月2025 17:37:11.353] [Render thread/INFO] [net.minecraft.client.renderer.texture.TextureAtlas/]: Created: 512x256x4 minecraft:textures/atlas/beds.png-atlas
[2510月2025 17:37:11.389] [Render thread/DEBUG] [mixin/]: Mixing PlayerItemInHandLayerMixin from moonlight-common.mixins.json into net.minecraft.client.renderer.entity.layers.PlayerItemInHandLayer
[2510月2025 17:37:11.409] [Render thread/WARN] [net.minecraft.client.renderer.ShaderInstance/]: Shader rendertype_entity_translucent_emissive could not find sampler named Sampler2 in the specified shader program.
[2510月2025 17:37:11.424] [Render thread/WARN] [net.minecraft.client.renderer.ShaderInstance/]: Shader moonlight:text_alpha_color could not find sampler named Sampler2 in the specified shader program.
[2510月2025 17:37:11.424] [Render thread/WARN] [net.minecraft.client.renderer.ShaderInstance/]: Shader moonlight:text_alpha_color could not find uniform named IViewRotMat in the specified shader program.
[2510月2025 17:37:11.424] [Render thread/WARN] [net.minecraft.client.renderer.ShaderInstance/]: Shader moonlight:text_alpha_color could not find uniform named FogStart in the specified shader program.
[2510月2025 17:37:11.424] [Render thread/WARN] [net.minecraft.client.renderer.ShaderInstance/]: Shader moonlight:text_alpha_color could not find uniform named FogEnd in the specified shader program.
[2510月2025 17:37:11.424] [Render thread/WARN] [net.minecraft.client.renderer.ShaderInstance/]: Shader moonlight:text_alpha_color could not find uniform named FogColor in the specified shader program.
[2510月2025 17:37:11.427] [Render thread/DEBUG] [mixin/]: Mixing AccessPostChain from mixins.modernui-forge.json into net.minecraft.client.renderer.PostChain
[2510月2025 17:37:11.438] [Render thread/INFO] [net.minecraft.client.renderer.texture.TextureAtlas/]: Created: 512x512x0 minecraft:textures/atlas/particles.png-atlas
[2510月2025 17:37:11.440] [Render thread/INFO] [net.minecraft.client.renderer.texture.TextureAtlas/]: Created: 256x256x0 minecraft:textures/atlas/paintings.png-atlas
[2510月2025 17:37:11.440] [Render thread/INFO] [net.minecraft.client.renderer.texture.TextureAtlas/]: Created: 512x256x0 minecraft:textures/atlas/mob_effects.png-atlas
[2510月2025 17:37:11.443] [Render thread/INFO] [net.minecraft.client.renderer.texture.TextureAtlas/]: Created: 256x256x0 moonlight:textures/atlas/map_markers.png-atlas
[2510月2025 17:37:11.997] [Realms Notification Availability checker #1/INFO] [com.mojang.realmsclient.client.RealmsClient/]: Could not authorize you against Realms server: java.lang.RuntimeException: Failed to parse into SignedJWT: 0
[2510月2025 17:37:13.473] [Render thread/WARN] [ModernFix/]: Game took 12.952 seconds to start
[2510月2025 17:37:14.460] [Render thread/DEBUG] [mixin/]: Mixing MixinEditBox from mixins.modernui-forge.json into net.minecraft.client.gui.components.EditBox
[2510月2025 17:37:14.461] [Render thread/DEBUG] [mixin/]: Mixing MixinEditBox from mixins.modernui-textmc.json into net.minecraft.client.gui.components.EditBox
[2510月2025 17:37:14.462] [Render thread/DEBUG] [mixin/]: Renaming synthetic method lambda$EditBox$0(Ljava/lang/String;Ljava/lang/Integer;)Lnet/minecraft/util/FormattedCharSequence; to md27bff4$lambda$EditBox$0$0 in mixins.modernui-textmc.json:MixinEditBox
[2510月2025 17:37:14.485] [Render thread/DEBUG] [mixin/]: Mixing MixinSelectionList from mixins.modernui-forge.json into net.minecraft.client.gui.components.AbstractSelectionList
[2510月2025 17:37:14.486] [Render thread/DEBUG] [mixin/]: Mixing client.AbstractSelectionListMixin from configured.common.mixins.json into net.minecraft.client.gui.components.AbstractSelectionList
[2510月2025 17:37:14.497] [Render thread/DEBUG] [mixin/]: Mixing MixinScrollPanel from mixins.modernui-forge.json into net.minecraftforge.client.gui.widget.ScrollPanel
[2510月2025 17:37:22.001] [Render thread/INFO] [net.minecraft.client.Minecraft/]: Stopping!
[2510月2025 17:37:22.002] [Render thread/INFO] [EMI/]: [EMI] Disconnecting from server, EMI data cleared
[2510月2025 17:37:22.003] [Thread-6/INFO] [EMI/]: [EMI] Clearing data
[2510月2025 17:37:22.004] [UI thread/DEBUG] [ModernUI/UIManager]: Quiting UI thread
[2510月2025 17:37:22.029] [Render thread/DEBUG] [ModernUI/UIManager]: Quiting Modern UI
[2510月2025 17:37:22.105] [UI thread/DEBUG] [ModernUI/UIManager]: Quited UI thread
[2510月2025 17:37:22.105] [Render thread/DEBUG] [ModernUI/UIManager]: Quited Modern UI
