[0212月2025 23:16:38.990] [main/INFO] [cpw.mods.modlauncher.Launcher/MODLAUNCHER]: ModLauncher running: args [--launchTarget, forgeclientuserdev, --version, MOD_DEV, --assetIndex, 5, --assetsDir, C:\Users\Administrator\.gradle\caches\forge_gradle\assets, --gameDir, ., --fml.forgeVersion, 47.4.10, --fml.mcVersion, 1.20.1, --fml.forgeGroup, net.minecraftforge, --fml.mcpVersion, 20230612.114412, --mixin.config, gameplay_sculptor.mixins.json]
[0212月2025 23:16:39.003] [main/INFO] [cpw.mods.modlauncher.Launcher/MODLAUNCHER]: ModLauncher 10.0.9+10.0.9+main.dcd20f30 starting: java version 17.0.13 by Azul Systems, Inc.; OS Windows 10 arch amd64 version 10.0
[0212月2025 23:16:39.077] [main/INFO] [net.minecraftforge.fml.loading.ImmediateWindowHandler/]: Loading ImmediateWindowProvider fmlearlywindow
[0212月2025 23:16:39.125] [main/INFO] [EARLYDISPLAY/]: Trying GL version 4.6
[0212月2025 23:16:39.334] [main/INFO] [EARLYDISPLAY/]: Requested GL version 4.6 got version 4.6
[0212月2025 23:16:39.385] [main/INFO] [mixin/]: SpongePowered MIXIN Subsystem Version=0.8.5 Source=union:/C:/Users/Administrator/.gradle/caches/modules-2/files-2.1/org.spongepowered/mixin/0.8.5/9d1c0c3a304ae6697ecd477218fa61b850bf57fc/mixin-0.8.5.jar%23128!/ Service=ModLauncher Env=CLIENT
[0212月2025 23:16:39.434] [pool-2-thread-1/INFO] [EARLYDISPLAY/]: GL info: NVIDIA GeForce RTX 5070 Ti/PCIe/SSE2 GL version 4.6.0 NVIDIA 581.57, NVIDIA Corporation
[0212月2025 23:16:39.538] [main/WARN] [net.minecraftforge.fml.loading.moddiscovery.ModFileParser/LOADING]: Mod file C:\Users\Administrator\.gradle\caches\modules-2\files-2.1\net.minecraftforge\javafmllanguage\1.20.1-47.4.10\ccc533c7dd67e0983217197d7549c8b49e7ab453\javafmllanguage-1.20.1-47.4.10.jar is missing mods.toml file
[0212月2025 23:16:39.543] [main/WARN] [net.minecraftforge.fml.loading.moddiscovery.ModFileParser/LOADING]: Mod file C:\Users\Administrator\.gradle\caches\modules-2\files-2.1\net.minecraftforge\lowcodelanguage\1.20.1-47.4.10\e9a2879fe3612ea34b9728ec2633304a1e67d480\lowcodelanguage-1.20.1-47.4.10.jar is missing mods.toml file
[0212月2025 23:16:39.547] [main/WARN] [net.minecraftforge.fml.loading.moddiscovery.ModFileParser/LOADING]: Mod file C:\Users\Administrator\.gradle\caches\modules-2\files-2.1\net.minecraftforge\mclanguage\1.20.1-47.4.10\ec5cefbbc65c67302b8fac317010faab85fa14b9\mclanguage-1.20.1-47.4.10.jar is missing mods.toml file
[0212月2025 23:16:39.552] [main/WARN] [net.minecraftforge.fml.loading.moddiscovery.ModFileParser/LOADING]: Mod file C:\Users\Administrator\.gradle\caches\modules-2\files-2.1\net.minecraftforge\fmlcore\1.20.1-47.4.10\94dae566be650566ea9115a1414ab76bfcf5a804\fmlcore-1.20.1-47.4.10.jar is missing mods.toml file
[0212月2025 23:16:39.888] [main/INFO] [net.minecraftforge.fml.loading.moddiscovery.JarInJarDependencyLocator/]: Found 15 dependencies adding them to mods collection
[0212月2025 23:16:41.206] [main/INFO] [mixin/]: Compatibility level set to JAVA_17
[0212月2025 23:16:41.206] [main/ERROR] [mixin/]: Mixin config emi.mixins.json does not specify "minVersion" property
[0212月2025 23:16:41.207] [main/ERROR] [mixin/]: Mixin config emi-forge.mixins.json does not specify "minVersion" property
[0212月2025 23:16:41.221] [main/INFO] [cpw.mods.modlauncher.LaunchServiceHandler/MODLAUNCHER]: Launching target 'forgeclientuserdev' with arguments [--version, MOD_DEV, --gameDir, ., --assetsDir, C:\Users\Administrator\.gradle\caches\forge_gradle\assets, --assetIndex, 5]
[0212月2025 23:16:41.264] [main/WARN] [mixin/]: Reference map 'gameplay_sculptor.refmap.json' for gameplay_sculptor.mixins.json could not be read. If this is a development environment you can ignore this message
[0212月2025 23:16:41.341] [main/INFO] [mixin/]: Remapping refMap emi-xplat-refmap.json using E:\yuanchu\Gameplay Sculptor\gameplay_sculptor\build\createSrgToMcp\output.srg
[0212月2025 23:16:41.342] [main/WARN] [mixin/]: Reference map 'emi-forge-refmap.json' for emi-forge.mixins.json could not be read. If this is a development environment you can ignore this message
[0212月2025 23:16:41.344] [main/INFO] [mixin/]: Remapping refMap moonlight-common-refmap.json using E:\yuanchu\Gameplay Sculptor\gameplay_sculptor\build\createSrgToMcp\output.srg
[0212月2025 23:16:41.345] [main/INFO] [mixin/]: Remapping refMap moonlight-forge-refmap.json using E:\yuanchu\Gameplay Sculptor\gameplay_sculptor\build\createSrgToMcp\output.srg
[0212月2025 23:16:41.345] [main/INFO] [mixin/]: Remapping refMap jade.refmap.json using E:\yuanchu\Gameplay Sculptor\gameplay_sculptor\build\createSrgToMcp\output.srg
[0212月2025 23:16:41.346] [main/INFO] [mixin/]: Remapping refMap geckolib.refmap.json using E:\yuanchu\Gameplay Sculptor\gameplay_sculptor\build\createSrgToMcp\output.srg
[0212月2025 23:16:41.346] [main/INFO] [mixin/]: Remapping refMap curios.refmap.json using E:\yuanchu\Gameplay Sculptor\gameplay_sculptor\build\createSrgToMcp\output.srg
[0212月2025 23:16:41.347] [main/INFO] [mixin/]: Remapping refMap placebo.refmap.json using E:\yuanchu\Gameplay Sculptor\gameplay_sculptor\build\createSrgToMcp\output.srg
[0212月2025 23:16:41.388] [main/INFO] [ModernFix/]: Loaded configuration file for ModernFix 5.24.4+mc1.20.1: 97 options available, 0 override(s) found
[0212月2025 23:16:41.388] [main/INFO] [ModernFix/]: Applying Nashorn fix
[0212月2025 23:16:41.396] [main/INFO] [ModernFix/]: Applied Forge config corruption patch
[0212月2025 23:16:41.399] [main/INFO] [mixin/]: Remapping refMap modernfix-common-common-refmap.json using E:\yuanchu\Gameplay Sculptor\gameplay_sculptor\build\createSrgToMcp\output.srg
[0212月2025 23:16:41.400] [main/INFO] [mixin/]: Remapping refMap modernfix-forge-forge-refmap.json using E:\yuanchu\Gameplay Sculptor\gameplay_sculptor\build\createSrgToMcp\output.srg
[0212月2025 23:16:41.400] [main/INFO] [mixin/]: Remapping refMap attributeslib.refmap.json using E:\yuanchu\Gameplay Sculptor\gameplay_sculptor\build\createSrgToMcp\output.srg
[0212月2025 23:16:41.401] [main/INFO] [mixin/]: Remapping refMap configured.refmap.json using E:\yuanchu\Gameplay Sculptor\gameplay_sculptor\build\createSrgToMcp\output.srg
[0212月2025 23:16:41.463] [main/INFO] [mixin/]: Remapping refMap ModernUI-Forge-ModernUI-Forge-refmap.json using E:\yuanchu\Gameplay Sculptor\gameplay_sculptor\build\createSrgToMcp\output.srg
[0212月2025 23:16:41.465] [main/INFO] [mixin/]: Remapping refMap ModernUI-Forge-ModernUI-Forge-refmap.json using E:\yuanchu\Gameplay Sculptor\gameplay_sculptor\build\createSrgToMcp\output.srg
[0212月2025 23:16:41.466] [main/INFO] [mixin/]: Remapping refMap carpet.refmap.json using E:\yuanchu\Gameplay Sculptor\gameplay_sculptor\build\createSrgToMcp\output.srg
[0212月2025 23:16:41.467] [main/INFO] [mixin/]: Remapping refMap dummmmmmy-common-refmap.json using E:\yuanchu\Gameplay Sculptor\gameplay_sculptor\build\createSrgToMcp\output.srg
[0212月2025 23:16:41.499] [main/WARN] [mixin/]: Error loading class: mezz/jei/library/load/PluginCaller (java.lang.ClassNotFoundException: mezz.jei.library.load.PluginCaller)
[0212月2025 23:16:41.521] [main/INFO] [net.minecraftforge.coremod.CoreMod.attributeslib/COREMODLOG]: Patching EffectRenderingInventoryScreen#renderEffects
[0212月2025 23:16:41.561] [main/INFO] [net.minecraftforge.coremod.CoreMod.placebo/COREMODLOG]: Patching IForgeItemStack#getEnchantmentLevel
[0212月2025 23:16:41.566] [main/INFO] [net.minecraftforge.coremod.CoreMod.placebo/COREMODLOG]: Patching IForgeItemStack#getEnchantmentLevel
[0212月2025 23:16:42.104] [main/INFO] [MixinExtras|Service/]: Initializing MixinExtras via com.llamalad7.mixinextras.service.MixinExtrasServiceImpl(version=0.4.1).
[0212月2025 23:16:43.162] [pool-4-thread-1/INFO] [net.minecraft.server.Bootstrap/]: ModernFix reached bootstrap stage (5.983 s after launch)
[0212月2025 23:16:43.224] [pool-4-thread-1/WARN] [mixin/]: @Final field delegatesByName:Ljava/util/Map; in modernfix-forge.mixins.json:perf.forge_registry_alloc.ForgeRegistryMixin should be final
[0212月2025 23:16:43.224] [pool-4-thread-1/WARN] [mixin/]: @Final field delegatesByValue:Ljava/util/Map; in modernfix-forge.mixins.json:perf.forge_registry_alloc.ForgeRegistryMixin should be final
[0212月2025 23:16:43.721] [pool-4-thread-1/INFO] [net.minecraftforge.coremod.CoreMod.placebo/COREMODLOG]: Patching IForgeItemStack#getEnchantmentLevel
[0212月2025 23:16:43.721] [pool-4-thread-1/INFO] [net.minecraftforge.coremod.CoreMod.placebo/COREMODLOG]: Patching IForgeItemStack#getEnchantmentLevel
[0212月2025 23:16:43.839] [pool-4-thread-1/INFO] [net.minecraft.server.Bootstrap/]: Vanilla bootstrap took 675 milliseconds
[0212月2025 23:16:44.236] [pool-4-thread-1/INFO] [net.minecraftforge.coremod.CoreMod.placebo/COREMODLOG]: Patching IForgeItemStack#getEnchantmentLevel
[0212月2025 23:16:44.237] [pool-4-thread-1/INFO] [net.minecraftforge.coremod.CoreMod.placebo/COREMODLOG]: Patching IForgeItemStack#getEnchantmentLevel
[0212月2025 23:16:45.604] [Render thread/INFO] [net.minecraftforge.coremod.CoreMod.attributeslib/COREMODLOG]: Patching EffectRenderingInventoryScreen#renderEffects
[0212月2025 23:16:45.666] [Render thread/WARN] [net.minecraft.server.packs.VanillaPackResourcesBuilder/]: Assets URL 'union:/C:/Users/Administrator/.gradle/caches/forge_gradle/minecraft_user_repo/net/minecraftforge/forge/1.20.1-47.4.10_mapped_official_1.20.1/forge-1.20.1-47.4.10_mapped_official_1.20.1-recomp.jar%23191!/assets/.mcassetsroot' uses unexpected schema
[0212月2025 23:16:45.666] [Render thread/WARN] [net.minecraft.server.packs.VanillaPackResourcesBuilder/]: Assets URL 'union:/C:/Users/Administrator/.gradle/caches/forge_gradle/minecraft_user_repo/net/minecraftforge/forge/1.20.1-47.4.10_mapped_official_1.20.1/forge-1.20.1-47.4.10_mapped_official_1.20.1-recomp.jar%23191!/data/.mcassetsroot' uses unexpected schema
[0212月2025 23:16:45.680] [Render thread/INFO] [com.mojang.authlib.yggdrasil.YggdrasilAuthenticationService/]: Environment: authHost='https://authserver.mojang.com', accountsHost='https://api.mojang.com', sessionHost='https://sessionserver.mojang.com', servicesHost='https://api.minecraftservices.com', name='PROD'
[0212月2025 23:16:45.683] [Render thread/INFO] [net.minecraft.client.Minecraft/]: Setting user: Dev
[0212月2025 23:16:45.730] [Render thread/INFO] [ModernFix/]: Bypassed Mojang DFU
[0212月2025 23:16:45.764] [Render thread/INFO] [mixin/]: BeforeConstant is searching for constants in method with descriptor (Lnet/minecraft/network/chat/Component;Lnet/minecraft/client/GuiMessageTag;)V
[0212月2025 23:16:45.764] [Render thread/INFO] [mixin/]:   BeforeConstant found STRING constant: value = , stringValue = null
[0212月2025 23:16:45.764] [Render thread/INFO] [mixin/]:     BeforeConstant found a matching constant TYPE at ordinal 0
[0212月2025 23:16:45.764] [Render thread/INFO] [mixin/]:       BeforeConstant found LdcInsn 
[0212月2025 23:16:45.764] [Render thread/INFO] [mixin/]:   BeforeConstant found STRING constant: value = \\r, stringValue = null
[0212月2025 23:16:45.764] [Render thread/INFO] [mixin/]:     BeforeConstant found a matching constant TYPE at ordinal 1
[0212月2025 23:16:45.764] [Render thread/INFO] [mixin/]:       BeforeConstant found LdcInsn \\r
[0212月2025 23:16:45.764] [Render thread/INFO] [mixin/]:   BeforeConstant found STRING constant: value = 
, stringValue = null
[0212月2025 23:16:45.764] [Render thread/INFO] [mixin/]:     BeforeConstant found a matching constant TYPE at ordinal 2
[0212月2025 23:16:45.764] [Render thread/INFO] [mixin/]:       BeforeConstant found LdcInsn 

[0212月2025 23:16:45.764] [Render thread/INFO] [mixin/]:   BeforeConstant found STRING constant: value = \\n, stringValue = null
[0212月2025 23:16:45.764] [Render thread/INFO] [mixin/]:     BeforeConstant found a matching constant TYPE at ordinal 3
[0212月2025 23:16:45.764] [Render thread/INFO] [mixin/]:       BeforeConstant found LdcInsn \\n
[0212月2025 23:16:45.764] [Render thread/INFO] [mixin/]:   BeforeConstant found CLASS constant: value = Ljava/lang/String;, typeValue = null
[0212月2025 23:16:45.764] [Render thread/INFO] [mixin/]:   BeforeConstant found STRING constant: value = [{}] [CHAT] {}, stringValue = null
[0212月2025 23:16:45.764] [Render thread/INFO] [mixin/]:     BeforeConstant found a matching constant TYPE at ordinal 4
[0212月2025 23:16:45.764] [Render thread/INFO] [mixin/]:       BeforeConstant found LdcInsn [{}] [CHAT] {}
[0212月2025 23:16:45.764] [Render thread/INFO] [mixin/]:   BeforeConstant found STRING constant: value = [CHAT] {}, stringValue = null
[0212月2025 23:16:45.764] [Render thread/INFO] [mixin/]:     BeforeConstant found a matching constant TYPE at ordinal 5
[0212月2025 23:16:45.764] [Render thread/INFO] [mixin/]:       BeforeConstant found LdcInsn [CHAT] {}
[0212月2025 23:16:45.791] [Render thread/INFO] [net.minecraft.client.Minecraft/]: Backend library: LWJGL version 3.3.1 build 7
[0212月2025 23:16:45.858] [Render thread/INFO] [ModernUI/Core]: Created MuiForgeAPI
[0212月2025 23:16:45.858] [Render thread/INFO] [ModernUI/Core]: Detected OpenGL 4.6 Core Profile from FML Early Window
[0212月2025 23:16:45.951] [Render thread/INFO] [Arc3D/]: Identified OpenGL vendor: NVIDIA
[0212月2025 23:16:45.951] [Render thread/INFO] [Arc3D/]: Identified OpenGL driver: NVIDIA
[0212月2025 23:16:45.952] [Render thread/INFO] [Arc3D/]: Using OpenGL 4.6 and GLSL 4.50
[0212月2025 23:16:45.952] [Render thread/INFO] [Arc3D/]: Use NV_conservative_raster
[0212月2025 23:16:45.952] [Render thread/INFO] [Arc3D/]: Use NV_blend_equation_advanced_coherent
[0212月2025 23:16:45.980] [Render thread/INFO] [ModernUI/Core]: OpenGL vendor: NVIDIA Corporation
[0212月2025 23:16:45.980] [Render thread/INFO] [ModernUI/Core]: OpenGL renderer: NVIDIA GeForce RTX 5070 Ti/PCIe/SSE2
[0212月2025 23:16:45.980] [Render thread/INFO] [ModernUI/Core]: OpenGL version: 4.6.0 NVIDIA 581.57
[0212月2025 23:16:45.982] [Render thread/INFO] [ModernUI/Core]: OpenGL caps: 
AnisotropySupport: true
GpuTracingSupport: false
ConservativeRasterSupport: true
TextureBarrierSupport: true
DepthClipNegativeOneToOne: true
BlendEquationSupport: ADVANCED_COHERENT
ClampToBorderSupport: true
MaxRenderTargetSize: 32768
MaxPreferredRenderTargetSize: 32768
MaxVertexAttributes: 16
MaxVertexBindings: 16
MaxTextureSize: 32768
MaxPushConstantsSize: 0
MaxColorAttachments: 8
MinUniformBufferOffsetAlignment: 256
MinStorageBufferOffsetAlignment: 16
ShaderCaps:
	TargetAPI: OPENGL_4_5
	GLSLVersion: GLSL_450
	SPIRVVersion: SPIRV_1_0
	FMASupport: true
	DualSourceBlendingSupport: true
	PreferFlatInterpolation: true
	VertexIDSupport: true
	InfinitySupport: true
	NonConstantArrayIndexSupport: true
	BitManipulationSupport: true
	NoPerspectiveInterpolationSupport: true
	ReducedShaderMode: false
	TextureQueryLod: true
	UseUniformBinding: true
	UseVaryingLocation: true
	UseBlockMemberOffset: true
	UsePrecisionModifiers: false
	RequiresLocalOutputColorForFBFetch: false
	MustObfuscateUniformColor: false
	MustWriteToFragColor: false
	ColorSpaceMathNeedsFloat: false
	AvoidDfDxForGradientsWhenPossible: false
	SecondaryOutputExtension: null
	AdvBlendEqInteraction: 1
	MaxFragmentSamplers: 32
Vendor: NVIDIA
Driver: NVIDIA
MaxFragmentUniformVectors: 1024
MaxTextureMaxAnisotropy: 16.0
SupportsProtected: false
SkipErrorChecks: true
MaxLabelLength: 256
DebugSupport: true
BufferStorageSupport: true
DrawElementsBaseVertexSupport: true
BaseInstanceSupport: true
DSASupport: true
InvalidateBufferType: 2
InvalidateFramebufferSupport: true
VertexAttribBindingSupport: true
CopyImageSupport: true
SPIRVSupport: true
ViewCompatibilityClassSupport: true
TexStorageSupport: true
ProgramBinarySupport: true
ProgramBinaryFormats: [36385]
GLSLVersion: 460
ColorTypeToBackendFormat:
	UNKNOWN=>GLenum [0x0]
	BGR_565=>RGB565
	R_8=>R8
	RG_88=>RG8
	RGB_888=>RGB8
	RGBX_8888=>GLenum [0x0]
	RGBA_8888=>RGBA8
	BGRA_8888=>RGBA8
	RGBA_8888_SRGB=>SRGB8_ALPHA8
	RGBA_1010102=>RGB10_A2
	BGRA_1010102=>RGB10_A2
	R_16=>GLenum [0x0]
	R_F16=>GLenum [0x0]
	RG_1616=>RG16
	RG_F16=>RG16F
	RGBA_16161616=>RGBA16
	RGBA_F16=>RGBA16F
	RGBA_F16_CLAMPED=>RGBA16F
	RGBA_F32=>GLenum [0x0]
	ALPHA_8=>R8
	ALPHA_16=>R16
	ALPHA_F16=>R16F
	GRAY_8=>R8
	GRAY_ALPHA_88=>RG8
	ABGR_8888=>GLenum [0x0]
	ARGB_8888=>GLenum [0x0]
CompressionTypeToBackendFormat: [null, {mBackend=OpenGL, mFormat=ETC2}, {mBackend=OpenGL, mFormat=RGB8_BC1}, {mBackend=OpenGL, mFormat=RGBA8_BC1}]

[0212月2025 23:16:46.116] [modloading-worker-0/INFO] [invtweaks/]: Registered 2 network packets
[0212月2025 23:16:46.250] [modloading-worker-0/INFO] [net.minecraftforge.common.ForgeMod/FORGEMOD]: Forge mod loading, version 47.4.10, for MC 1.20.1 with MCP 20230612.114412
[0212月2025 23:16:46.250] [modloading-worker-0/INFO] [net.minecraftforge.common.MinecraftForge/FORGE]: MinecraftForge v47.4.10 Initialized
[0212月2025 23:16:46.392] [modloading-worker-0/INFO] [ModernUI/Core]: Created TextLayoutEngine
[0212月2025 23:16:46.393] [modloading-worker-0/INFO] [ModernUI/Core]: Initialized Modern UI text engine
[0212月2025 23:16:46.396] [modloading-worker-0/INFO] [ModernUI/Core]: Initialized Modern UI client
[0212月2025 23:16:46.396] [modloading-worker-0/INFO] [ModernUI-MC/Init]: Initialized Modern UI
[0212月2025 23:16:47.527] [Render thread/INFO] [Moonlight/]: Initialized block sets in 4ms
[0212月2025 23:16:47.670] [Render thread/WARN] [net.minecraft.network.syncher.SynchedEntityData/]: defineId called for: class net.mcreator.borninchaosv.entity.BabySpiderEntity from class net.mcreator.borninchaosv.entity.MotherSpiderEntity
[0212月2025 23:16:48.064] [Render thread/INFO] [ModernUI/UIManager]: UI manager initialized
[0212月2025 23:16:48.098] [Render thread/INFO] [net.minecraftforge.gametest.ForgeGameTestHooks/]: Enabled Gametest Namespaces: [gameplay_sculptor]
[0212月2025 23:16:48.336] [Render thread/INFO] [ModernUI/TextLayout]: Preloaded modern text shaders
[0212月2025 23:16:48.355] [UI thread/INFO] [ModernUI/UIManager]: UI thread initialized in 294ms
[0212月2025 23:16:48.359] [Render thread/INFO] [net.minecraft.server.packs.resources.ReloadableResourceManager/]: Reloading ResourceManager: vanilla, mod_resources, Moonlight Mods Dynamic Assets
[0212月2025 23:16:48.369] [Render thread/INFO] [Moonlight/]: Generated runtime CLIENT_RESOURCES for pack Moonlight Mods Dynamic Assets (moonlight) in: 1 ms (debug resource dump on)
[0212月2025 23:16:48.428] [Finalizer/WARN] [ModernFix/]: One or more BufferBuilders have been leaked, ModernFix will attempt to correct this.
[0212月2025 23:16:48.546] [Worker-ResourceReload-13/INFO] [ModernUI/Glyph]: Scanned emoji shortcodes: 6923
[0212月2025 23:16:48.576] [Worker-ResourceReload-4/INFO] [ModernUI/Glyph]: Scanned emoji map size: 3581
[0212月2025 23:16:48.609] [Worker-ResourceReload-0/INFO] [STDERR/]: [software.bernie.geckolib.core.molang.MolangParser:parseSymbolsMolang:258]: java.lang.Exception: Given object couldn't be converted to value! -
[0212月2025 23:16:48.610] [Worker-ResourceReload-0/INFO] [STDERR/]: [software.bernie.geckolib.core.molang.MolangParser:parseSymbolsMolang:258]: 	at TRANSFORMER/mclib@20/com.eliotlash.mclib.math.MathBuilder.valueFromObject(MathBuilder.java:488)
[0212月2025 23:16:48.611] [Worker-ResourceReload-0/INFO] [STDERR/]: [software.bernie.geckolib.core.molang.MolangParser:parseSymbolsMolang:258]: 	at TRANSFORMER/mclib@20/com.eliotlash.mclib.math.MathBuilder.parseSymbols(MathBuilder.java:257)
[0212月2025 23:16:48.612] [Worker-ResourceReload-0/INFO] [STDERR/]: [software.bernie.geckolib.core.molang.MolangParser:parseSymbolsMolang:258]: 	at TRANSFORMER/geckolib@4.8.2/software.bernie.geckolib.core.molang.MolangParser.parseSymbolsMolang(MolangParser.java:255)
[0212月2025 23:16:48.612] [Worker-ResourceReload-0/INFO] [STDERR/]: [software.bernie.geckolib.core.molang.MolangParser:parseSymbolsMolang:258]: 	at TRANSFORMER/geckolib@4.8.2/software.bernie.geckolib.core.molang.MolangParser.parseOneLine(MolangParser.java:243)
[0212月2025 23:16:48.613] [Worker-ResourceReload-0/INFO] [STDERR/]: [software.bernie.geckolib.core.molang.MolangParser:parseSymbolsMolang:258]: 	at TRANSFORMER/geckolib@4.8.2/software.bernie.geckolib.core.molang.MolangParser.parseExpression(MolangParser.java:198)
[0212月2025 23:16:48.614] [Worker-ResourceReload-0/INFO] [STDERR/]: [software.bernie.geckolib.core.molang.MolangParser:parseSymbolsMolang:258]: 	at TRANSFORMER/geckolib@4.8.2/software.bernie.geckolib.core.molang.MolangParser.parseJson(MolangParser.java:180)
[0212月2025 23:16:48.614] [Worker-ResourceReload-0/INFO] [STDERR/]: [software.bernie.geckolib.core.molang.MolangParser:parseSymbolsMolang:258]: 	at TRANSFORMER/geckolib@4.8.2/software.bernie.geckolib.loading.json.typeadapter.BakedAnimationsAdapter.buildKeyframeStack(BakedAnimationsAdapter.java:198)
[0212月2025 23:16:48.614] [Worker-ResourceReload-0/INFO] [STDERR/]: [software.bernie.geckolib.core.molang.MolangParser:parseSymbolsMolang:258]: 	at TRANSFORMER/geckolib@4.8.2/software.bernie.geckolib.loading.json.typeadapter.BakedAnimationsAdapter.bakeBoneAnimations(BakedAnimationsAdapter.java:72)
[0212月2025 23:16:48.615] [Worker-ResourceReload-0/INFO] [STDERR/]: [software.bernie.geckolib.core.molang.MolangParser:parseSymbolsMolang:258]: 	at TRANSFORMER/geckolib@4.8.2/software.bernie.geckolib.loading.json.typeadapter.BakedAnimationsAdapter.bakeAnimation(BakedAnimationsAdapter.java:53)
[0212月2025 23:16:48.615] [Worker-ResourceReload-0/INFO] [STDERR/]: [software.bernie.geckolib.core.molang.MolangParser:parseSymbolsMolang:258]: 	at TRANSFORMER/geckolib@4.8.2/software.bernie.geckolib.loading.json.typeadapter.BakedAnimationsAdapter.deserialize(BakedAnimationsAdapter.java:39)
[0212月2025 23:16:48.615] [Worker-ResourceReload-0/INFO] [STDERR/]: [software.bernie.geckolib.core.molang.MolangParser:parseSymbolsMolang:258]: 	at TRANSFORMER/geckolib@4.8.2/software.bernie.geckolib.loading.json.typeadapter.BakedAnimationsAdapter.deserialize(BakedAnimationsAdapter.java:31)
[0212月2025 23:16:48.616] [Worker-ResourceReload-0/INFO] [STDERR/]: [software.bernie.geckolib.core.molang.MolangParser:parseSymbolsMolang:258]: 	at MC-BOOTSTRAP/com.google.gson@2.10/com.google.gson.internal.bind.TreeTypeAdapter.read(TreeTypeAdapter.java:76)
[0212月2025 23:16:48.616] [Worker-ResourceReload-0/INFO] [STDERR/]: [software.bernie.geckolib.core.molang.MolangParser:parseSymbolsMolang:258]: 	at MC-BOOTSTRAP/com.google.gson@2.10/com.google.gson.Gson.fromJson(Gson.java:1214)
[0212月2025 23:16:48.616] [Worker-ResourceReload-0/INFO] [STDERR/]: [software.bernie.geckolib.core.molang.MolangParser:parseSymbolsMolang:258]: 	at MC-BOOTSTRAP/com.google.gson@2.10/com.google.gson.Gson.fromJson(Gson.java:1319)
[0212月2025 23:16:48.617] [Worker-ResourceReload-0/INFO] [STDERR/]: [software.bernie.geckolib.core.molang.MolangParser:parseSymbolsMolang:258]: 	at MC-BOOTSTRAP/com.google.gson@2.10/com.google.gson.Gson.fromJson(Gson.java:1261)
[0212月2025 23:16:48.617] [Worker-ResourceReload-0/INFO] [STDERR/]: [software.bernie.geckolib.core.molang.MolangParser:parseSymbolsMolang:258]: 	at TRANSFORMER/geckolib@4.8.2/software.bernie.geckolib.loading.FileLoader.loadAnimationsFile(FileLoader.java:28)
[0212月2025 23:16:48.618] [Worker-ResourceReload-0/INFO] [STDERR/]: [software.bernie.geckolib.core.molang.MolangParser:parseSymbolsMolang:258]: 	at TRANSFORMER/geckolib@4.8.2/software.bernie.geckolib.cache.GeckoLibCache.lambda$loadAnimations$1(GeckoLibCache.java:90)
[0212月2025 23:16:48.618] [Worker-ResourceReload-0/INFO] [STDERR/]: [software.bernie.geckolib.core.molang.MolangParser:parseSymbolsMolang:258]: 	at TRANSFORMER/geckolib@4.8.2/software.bernie.geckolib.cache.GeckoLibCache.lambda$loadResources$5(GeckoLibCache.java:132)
[0212月2025 23:16:48.618] [Worker-ResourceReload-0/INFO] [STDERR/]: [software.bernie.geckolib.core.molang.MolangParser:parseSymbolsMolang:258]: 	at java.base/java.util.concurrent.CompletableFuture$AsyncSupply.run(CompletableFuture.java:1768)
[0212月2025 23:16:48.619] [Worker-ResourceReload-0/INFO] [STDERR/]: [software.bernie.geckolib.core.molang.MolangParser:parseSymbolsMolang:258]: 	at java.base/java.util.concurrent.CompletableFuture$AsyncSupply.exec(CompletableFuture.java:1760)
[0212月2025 23:16:48.619] [Worker-ResourceReload-0/INFO] [STDERR/]: [software.bernie.geckolib.core.molang.MolangParser:parseSymbolsMolang:258]: 	at java.base/java.util.concurrent.ForkJoinTask.doExec(ForkJoinTask.java:373)
[0212月2025 23:16:48.619] [Worker-ResourceReload-0/INFO] [STDERR/]: [software.bernie.geckolib.core.molang.MolangParser:parseSymbolsMolang:258]: 	at java.base/java.util.concurrent.ForkJoinPool$WorkQueue.topLevelExec(ForkJoinPool.java:1193)
[0212月2025 23:16:48.620] [Worker-ResourceReload-0/INFO] [STDERR/]: [software.bernie.geckolib.core.molang.MolangParser:parseSymbolsMolang:258]: 	at java.base/java.util.concurrent.ForkJoinPool.scan(ForkJoinPool.java:1666)
[0212月2025 23:16:48.620] [Worker-ResourceReload-0/INFO] [STDERR/]: [software.bernie.geckolib.core.molang.MolangParser:parseSymbolsMolang:258]: 	at java.base/java.util.concurrent.ForkJoinPool.runWorker(ForkJoinPool.java:1633)
[0212月2025 23:16:48.620] [Worker-ResourceReload-0/INFO] [STDERR/]: [software.bernie.geckolib.core.molang.MolangParser:parseSymbolsMolang:258]: 	at java.base/java.util.concurrent.ForkJoinWorkerThread.run(ForkJoinWorkerThread.java:165)
[0212月2025 23:16:48.622] [Worker-ResourceReload-0/ERROR] [software.bernie.geckolib.GeckoLib/]: Unable to parse animation: idle
[0212月2025 23:16:48.622] [Worker-ResourceReload-0/INFO] [STDERR/]: [software.bernie.geckolib.loading.json.typeadapter.BakedAnimationsAdapter:deserialize:43]: software.bernie.geckolib.core.molang.MolangException: Couldn't parse '-' expression!
[0212月2025 23:16:48.631] [Worker-ResourceReload-0/INFO] [STDERR/]: [software.bernie.geckolib.loading.json.typeadapter.BakedAnimationsAdapter:deserialize:43]: 	at TRANSFORMER/geckolib@4.8.2/software.bernie.geckolib.core.molang.MolangParser.parseOneLine(MolangParser.java:246)
[0212月2025 23:16:48.631] [Worker-ResourceReload-0/INFO] [STDERR/]: [software.bernie.geckolib.loading.json.typeadapter.BakedAnimationsAdapter:deserialize:43]: 	at TRANSFORMER/geckolib@4.8.2/software.bernie.geckolib.core.molang.MolangParser.parseExpression(MolangParser.java:198)
[0212月2025 23:16:48.632] [Worker-ResourceReload-0/INFO] [STDERR/]: [software.bernie.geckolib.loading.json.typeadapter.BakedAnimationsAdapter:deserialize:43]: 	at TRANSFORMER/geckolib@4.8.2/software.bernie.geckolib.core.molang.MolangParser.parseJson(MolangParser.java:180)
[0212月2025 23:16:48.632] [Worker-ResourceReload-0/INFO] [STDERR/]: [software.bernie.geckolib.loading.json.typeadapter.BakedAnimationsAdapter:deserialize:43]: 	at TRANSFORMER/geckolib@4.8.2/software.bernie.geckolib.loading.json.typeadapter.BakedAnimationsAdapter.buildKeyframeStack(BakedAnimationsAdapter.java:198)
[0212月2025 23:16:48.632] [Worker-ResourceReload-0/INFO] [STDERR/]: [software.bernie.geckolib.loading.json.typeadapter.BakedAnimationsAdapter:deserialize:43]: 	at TRANSFORMER/geckolib@4.8.2/software.bernie.geckolib.loading.json.typeadapter.BakedAnimationsAdapter.bakeBoneAnimations(BakedAnimationsAdapter.java:72)
[0212月2025 23:16:48.633] [Worker-ResourceReload-0/INFO] [STDERR/]: [software.bernie.geckolib.loading.json.typeadapter.BakedAnimationsAdapter:deserialize:43]: 	at TRANSFORMER/geckolib@4.8.2/software.bernie.geckolib.loading.json.typeadapter.BakedAnimationsAdapter.bakeAnimation(BakedAnimationsAdapter.java:53)
[0212月2025 23:16:48.633] [Worker-ResourceReload-0/INFO] [STDERR/]: [software.bernie.geckolib.loading.json.typeadapter.BakedAnimationsAdapter:deserialize:43]: 	at TRANSFORMER/geckolib@4.8.2/software.bernie.geckolib.loading.json.typeadapter.BakedAnimationsAdapter.deserialize(BakedAnimationsAdapter.java:39)
[0212月2025 23:16:48.633] [Worker-ResourceReload-0/INFO] [STDERR/]: [software.bernie.geckolib.loading.json.typeadapter.BakedAnimationsAdapter:deserialize:43]: 	at TRANSFORMER/geckolib@4.8.2/software.bernie.geckolib.loading.json.typeadapter.BakedAnimationsAdapter.deserialize(BakedAnimationsAdapter.java:31)
[0212月2025 23:16:48.633] [Worker-ResourceReload-8/WARN] [net.minecraft.client.renderer.texture.SpriteContents/]: Invalid frame index on sprite born_in_chaos_v1:dimanim frame 1: 1
[0212月2025 23:16:48.633] [Worker-ResourceReload-8/WARN] [net.minecraft.client.renderer.texture.SpriteContents/]: Invalid frame index on sprite born_in_chaos_v1:dimanim frame 2: 2
[0212月2025 23:16:48.633] [Worker-ResourceReload-8/WARN] [net.minecraft.client.renderer.texture.SpriteContents/]: Invalid frame index on sprite born_in_chaos_v1:dimanim frame 3: 3
[0212月2025 23:16:48.633] [Worker-ResourceReload-8/WARN] [net.minecraft.client.renderer.texture.SpriteContents/]: Invalid frame index on sprite born_in_chaos_v1:dimanim frame 4: 4
[0212月2025 23:16:48.633] [Worker-ResourceReload-8/WARN] [net.minecraft.client.renderer.texture.SpriteContents/]: Invalid frame index on sprite born_in_chaos_v1:dimanim frame 5: 5
[0212月2025 23:16:48.633] [Worker-ResourceReload-0/INFO] [STDERR/]: [software.bernie.geckolib.loading.json.typeadapter.BakedAnimationsAdapter:deserialize:43]: 	at MC-BOOTSTRAP/com.google.gson@2.10/com.google.gson.internal.bind.TreeTypeAdapter.read(TreeTypeAdapter.java:76)
[0212月2025 23:16:48.633] [Worker-ResourceReload-8/WARN] [net.minecraft.client.renderer.texture.SpriteContents/]: Invalid frame index on sprite born_in_chaos_v1:dimanim frame 6: 6
[0212月2025 23:16:48.634] [Worker-ResourceReload-0/INFO] [STDERR/]: [software.bernie.geckolib.loading.json.typeadapter.BakedAnimationsAdapter:deserialize:43]: 	at MC-BOOTSTRAP/com.google.gson@2.10/com.google.gson.Gson.fromJson(Gson.java:1214)
[0212月2025 23:16:48.634] [Worker-ResourceReload-0/INFO] [STDERR/]: [software.bernie.geckolib.loading.json.typeadapter.BakedAnimationsAdapter:deserialize:43]: 	at MC-BOOTSTRAP/com.google.gson@2.10/com.google.gson.Gson.fromJson(Gson.java:1319)
[0212月2025 23:16:48.634] [Worker-ResourceReload-0/INFO] [STDERR/]: [software.bernie.geckolib.loading.json.typeadapter.BakedAnimationsAdapter:deserialize:43]: 	at MC-BOOTSTRAP/com.google.gson@2.10/com.google.gson.Gson.fromJson(Gson.java:1261)
[0212月2025 23:16:48.635] [Worker-ResourceReload-0/INFO] [STDERR/]: [software.bernie.geckolib.loading.json.typeadapter.BakedAnimationsAdapter:deserialize:43]: 	at TRANSFORMER/geckolib@4.8.2/software.bernie.geckolib.loading.FileLoader.loadAnimationsFile(FileLoader.java:28)
[0212月2025 23:16:48.635] [Worker-ResourceReload-0/INFO] [STDERR/]: [software.bernie.geckolib.loading.json.typeadapter.BakedAnimationsAdapter:deserialize:43]: 	at TRANSFORMER/geckolib@4.8.2/software.bernie.geckolib.cache.GeckoLibCache.lambda$loadAnimations$1(GeckoLibCache.java:90)
[0212月2025 23:16:48.635] [Worker-ResourceReload-0/INFO] [STDERR/]: [software.bernie.geckolib.loading.json.typeadapter.BakedAnimationsAdapter:deserialize:43]: 	at TRANSFORMER/geckolib@4.8.2/software.bernie.geckolib.cache.GeckoLibCache.lambda$loadResources$5(GeckoLibCache.java:132)
[0212月2025 23:16:48.635] [Worker-ResourceReload-0/INFO] [STDERR/]: [software.bernie.geckolib.loading.json.typeadapter.BakedAnimationsAdapter:deserialize:43]: 	at java.base/java.util.concurrent.CompletableFuture$AsyncSupply.run(CompletableFuture.java:1768)
[0212月2025 23:16:48.636] [Worker-ResourceReload-0/INFO] [STDERR/]: [software.bernie.geckolib.loading.json.typeadapter.BakedAnimationsAdapter:deserialize:43]: 	at java.base/java.util.concurrent.CompletableFuture$AsyncSupply.exec(CompletableFuture.java:1760)
[0212月2025 23:16:48.636] [Worker-ResourceReload-0/INFO] [STDERR/]: [software.bernie.geckolib.loading.json.typeadapter.BakedAnimationsAdapter:deserialize:43]: 	at java.base/java.util.concurrent.ForkJoinTask.doExec(ForkJoinTask.java:373)
[0212月2025 23:16:48.636] [Worker-ResourceReload-0/INFO] [STDERR/]: [software.bernie.geckolib.loading.json.typeadapter.BakedAnimationsAdapter:deserialize:43]: 	at java.base/java.util.concurrent.ForkJoinPool$WorkQueue.topLevelExec(ForkJoinPool.java:1193)
[0212月2025 23:16:48.636] [Worker-ResourceReload-0/INFO] [STDERR/]: [software.bernie.geckolib.loading.json.typeadapter.BakedAnimationsAdapter:deserialize:43]: 	at java.base/java.util.concurrent.ForkJoinPool.scan(ForkJoinPool.java:1666)
[0212月2025 23:16:48.636] [Worker-ResourceReload-0/INFO] [STDERR/]: [software.bernie.geckolib.loading.json.typeadapter.BakedAnimationsAdapter:deserialize:43]: 	at java.base/java.util.concurrent.ForkJoinPool.runWorker(ForkJoinPool.java:1633)
[0212月2025 23:16:48.636] [Worker-ResourceReload-0/INFO] [STDERR/]: [software.bernie.geckolib.loading.json.typeadapter.BakedAnimationsAdapter:deserialize:43]: 	at java.base/java.util.concurrent.ForkJoinWorkerThread.run(ForkJoinWorkerThread.java:165)
[0212月2025 23:16:48.636] [ForkJoinPool.commonPool-worker-2/INFO] [ModernUI/TextLayout]: Redirect registered font 'mui-i18n-compat' to 'modernui:mui-i18n-compat'
[0212月2025 23:16:48.636] [ForkJoinPool.commonPool-worker-1/INFO] [ModernUI/TextLayout]: Redirect registered font 'JetBrains Mono Medium' to 'modernui:jetbrains-mono-medium'
[0212月2025 23:16:48.636] [ForkJoinPool.commonPool-worker-2/INFO] [ModernUI/Core]: Registered font 'mui-i18n-compat', location 'modernui:font/muii18ncompat/muii18ncompat.ttf' in pack: 'mod_resources'
[0212月2025 23:16:48.636] [ForkJoinPool.commonPool-worker-1/INFO] [ModernUI/Core]: Registered font 'JetBrains Mono Medium', location 'modernui:font/jetbrains-mono-medium.ttf' in pack: 'mod_resources'
[0212月2025 23:16:48.641] [Worker-ResourceReload-0/INFO] [STDERR/]: [software.bernie.geckolib.core.molang.MolangParser:parseSymbolsMolang:258]: java.lang.Exception: Given object couldn't be converted to value! -
[0212月2025 23:16:48.642] [Worker-ResourceReload-0/INFO] [STDERR/]: [software.bernie.geckolib.core.molang.MolangParser:parseSymbolsMolang:258]: 	at TRANSFORMER/mclib@20/com.eliotlash.mclib.math.MathBuilder.valueFromObject(MathBuilder.java:488)
[0212月2025 23:16:48.642] [Worker-ResourceReload-0/INFO] [STDERR/]: [software.bernie.geckolib.core.molang.MolangParser:parseSymbolsMolang:258]: 	at TRANSFORMER/mclib@20/com.eliotlash.mclib.math.MathBuilder.parseSymbols(MathBuilder.java:257)
[0212月2025 23:16:48.642] [Worker-ResourceReload-0/INFO] [STDERR/]: [software.bernie.geckolib.core.molang.MolangParser:parseSymbolsMolang:258]: 	at TRANSFORMER/geckolib@4.8.2/software.bernie.geckolib.core.molang.MolangParser.parseSymbolsMolang(MolangParser.java:255)
[0212月2025 23:16:48.643] [Worker-ResourceReload-0/INFO] [STDERR/]: [software.bernie.geckolib.core.molang.MolangParser:parseSymbolsMolang:258]: 	at TRANSFORMER/geckolib@4.8.2/software.bernie.geckolib.core.molang.MolangParser.parseOneLine(MolangParser.java:243)
[0212月2025 23:16:48.643] [Worker-ResourceReload-0/INFO] [STDERR/]: [software.bernie.geckolib.core.molang.MolangParser:parseSymbolsMolang:258]: 	at TRANSFORMER/geckolib@4.8.2/software.bernie.geckolib.core.molang.MolangParser.parseExpression(MolangParser.java:198)
[0212月2025 23:16:48.643] [Worker-ResourceReload-0/INFO] [STDERR/]: [software.bernie.geckolib.core.molang.MolangParser:parseSymbolsMolang:258]: 	at TRANSFORMER/geckolib@4.8.2/software.bernie.geckolib.core.molang.MolangParser.parseJson(MolangParser.java:180)
[0212月2025 23:16:48.643] [Worker-ResourceReload-0/INFO] [STDERR/]: [software.bernie.geckolib.core.molang.MolangParser:parseSymbolsMolang:258]: 	at TRANSFORMER/geckolib@4.8.2/software.bernie.geckolib.loading.json.typeadapter.BakedAnimationsAdapter.buildKeyframeStack(BakedAnimationsAdapter.java:198)
[0212月2025 23:16:48.643] [Worker-ResourceReload-0/INFO] [STDERR/]: [software.bernie.geckolib.core.molang.MolangParser:parseSymbolsMolang:258]: 	at TRANSFORMER/geckolib@4.8.2/software.bernie.geckolib.loading.json.typeadapter.BakedAnimationsAdapter.bakeBoneAnimations(BakedAnimationsAdapter.java:72)
[0212月2025 23:16:48.644] [Worker-ResourceReload-0/INFO] [STDERR/]: [software.bernie.geckolib.core.molang.MolangParser:parseSymbolsMolang:258]: 	at TRANSFORMER/geckolib@4.8.2/software.bernie.geckolib.loading.json.typeadapter.BakedAnimationsAdapter.bakeAnimation(BakedAnimationsAdapter.java:53)
[0212月2025 23:16:48.644] [Worker-ResourceReload-0/INFO] [STDERR/]: [software.bernie.geckolib.core.molang.MolangParser:parseSymbolsMolang:258]: 	at TRANSFORMER/geckolib@4.8.2/software.bernie.geckolib.loading.json.typeadapter.BakedAnimationsAdapter.deserialize(BakedAnimationsAdapter.java:39)
[0212月2025 23:16:48.644] [Worker-ResourceReload-0/INFO] [STDERR/]: [software.bernie.geckolib.core.molang.MolangParser:parseSymbolsMolang:258]: 	at TRANSFORMER/geckolib@4.8.2/software.bernie.geckolib.loading.json.typeadapter.BakedAnimationsAdapter.deserialize(BakedAnimationsAdapter.java:31)
[0212月2025 23:16:48.644] [Worker-ResourceReload-0/INFO] [STDERR/]: [software.bernie.geckolib.core.molang.MolangParser:parseSymbolsMolang:258]: 	at MC-BOOTSTRAP/com.google.gson@2.10/com.google.gson.internal.bind.TreeTypeAdapter.read(TreeTypeAdapter.java:76)
[0212月2025 23:16:48.645] [Worker-ResourceReload-0/INFO] [STDERR/]: [software.bernie.geckolib.core.molang.MolangParser:parseSymbolsMolang:258]: 	at MC-BOOTSTRAP/com.google.gson@2.10/com.google.gson.Gson.fromJson(Gson.java:1214)
[0212月2025 23:16:48.645] [Worker-ResourceReload-0/INFO] [STDERR/]: [software.bernie.geckolib.core.molang.MolangParser:parseSymbolsMolang:258]: 	at MC-BOOTSTRAP/com.google.gson@2.10/com.google.gson.Gson.fromJson(Gson.java:1319)
[0212月2025 23:16:48.645] [Worker-ResourceReload-0/INFO] [STDERR/]: [software.bernie.geckolib.core.molang.MolangParser:parseSymbolsMolang:258]: 	at MC-BOOTSTRAP/com.google.gson@2.10/com.google.gson.Gson.fromJson(Gson.java:1261)
[0212月2025 23:16:48.645] [Worker-ResourceReload-0/INFO] [STDERR/]: [software.bernie.geckolib.core.molang.MolangParser:parseSymbolsMolang:258]: 	at TRANSFORMER/geckolib@4.8.2/software.bernie.geckolib.loading.FileLoader.loadAnimationsFile(FileLoader.java:28)
[0212月2025 23:16:48.645] [Worker-ResourceReload-0/INFO] [STDERR/]: [software.bernie.geckolib.core.molang.MolangParser:parseSymbolsMolang:258]: 	at TRANSFORMER/geckolib@4.8.2/software.bernie.geckolib.cache.GeckoLibCache.lambda$loadAnimations$1(GeckoLibCache.java:90)
[0212月2025 23:16:48.646] [Worker-ResourceReload-0/INFO] [STDERR/]: [software.bernie.geckolib.core.molang.MolangParser:parseSymbolsMolang:258]: 	at TRANSFORMER/geckolib@4.8.2/software.bernie.geckolib.cache.GeckoLibCache.lambda$loadResources$5(GeckoLibCache.java:132)
[0212月2025 23:16:48.646] [Worker-ResourceReload-0/INFO] [STDERR/]: [software.bernie.geckolib.core.molang.MolangParser:parseSymbolsMolang:258]: 	at java.base/java.util.concurrent.CompletableFuture$AsyncSupply.run(CompletableFuture.java:1768)
[0212月2025 23:16:48.647] [Worker-ResourceReload-0/INFO] [STDERR/]: [software.bernie.geckolib.core.molang.MolangParser:parseSymbolsMolang:258]: 	at java.base/java.util.concurrent.CompletableFuture$AsyncSupply.exec(CompletableFuture.java:1760)
[0212月2025 23:16:48.647] [Worker-ResourceReload-0/INFO] [STDERR/]: [software.bernie.geckolib.core.molang.MolangParser:parseSymbolsMolang:258]: 	at java.base/java.util.concurrent.ForkJoinTask.doExec(ForkJoinTask.java:373)
[0212月2025 23:16:48.647] [Worker-ResourceReload-0/INFO] [STDERR/]: [software.bernie.geckolib.core.molang.MolangParser:parseSymbolsMolang:258]: 	at java.base/java.util.concurrent.ForkJoinPool$WorkQueue.topLevelExec(ForkJoinPool.java:1193)
[0212月2025 23:16:48.648] [Worker-ResourceReload-0/INFO] [STDERR/]: [software.bernie.geckolib.core.molang.MolangParser:parseSymbolsMolang:258]: 	at java.base/java.util.concurrent.ForkJoinPool.scan(ForkJoinPool.java:1666)
[0212月2025 23:16:48.648] [Worker-ResourceReload-0/INFO] [STDERR/]: [software.bernie.geckolib.core.molang.MolangParser:parseSymbolsMolang:258]: 	at java.base/java.util.concurrent.ForkJoinPool.runWorker(ForkJoinPool.java:1633)
[0212月2025 23:16:48.648] [Worker-ResourceReload-0/INFO] [STDERR/]: [software.bernie.geckolib.core.molang.MolangParser:parseSymbolsMolang:258]: 	at java.base/java.util.concurrent.ForkJoinWorkerThread.run(ForkJoinWorkerThread.java:165)
[0212月2025 23:16:48.648] [Worker-ResourceReload-0/ERROR] [software.bernie.geckolib.GeckoLib/]: Unable to parse animation: idle
[0212月2025 23:16:48.648] [Worker-ResourceReload-7/INFO] [STDERR/]: [software.bernie.geckolib.core.molang.MolangParser:parseSymbolsMolang:258]: java.lang.Exception: Given object couldn't be converted to value! -
[0212月2025 23:16:48.649] [Worker-ResourceReload-7/INFO] [STDERR/]: [software.bernie.geckolib.core.molang.MolangParser:parseSymbolsMolang:258]: 	at TRANSFORMER/mclib@20/com.eliotlash.mclib.math.MathBuilder.valueFromObject(MathBuilder.java:488)
[0212月2025 23:16:48.649] [Worker-ResourceReload-7/INFO] [STDERR/]: [software.bernie.geckolib.core.molang.MolangParser:parseSymbolsMolang:258]: 	at TRANSFORMER/mclib@20/com.eliotlash.mclib.math.MathBuilder.parseSymbols(MathBuilder.java:257)
[0212月2025 23:16:48.649] [Worker-ResourceReload-7/INFO] [STDERR/]: [software.bernie.geckolib.core.molang.MolangParser:parseSymbolsMolang:258]: 	at TRANSFORMER/geckolib@4.8.2/software.bernie.geckolib.core.molang.MolangParser.parseSymbolsMolang(MolangParser.java:255)
[0212月2025 23:16:48.650] [Worker-ResourceReload-7/INFO] [STDERR/]: [software.bernie.geckolib.core.molang.MolangParser:parseSymbolsMolang:258]: 	at TRANSFORMER/geckolib@4.8.2/software.bernie.geckolib.core.molang.MolangParser.parseOneLine(MolangParser.java:243)
[0212月2025 23:16:48.650] [Worker-ResourceReload-7/INFO] [STDERR/]: [software.bernie.geckolib.core.molang.MolangParser:parseSymbolsMolang:258]: 	at TRANSFORMER/geckolib@4.8.2/software.bernie.geckolib.core.molang.MolangParser.parseExpression(MolangParser.java:198)
[0212月2025 23:16:48.650] [Worker-ResourceReload-7/INFO] [STDERR/]: [software.bernie.geckolib.core.molang.MolangParser:parseSymbolsMolang:258]: 	at TRANSFORMER/geckolib@4.8.2/software.bernie.geckolib.core.molang.MolangParser.parseJson(MolangParser.java:180)
[0212月2025 23:16:48.651] [Worker-ResourceReload-7/INFO] [STDERR/]: [software.bernie.geckolib.core.molang.MolangParser:parseSymbolsMolang:258]: 	at TRANSFORMER/geckolib@4.8.2/software.bernie.geckolib.loading.json.typeadapter.BakedAnimationsAdapter.buildKeyframeStack(BakedAnimationsAdapter.java:198)
[0212月2025 23:16:48.651] [Worker-ResourceReload-7/INFO] [STDERR/]: [software.bernie.geckolib.core.molang.MolangParser:parseSymbolsMolang:258]: 	at TRANSFORMER/geckolib@4.8.2/software.bernie.geckolib.loading.json.typeadapter.BakedAnimationsAdapter.bakeBoneAnimations(BakedAnimationsAdapter.java:72)
[0212月2025 23:16:48.651] [Worker-ResourceReload-7/INFO] [STDERR/]: [software.bernie.geckolib.core.molang.MolangParser:parseSymbolsMolang:258]: 	at TRANSFORMER/geckolib@4.8.2/software.bernie.geckolib.loading.json.typeadapter.BakedAnimationsAdapter.bakeAnimation(BakedAnimationsAdapter.java:53)
[0212月2025 23:16:48.652] [Worker-ResourceReload-7/INFO] [STDERR/]: [software.bernie.geckolib.core.molang.MolangParser:parseSymbolsMolang:258]: 	at TRANSFORMER/geckolib@4.8.2/software.bernie.geckolib.loading.json.typeadapter.BakedAnimationsAdapter.deserialize(BakedAnimationsAdapter.java:39)
[0212月2025 23:16:48.652] [Worker-ResourceReload-7/INFO] [STDERR/]: [software.bernie.geckolib.core.molang.MolangParser:parseSymbolsMolang:258]: 	at TRANSFORMER/geckolib@4.8.2/software.bernie.geckolib.loading.json.typeadapter.BakedAnimationsAdapter.deserialize(BakedAnimationsAdapter.java:31)
[0212月2025 23:16:48.652] [Worker-ResourceReload-7/INFO] [STDERR/]: [software.bernie.geckolib.core.molang.MolangParser:parseSymbolsMolang:258]: 	at MC-BOOTSTRAP/com.google.gson@2.10/com.google.gson.internal.bind.TreeTypeAdapter.read(TreeTypeAdapter.java:76)
[0212月2025 23:16:48.653] [Worker-ResourceReload-7/INFO] [STDERR/]: [software.bernie.geckolib.core.molang.MolangParser:parseSymbolsMolang:258]: 	at MC-BOOTSTRAP/com.google.gson@2.10/com.google.gson.Gson.fromJson(Gson.java:1214)
[0212月2025 23:16:48.653] [Worker-ResourceReload-7/INFO] [STDERR/]: [software.bernie.geckolib.core.molang.MolangParser:parseSymbolsMolang:258]: 	at MC-BOOTSTRAP/com.google.gson@2.10/com.google.gson.Gson.fromJson(Gson.java:1319)
[0212月2025 23:16:48.653] [Worker-ResourceReload-7/INFO] [STDERR/]: [software.bernie.geckolib.core.molang.MolangParser:parseSymbolsMolang:258]: 	at MC-BOOTSTRAP/com.google.gson@2.10/com.google.gson.Gson.fromJson(Gson.java:1261)
[0212月2025 23:16:48.654] [Worker-ResourceReload-7/INFO] [STDERR/]: [software.bernie.geckolib.core.molang.MolangParser:parseSymbolsMolang:258]: 	at TRANSFORMER/geckolib@4.8.2/software.bernie.geckolib.loading.FileLoader.loadAnimationsFile(FileLoader.java:28)
[0212月2025 23:16:48.654] [Worker-ResourceReload-7/INFO] [STDERR/]: [software.bernie.geckolib.core.molang.MolangParser:parseSymbolsMolang:258]: 	at TRANSFORMER/geckolib@4.8.2/software.bernie.geckolib.cache.GeckoLibCache.lambda$loadAnimations$1(GeckoLibCache.java:90)
[0212月2025 23:16:48.654] [Worker-ResourceReload-7/INFO] [STDERR/]: [software.bernie.geckolib.core.molang.MolangParser:parseSymbolsMolang:258]: 	at TRANSFORMER/geckolib@4.8.2/software.bernie.geckolib.cache.GeckoLibCache.lambda$loadResources$5(GeckoLibCache.java:132)
[0212月2025 23:16:48.654] [Worker-ResourceReload-7/INFO] [STDERR/]: [software.bernie.geckolib.core.molang.MolangParser:parseSymbolsMolang:258]: 	at java.base/java.util.concurrent.CompletableFuture$AsyncSupply.run(CompletableFuture.java:1768)
[0212月2025 23:16:48.655] [Worker-ResourceReload-7/INFO] [STDERR/]: [software.bernie.geckolib.core.molang.MolangParser:parseSymbolsMolang:258]: 	at java.base/java.util.concurrent.CompletableFuture$AsyncSupply.exec(CompletableFuture.java:1760)
[0212月2025 23:16:48.655] [Worker-ResourceReload-7/INFO] [STDERR/]: [software.bernie.geckolib.core.molang.MolangParser:parseSymbolsMolang:258]: 	at java.base/java.util.concurrent.ForkJoinTask.doExec(ForkJoinTask.java:373)
[0212月2025 23:16:48.655] [Worker-ResourceReload-7/INFO] [STDERR/]: [software.bernie.geckolib.core.molang.MolangParser:parseSymbolsMolang:258]: 	at java.base/java.util.concurrent.ForkJoinPool$WorkQueue.topLevelExec(ForkJoinPool.java:1193)
[0212月2025 23:16:48.656] [Worker-ResourceReload-7/INFO] [STDERR/]: [software.bernie.geckolib.core.molang.MolangParser:parseSymbolsMolang:258]: 	at java.base/java.util.concurrent.ForkJoinPool.scan(ForkJoinPool.java:1666)
[0212月2025 23:16:48.656] [Worker-ResourceReload-7/INFO] [STDERR/]: [software.bernie.geckolib.core.molang.MolangParser:parseSymbolsMolang:258]: 	at java.base/java.util.concurrent.ForkJoinPool.runWorker(ForkJoinPool.java:1633)
[0212月2025 23:16:48.656] [Worker-ResourceReload-7/INFO] [STDERR/]: [software.bernie.geckolib.core.molang.MolangParser:parseSymbolsMolang:258]: 	at java.base/java.util.concurrent.ForkJoinWorkerThread.run(ForkJoinWorkerThread.java:165)
[0212月2025 23:16:48.656] [Worker-ResourceReload-7/ERROR] [software.bernie.geckolib.GeckoLib/]: Unable to parse animation: idle
[0212月2025 23:16:48.657] [Worker-ResourceReload-0/INFO] [STDERR/]: [software.bernie.geckolib.loading.json.typeadapter.BakedAnimationsAdapter:deserialize:43]: software.bernie.geckolib.core.molang.MolangException: Couldn't parse '-' expression!
[0212月2025 23:16:48.657] [Worker-ResourceReload-0/INFO] [STDERR/]: [software.bernie.geckolib.loading.json.typeadapter.BakedAnimationsAdapter:deserialize:43]: 	at TRANSFORMER/geckolib@4.8.2/software.bernie.geckolib.core.molang.MolangParser.parseOneLine(MolangParser.java:246)
[0212月2025 23:16:48.658] [Worker-ResourceReload-0/INFO] [STDERR/]: [software.bernie.geckolib.loading.json.typeadapter.BakedAnimationsAdapter:deserialize:43]: 	at TRANSFORMER/geckolib@4.8.2/software.bernie.geckolib.core.molang.MolangParser.parseExpression(MolangParser.java:198)
[0212月2025 23:16:48.658] [Worker-ResourceReload-0/INFO] [STDERR/]: [software.bernie.geckolib.loading.json.typeadapter.BakedAnimationsAdapter:deserialize:43]: 	at TRANSFORMER/geckolib@4.8.2/software.bernie.geckolib.core.molang.MolangParser.parseJson(MolangParser.java:180)
[0212月2025 23:16:48.659] [Worker-ResourceReload-0/INFO] [STDERR/]: [software.bernie.geckolib.loading.json.typeadapter.BakedAnimationsAdapter:deserialize:43]: 	at TRANSFORMER/geckolib@4.8.2/software.bernie.geckolib.loading.json.typeadapter.BakedAnimationsAdapter.buildKeyframeStack(BakedAnimationsAdapter.java:198)
[0212月2025 23:16:48.659] [Worker-ResourceReload-0/INFO] [STDERR/]: [software.bernie.geckolib.loading.json.typeadapter.BakedAnimationsAdapter:deserialize:43]: 	at TRANSFORMER/geckolib@4.8.2/software.bernie.geckolib.loading.json.typeadapter.BakedAnimationsAdapter.bakeBoneAnimations(BakedAnimationsAdapter.java:72)
[0212月2025 23:16:48.659] [Worker-ResourceReload-0/INFO] [STDERR/]: [software.bernie.geckolib.loading.json.typeadapter.BakedAnimationsAdapter:deserialize:43]: 	at TRANSFORMER/geckolib@4.8.2/software.bernie.geckolib.loading.json.typeadapter.BakedAnimationsAdapter.bakeAnimation(BakedAnimationsAdapter.java:53)
[0212月2025 23:16:48.659] [Worker-ResourceReload-0/INFO] [STDERR/]: [software.bernie.geckolib.loading.json.typeadapter.BakedAnimationsAdapter:deserialize:43]: 	at TRANSFORMER/geckolib@4.8.2/software.bernie.geckolib.loading.json.typeadapter.BakedAnimationsAdapter.deserialize(BakedAnimationsAdapter.java:39)
[0212月2025 23:16:48.660] [Worker-ResourceReload-0/INFO] [STDERR/]: [software.bernie.geckolib.loading.json.typeadapter.BakedAnimationsAdapter:deserialize:43]: 	at TRANSFORMER/geckolib@4.8.2/software.bernie.geckolib.loading.json.typeadapter.BakedAnimationsAdapter.deserialize(BakedAnimationsAdapter.java:31)
[0212月2025 23:16:48.660] [Worker-ResourceReload-0/INFO] [STDERR/]: [software.bernie.geckolib.loading.json.typeadapter.BakedAnimationsAdapter:deserialize:43]: 	at MC-BOOTSTRAP/com.google.gson@2.10/com.google.gson.internal.bind.TreeTypeAdapter.read(TreeTypeAdapter.java:76)
[0212月2025 23:16:48.660] [Worker-ResourceReload-0/INFO] [STDERR/]: [software.bernie.geckolib.loading.json.typeadapter.BakedAnimationsAdapter:deserialize:43]: 	at MC-BOOTSTRAP/com.google.gson@2.10/com.google.gson.Gson.fromJson(Gson.java:1214)
[0212月2025 23:16:48.661] [Worker-ResourceReload-0/INFO] [STDERR/]: [software.bernie.geckolib.loading.json.typeadapter.BakedAnimationsAdapter:deserialize:43]: 	at MC-BOOTSTRAP/com.google.gson@2.10/com.google.gson.Gson.fromJson(Gson.java:1319)
[0212月2025 23:16:48.661] [Worker-ResourceReload-0/INFO] [STDERR/]: [software.bernie.geckolib.loading.json.typeadapter.BakedAnimationsAdapter:deserialize:43]: 	at MC-BOOTSTRAP/com.google.gson@2.10/com.google.gson.Gson.fromJson(Gson.java:1261)
[0212月2025 23:16:48.661] [Worker-ResourceReload-0/INFO] [STDERR/]: [software.bernie.geckolib.loading.json.typeadapter.BakedAnimationsAdapter:deserialize:43]: 	at TRANSFORMER/geckolib@4.8.2/software.bernie.geckolib.loading.FileLoader.loadAnimationsFile(FileLoader.java:28)
[0212月2025 23:16:48.661] [Worker-ResourceReload-0/INFO] [STDERR/]: [software.bernie.geckolib.loading.json.typeadapter.BakedAnimationsAdapter:deserialize:43]: 	at TRANSFORMER/geckolib@4.8.2/software.bernie.geckolib.cache.GeckoLibCache.lambda$loadAnimations$1(GeckoLibCache.java:90)
[0212月2025 23:16:48.662] [Worker-ResourceReload-0/INFO] [STDERR/]: [software.bernie.geckolib.loading.json.typeadapter.BakedAnimationsAdapter:deserialize:43]: 	at TRANSFORMER/geckolib@4.8.2/software.bernie.geckolib.cache.GeckoLibCache.lambda$loadResources$5(GeckoLibCache.java:132)
[0212月2025 23:16:48.662] [Worker-ResourceReload-0/INFO] [STDERR/]: [software.bernie.geckolib.loading.json.typeadapter.BakedAnimationsAdapter:deserialize:43]: 	at java.base/java.util.concurrent.CompletableFuture$AsyncSupply.run(CompletableFuture.java:1768)
[0212月2025 23:16:48.663] [Worker-ResourceReload-0/INFO] [STDERR/]: [software.bernie.geckolib.loading.json.typeadapter.BakedAnimationsAdapter:deserialize:43]: 	at java.base/java.util.concurrent.CompletableFuture$AsyncSupply.exec(CompletableFuture.java:1760)
[0212月2025 23:16:48.663] [Worker-ResourceReload-0/INFO] [STDERR/]: [software.bernie.geckolib.loading.json.typeadapter.BakedAnimationsAdapter:deserialize:43]: 	at java.base/java.util.concurrent.ForkJoinTask.doExec(ForkJoinTask.java:373)
[0212月2025 23:16:48.663] [Worker-ResourceReload-0/INFO] [STDERR/]: [software.bernie.geckolib.loading.json.typeadapter.BakedAnimationsAdapter:deserialize:43]: 	at java.base/java.util.concurrent.ForkJoinPool$WorkQueue.topLevelExec(ForkJoinPool.java:1193)
[0212月2025 23:16:48.663] [Worker-ResourceReload-0/INFO] [STDERR/]: [software.bernie.geckolib.loading.json.typeadapter.BakedAnimationsAdapter:deserialize:43]: 	at java.base/java.util.concurrent.ForkJoinPool.scan(ForkJoinPool.java:1666)
[0212月2025 23:16:48.664] [Worker-ResourceReload-0/INFO] [STDERR/]: [software.bernie.geckolib.loading.json.typeadapter.BakedAnimationsAdapter:deserialize:43]: 	at java.base/java.util.concurrent.ForkJoinPool.runWorker(ForkJoinPool.java:1633)
[0212月2025 23:16:48.664] [Worker-ResourceReload-0/INFO] [STDERR/]: [software.bernie.geckolib.loading.json.typeadapter.BakedAnimationsAdapter:deserialize:43]: 	at java.base/java.util.concurrent.ForkJoinWorkerThread.run(ForkJoinWorkerThread.java:165)
[0212月2025 23:16:48.664] [Worker-ResourceReload-7/INFO] [STDERR/]: [software.bernie.geckolib.loading.json.typeadapter.BakedAnimationsAdapter:deserialize:43]: software.bernie.geckolib.core.molang.MolangException: Couldn't parse '-' expression!
[0212月2025 23:16:48.665] [Worker-ResourceReload-7/INFO] [STDERR/]: [software.bernie.geckolib.loading.json.typeadapter.BakedAnimationsAdapter:deserialize:43]: 	at TRANSFORMER/geckolib@4.8.2/software.bernie.geckolib.core.molang.MolangParser.parseOneLine(MolangParser.java:246)
[0212月2025 23:16:48.665] [Worker-ResourceReload-7/INFO] [STDERR/]: [software.bernie.geckolib.loading.json.typeadapter.BakedAnimationsAdapter:deserialize:43]: 	at TRANSFORMER/geckolib@4.8.2/software.bernie.geckolib.core.molang.MolangParser.parseExpression(MolangParser.java:198)
[0212月2025 23:16:48.666] [Worker-ResourceReload-7/INFO] [STDERR/]: [software.bernie.geckolib.loading.json.typeadapter.BakedAnimationsAdapter:deserialize:43]: 	at TRANSFORMER/geckolib@4.8.2/software.bernie.geckolib.core.molang.MolangParser.parseJson(MolangParser.java:180)
[0212月2025 23:16:48.666] [Worker-ResourceReload-7/INFO] [STDERR/]: [software.bernie.geckolib.loading.json.typeadapter.BakedAnimationsAdapter:deserialize:43]: 	at TRANSFORMER/geckolib@4.8.2/software.bernie.geckolib.loading.json.typeadapter.BakedAnimationsAdapter.buildKeyframeStack(BakedAnimationsAdapter.java:198)
[0212月2025 23:16:48.667] [Worker-ResourceReload-7/INFO] [STDERR/]: [software.bernie.geckolib.loading.json.typeadapter.BakedAnimationsAdapter:deserialize:43]: 	at TRANSFORMER/geckolib@4.8.2/software.bernie.geckolib.loading.json.typeadapter.BakedAnimationsAdapter.bakeBoneAnimations(BakedAnimationsAdapter.java:72)
[0212月2025 23:16:48.667] [Worker-ResourceReload-7/INFO] [STDERR/]: [software.bernie.geckolib.loading.json.typeadapter.BakedAnimationsAdapter:deserialize:43]: 	at TRANSFORMER/geckolib@4.8.2/software.bernie.geckolib.loading.json.typeadapter.BakedAnimationsAdapter.bakeAnimation(BakedAnimationsAdapter.java:53)
[0212月2025 23:16:48.668] [Worker-ResourceReload-7/INFO] [STDERR/]: [software.bernie.geckolib.loading.json.typeadapter.BakedAnimationsAdapter:deserialize:43]: 	at TRANSFORMER/geckolib@4.8.2/software.bernie.geckolib.loading.json.typeadapter.BakedAnimationsAdapter.deserialize(BakedAnimationsAdapter.java:39)
[0212月2025 23:16:48.668] [Worker-ResourceReload-7/INFO] [STDERR/]: [software.bernie.geckolib.loading.json.typeadapter.BakedAnimationsAdapter:deserialize:43]: 	at TRANSFORMER/geckolib@4.8.2/software.bernie.geckolib.loading.json.typeadapter.BakedAnimationsAdapter.deserialize(BakedAnimationsAdapter.java:31)
[0212月2025 23:16:48.668] [Worker-ResourceReload-7/INFO] [STDERR/]: [software.bernie.geckolib.loading.json.typeadapter.BakedAnimationsAdapter:deserialize:43]: 	at MC-BOOTSTRAP/com.google.gson@2.10/com.google.gson.internal.bind.TreeTypeAdapter.read(TreeTypeAdapter.java:76)
[0212月2025 23:16:48.669] [Worker-ResourceReload-7/INFO] [STDERR/]: [software.bernie.geckolib.loading.json.typeadapter.BakedAnimationsAdapter:deserialize:43]: 	at MC-BOOTSTRAP/com.google.gson@2.10/com.google.gson.Gson.fromJson(Gson.java:1214)
[0212月2025 23:16:48.669] [Worker-ResourceReload-7/INFO] [STDERR/]: [software.bernie.geckolib.loading.json.typeadapter.BakedAnimationsAdapter:deserialize:43]: 	at MC-BOOTSTRAP/com.google.gson@2.10/com.google.gson.Gson.fromJson(Gson.java:1319)
[0212月2025 23:16:48.669] [Worker-ResourceReload-7/INFO] [STDERR/]: [software.bernie.geckolib.loading.json.typeadapter.BakedAnimationsAdapter:deserialize:43]: 	at MC-BOOTSTRAP/com.google.gson@2.10/com.google.gson.Gson.fromJson(Gson.java:1261)
[0212月2025 23:16:48.670] [Worker-ResourceReload-7/INFO] [STDERR/]: [software.bernie.geckolib.loading.json.typeadapter.BakedAnimationsAdapter:deserialize:43]: 	at TRANSFORMER/geckolib@4.8.2/software.bernie.geckolib.loading.FileLoader.loadAnimationsFile(FileLoader.java:28)
[0212月2025 23:16:48.670] [Worker-ResourceReload-7/INFO] [STDERR/]: [software.bernie.geckolib.loading.json.typeadapter.BakedAnimationsAdapter:deserialize:43]: 	at TRANSFORMER/geckolib@4.8.2/software.bernie.geckolib.cache.GeckoLibCache.lambda$loadAnimations$1(GeckoLibCache.java:90)
[0212月2025 23:16:48.670] [Worker-ResourceReload-7/INFO] [STDERR/]: [software.bernie.geckolib.loading.json.typeadapter.BakedAnimationsAdapter:deserialize:43]: 	at TRANSFORMER/geckolib@4.8.2/software.bernie.geckolib.cache.GeckoLibCache.lambda$loadResources$5(GeckoLibCache.java:132)
[0212月2025 23:16:48.671] [Worker-ResourceReload-7/INFO] [STDERR/]: [software.bernie.geckolib.loading.json.typeadapter.BakedAnimationsAdapter:deserialize:43]: 	at java.base/java.util.concurrent.CompletableFuture$AsyncSupply.run(CompletableFuture.java:1768)
[0212月2025 23:16:48.671] [Worker-ResourceReload-7/INFO] [STDERR/]: [software.bernie.geckolib.loading.json.typeadapter.BakedAnimationsAdapter:deserialize:43]: 	at java.base/java.util.concurrent.CompletableFuture$AsyncSupply.exec(CompletableFuture.java:1760)
[0212月2025 23:16:48.672] [Worker-ResourceReload-7/INFO] [STDERR/]: [software.bernie.geckolib.loading.json.typeadapter.BakedAnimationsAdapter:deserialize:43]: 	at java.base/java.util.concurrent.ForkJoinTask.doExec(ForkJoinTask.java:373)
[0212月2025 23:16:48.672] [Worker-ResourceReload-7/INFO] [STDERR/]: [software.bernie.geckolib.loading.json.typeadapter.BakedAnimationsAdapter:deserialize:43]: 	at java.base/java.util.concurrent.ForkJoinPool$WorkQueue.topLevelExec(ForkJoinPool.java:1193)
[0212月2025 23:16:48.673] [Worker-ResourceReload-7/INFO] [STDERR/]: [software.bernie.geckolib.loading.json.typeadapter.BakedAnimationsAdapter:deserialize:43]: 	at java.base/java.util.concurrent.ForkJoinPool.scan(ForkJoinPool.java:1666)
[0212月2025 23:16:48.673] [Worker-ResourceReload-7/INFO] [STDERR/]: [software.bernie.geckolib.loading.json.typeadapter.BakedAnimationsAdapter:deserialize:43]: 	at java.base/java.util.concurrent.ForkJoinPool.runWorker(ForkJoinPool.java:1633)
[0212月2025 23:16:48.674] [Worker-ResourceReload-7/INFO] [STDERR/]: [software.bernie.geckolib.loading.json.typeadapter.BakedAnimationsAdapter:deserialize:43]: 	at java.base/java.util.concurrent.ForkJoinWorkerThread.run(ForkJoinWorkerThread.java:165)
[0212月2025 23:16:48.683] [Worker-ResourceReload-13/INFO] [STDERR/]: [software.bernie.geckolib.core.molang.MolangParser:parseSymbolsMolang:258]: java.lang.Exception: Given object couldn't be converted to value! -
[0212月2025 23:16:48.684] [Worker-ResourceReload-13/INFO] [STDERR/]: [software.bernie.geckolib.core.molang.MolangParser:parseSymbolsMolang:258]: 	at TRANSFORMER/mclib@20/com.eliotlash.mclib.math.MathBuilder.valueFromObject(MathBuilder.java:488)
[0212月2025 23:16:48.684] [Worker-ResourceReload-13/INFO] [STDERR/]: [software.bernie.geckolib.core.molang.MolangParser:parseSymbolsMolang:258]: 	at TRANSFORMER/mclib@20/com.eliotlash.mclib.math.MathBuilder.parseSymbols(MathBuilder.java:257)
[0212月2025 23:16:48.685] [Worker-ResourceReload-13/INFO] [STDERR/]: [software.bernie.geckolib.core.molang.MolangParser:parseSymbolsMolang:258]: 	at TRANSFORMER/geckolib@4.8.2/software.bernie.geckolib.core.molang.MolangParser.parseSymbolsMolang(MolangParser.java:255)
[0212月2025 23:16:48.685] [Worker-ResourceReload-13/INFO] [STDERR/]: [software.bernie.geckolib.core.molang.MolangParser:parseSymbolsMolang:258]: 	at TRANSFORMER/geckolib@4.8.2/software.bernie.geckolib.core.molang.MolangParser.parseOneLine(MolangParser.java:243)
[0212月2025 23:16:48.686] [Worker-ResourceReload-13/INFO] [STDERR/]: [software.bernie.geckolib.core.molang.MolangParser:parseSymbolsMolang:258]: 	at TRANSFORMER/geckolib@4.8.2/software.bernie.geckolib.core.molang.MolangParser.parseExpression(MolangParser.java:198)
[0212月2025 23:16:48.686] [Worker-ResourceReload-13/INFO] [STDERR/]: [software.bernie.geckolib.core.molang.MolangParser:parseSymbolsMolang:258]: 	at TRANSFORMER/geckolib@4.8.2/software.bernie.geckolib.core.molang.MolangParser.parseJson(MolangParser.java:180)
[0212月2025 23:16:48.687] [Worker-ResourceReload-13/INFO] [STDERR/]: [software.bernie.geckolib.core.molang.MolangParser:parseSymbolsMolang:258]: 	at TRANSFORMER/geckolib@4.8.2/software.bernie.geckolib.loading.json.typeadapter.BakedAnimationsAdapter.buildKeyframeStack(BakedAnimationsAdapter.java:197)
[0212月2025 23:16:48.687] [Worker-ResourceReload-13/INFO] [STDERR/]: [software.bernie.geckolib.core.molang.MolangParser:parseSymbolsMolang:258]: 	at TRANSFORMER/geckolib@4.8.2/software.bernie.geckolib.loading.json.typeadapter.BakedAnimationsAdapter.bakeBoneAnimations(BakedAnimationsAdapter.java:72)
[0212月2025 23:16:48.688] [Worker-ResourceReload-13/INFO] [STDERR/]: [software.bernie.geckolib.core.molang.MolangParser:parseSymbolsMolang:258]: 	at TRANSFORMER/geckolib@4.8.2/software.bernie.geckolib.loading.json.typeadapter.BakedAnimationsAdapter.bakeAnimation(BakedAnimationsAdapter.java:53)
[0212月2025 23:16:48.688] [Worker-ResourceReload-13/INFO] [STDERR/]: [software.bernie.geckolib.core.molang.MolangParser:parseSymbolsMolang:258]: 	at TRANSFORMER/geckolib@4.8.2/software.bernie.geckolib.loading.json.typeadapter.BakedAnimationsAdapter.deserialize(BakedAnimationsAdapter.java:39)
[0212月2025 23:16:48.688] [Worker-ResourceReload-13/INFO] [STDERR/]: [software.bernie.geckolib.core.molang.MolangParser:parseSymbolsMolang:258]: 	at TRANSFORMER/geckolib@4.8.2/software.bernie.geckolib.loading.json.typeadapter.BakedAnimationsAdapter.deserialize(BakedAnimationsAdapter.java:31)
[0212月2025 23:16:48.689] [Worker-ResourceReload-13/INFO] [STDERR/]: [software.bernie.geckolib.core.molang.MolangParser:parseSymbolsMolang:258]: 	at MC-BOOTSTRAP/com.google.gson@2.10/com.google.gson.internal.bind.TreeTypeAdapter.read(TreeTypeAdapter.java:76)
[0212月2025 23:16:48.689] [Worker-ResourceReload-13/INFO] [STDERR/]: [software.bernie.geckolib.core.molang.MolangParser:parseSymbolsMolang:258]: 	at MC-BOOTSTRAP/com.google.gson@2.10/com.google.gson.Gson.fromJson(Gson.java:1214)
[0212月2025 23:16:48.689] [Worker-ResourceReload-13/INFO] [STDERR/]: [software.bernie.geckolib.core.molang.MolangParser:parseSymbolsMolang:258]: 	at MC-BOOTSTRAP/com.google.gson@2.10/com.google.gson.Gson.fromJson(Gson.java:1319)
[0212月2025 23:16:48.690] [Worker-ResourceReload-13/INFO] [STDERR/]: [software.bernie.geckolib.core.molang.MolangParser:parseSymbolsMolang:258]: 	at MC-BOOTSTRAP/com.google.gson@2.10/com.google.gson.Gson.fromJson(Gson.java:1261)
[0212月2025 23:16:48.690] [Worker-ResourceReload-13/INFO] [STDERR/]: [software.bernie.geckolib.core.molang.MolangParser:parseSymbolsMolang:258]: 	at TRANSFORMER/geckolib@4.8.2/software.bernie.geckolib.loading.FileLoader.loadAnimationsFile(FileLoader.java:28)
[0212月2025 23:16:48.691] [Worker-ResourceReload-13/INFO] [STDERR/]: [software.bernie.geckolib.core.molang.MolangParser:parseSymbolsMolang:258]: 	at TRANSFORMER/geckolib@4.8.2/software.bernie.geckolib.cache.GeckoLibCache.lambda$loadAnimations$1(GeckoLibCache.java:90)
[0212月2025 23:16:48.691] [Worker-ResourceReload-13/INFO] [STDERR/]: [software.bernie.geckolib.core.molang.MolangParser:parseSymbolsMolang:258]: 	at TRANSFORMER/geckolib@4.8.2/software.bernie.geckolib.cache.GeckoLibCache.lambda$loadResources$5(GeckoLibCache.java:132)
[0212月2025 23:16:48.692] [Worker-ResourceReload-13/INFO] [STDERR/]: [software.bernie.geckolib.core.molang.MolangParser:parseSymbolsMolang:258]: 	at java.base/java.util.concurrent.CompletableFuture$AsyncSupply.run(CompletableFuture.java:1768)
[0212月2025 23:16:48.692] [Worker-ResourceReload-13/INFO] [STDERR/]: [software.bernie.geckolib.core.molang.MolangParser:parseSymbolsMolang:258]: 	at java.base/java.util.concurrent.CompletableFuture$AsyncSupply.exec(CompletableFuture.java:1760)
[0212月2025 23:16:48.693] [Worker-ResourceReload-13/INFO] [STDERR/]: [software.bernie.geckolib.core.molang.MolangParser:parseSymbolsMolang:258]: 	at java.base/java.util.concurrent.ForkJoinTask.doExec(ForkJoinTask.java:373)
[0212月2025 23:16:48.694] [Worker-ResourceReload-13/INFO] [STDERR/]: [software.bernie.geckolib.core.molang.MolangParser:parseSymbolsMolang:258]: 	at java.base/java.util.concurrent.ForkJoinPool$WorkQueue.topLevelExec(ForkJoinPool.java:1193)
[0212月2025 23:16:48.695] [Worker-ResourceReload-13/INFO] [STDERR/]: [software.bernie.geckolib.core.molang.MolangParser:parseSymbolsMolang:258]: 	at java.base/java.util.concurrent.ForkJoinPool.scan(ForkJoinPool.java:1666)
[0212月2025 23:16:48.696] [Worker-ResourceReload-13/INFO] [STDERR/]: [software.bernie.geckolib.core.molang.MolangParser:parseSymbolsMolang:258]: 	at java.base/java.util.concurrent.ForkJoinPool.runWorker(ForkJoinPool.java:1633)
[0212月2025 23:16:48.697] [Worker-ResourceReload-13/INFO] [STDERR/]: [software.bernie.geckolib.core.molang.MolangParser:parseSymbolsMolang:258]: 	at java.base/java.util.concurrent.ForkJoinWorkerThread.run(ForkJoinWorkerThread.java:165)
[0212月2025 23:16:48.697] [Worker-ResourceReload-13/ERROR] [software.bernie.geckolib.GeckoLib/]: Unable to parse animation: attack
[0212月2025 23:16:48.698] [Worker-ResourceReload-13/INFO] [STDERR/]: [software.bernie.geckolib.loading.json.typeadapter.BakedAnimationsAdapter:deserialize:43]: software.bernie.geckolib.core.molang.MolangException: Couldn't parse '-' expression!
[0212月2025 23:16:48.698] [Worker-ResourceReload-13/INFO] [STDERR/]: [software.bernie.geckolib.loading.json.typeadapter.BakedAnimationsAdapter:deserialize:43]: 	at TRANSFORMER/geckolib@4.8.2/software.bernie.geckolib.core.molang.MolangParser.parseOneLine(MolangParser.java:246)
[0212月2025 23:16:48.699] [Worker-ResourceReload-13/INFO] [STDERR/]: [software.bernie.geckolib.loading.json.typeadapter.BakedAnimationsAdapter:deserialize:43]: 	at TRANSFORMER/geckolib@4.8.2/software.bernie.geckolib.core.molang.MolangParser.parseExpression(MolangParser.java:198)
[0212月2025 23:16:48.699] [Worker-ResourceReload-13/INFO] [STDERR/]: [software.bernie.geckolib.loading.json.typeadapter.BakedAnimationsAdapter:deserialize:43]: 	at TRANSFORMER/geckolib@4.8.2/software.bernie.geckolib.core.molang.MolangParser.parseJson(MolangParser.java:180)
[0212月2025 23:16:48.699] [Worker-ResourceReload-13/INFO] [STDERR/]: [software.bernie.geckolib.loading.json.typeadapter.BakedAnimationsAdapter:deserialize:43]: 	at TRANSFORMER/geckolib@4.8.2/software.bernie.geckolib.loading.json.typeadapter.BakedAnimationsAdapter.buildKeyframeStack(BakedAnimationsAdapter.java:197)
[0212月2025 23:16:48.699] [Worker-ResourceReload-13/INFO] [STDERR/]: [software.bernie.geckolib.loading.json.typeadapter.BakedAnimationsAdapter:deserialize:43]: 	at TRANSFORMER/geckolib@4.8.2/software.bernie.geckolib.loading.json.typeadapter.BakedAnimationsAdapter.bakeBoneAnimations(BakedAnimationsAdapter.java:72)
[0212月2025 23:16:48.699] [Worker-ResourceReload-13/INFO] [STDERR/]: [software.bernie.geckolib.loading.json.typeadapter.BakedAnimationsAdapter:deserialize:43]: 	at TRANSFORMER/geckolib@4.8.2/software.bernie.geckolib.loading.json.typeadapter.BakedAnimationsAdapter.bakeAnimation(BakedAnimationsAdapter.java:53)
[0212月2025 23:16:48.699] [Worker-ResourceReload-13/INFO] [STDERR/]: [software.bernie.geckolib.loading.json.typeadapter.BakedAnimationsAdapter:deserialize:43]: 	at TRANSFORMER/geckolib@4.8.2/software.bernie.geckolib.loading.json.typeadapter.BakedAnimationsAdapter.deserialize(BakedAnimationsAdapter.java:39)
[0212月2025 23:16:48.700] [Worker-ResourceReload-13/INFO] [STDERR/]: [software.bernie.geckolib.loading.json.typeadapter.BakedAnimationsAdapter:deserialize:43]: 	at TRANSFORMER/geckolib@4.8.2/software.bernie.geckolib.loading.json.typeadapter.BakedAnimationsAdapter.deserialize(BakedAnimationsAdapter.java:31)
[0212月2025 23:16:48.700] [Worker-ResourceReload-13/INFO] [STDERR/]: [software.bernie.geckolib.loading.json.typeadapter.BakedAnimationsAdapter:deserialize:43]: 	at MC-BOOTSTRAP/com.google.gson@2.10/com.google.gson.internal.bind.TreeTypeAdapter.read(TreeTypeAdapter.java:76)
[0212月2025 23:16:48.700] [Worker-ResourceReload-13/INFO] [STDERR/]: [software.bernie.geckolib.loading.json.typeadapter.BakedAnimationsAdapter:deserialize:43]: 	at MC-BOOTSTRAP/com.google.gson@2.10/com.google.gson.Gson.fromJson(Gson.java:1214)
[0212月2025 23:16:48.700] [Worker-ResourceReload-13/INFO] [STDERR/]: [software.bernie.geckolib.loading.json.typeadapter.BakedAnimationsAdapter:deserialize:43]: 	at MC-BOOTSTRAP/com.google.gson@2.10/com.google.gson.Gson.fromJson(Gson.java:1319)
[0212月2025 23:16:48.700] [Worker-ResourceReload-13/INFO] [STDERR/]: [software.bernie.geckolib.loading.json.typeadapter.BakedAnimationsAdapter:deserialize:43]: 	at MC-BOOTSTRAP/com.google.gson@2.10/com.google.gson.Gson.fromJson(Gson.java:1261)
[0212月2025 23:16:48.700] [Worker-ResourceReload-13/INFO] [STDERR/]: [software.bernie.geckolib.loading.json.typeadapter.BakedAnimationsAdapter:deserialize:43]: 	at TRANSFORMER/geckolib@4.8.2/software.bernie.geckolib.loading.FileLoader.loadAnimationsFile(FileLoader.java:28)
[0212月2025 23:16:48.700] [Worker-ResourceReload-13/INFO] [STDERR/]: [software.bernie.geckolib.loading.json.typeadapter.BakedAnimationsAdapter:deserialize:43]: 	at TRANSFORMER/geckolib@4.8.2/software.bernie.geckolib.cache.GeckoLibCache.lambda$loadAnimations$1(GeckoLibCache.java:90)
[0212月2025 23:16:48.701] [Worker-ResourceReload-13/INFO] [STDERR/]: [software.bernie.geckolib.loading.json.typeadapter.BakedAnimationsAdapter:deserialize:43]: 	at TRANSFORMER/geckolib@4.8.2/software.bernie.geckolib.cache.GeckoLibCache.lambda$loadResources$5(GeckoLibCache.java:132)
[0212月2025 23:16:48.701] [Worker-ResourceReload-13/INFO] [STDERR/]: [software.bernie.geckolib.loading.json.typeadapter.BakedAnimationsAdapter:deserialize:43]: 	at java.base/java.util.concurrent.CompletableFuture$AsyncSupply.run(CompletableFuture.java:1768)
[0212月2025 23:16:48.701] [Worker-ResourceReload-13/INFO] [STDERR/]: [software.bernie.geckolib.loading.json.typeadapter.BakedAnimationsAdapter:deserialize:43]: 	at java.base/java.util.concurrent.CompletableFuture$AsyncSupply.exec(CompletableFuture.java:1760)
[0212月2025 23:16:48.701] [Worker-ResourceReload-13/INFO] [STDERR/]: [software.bernie.geckolib.loading.json.typeadapter.BakedAnimationsAdapter:deserialize:43]: 	at java.base/java.util.concurrent.ForkJoinTask.doExec(ForkJoinTask.java:373)
[0212月2025 23:16:48.701] [Worker-ResourceReload-13/INFO] [STDERR/]: [software.bernie.geckolib.loading.json.typeadapter.BakedAnimationsAdapter:deserialize:43]: 	at java.base/java.util.concurrent.ForkJoinPool$WorkQueue.topLevelExec(ForkJoinPool.java:1193)
[0212月2025 23:16:48.702] [Worker-ResourceReload-13/INFO] [STDERR/]: [software.bernie.geckolib.loading.json.typeadapter.BakedAnimationsAdapter:deserialize:43]: 	at java.base/java.util.concurrent.ForkJoinPool.scan(ForkJoinPool.java:1666)
[0212月2025 23:16:48.702] [Worker-ResourceReload-13/INFO] [STDERR/]: [software.bernie.geckolib.loading.json.typeadapter.BakedAnimationsAdapter:deserialize:43]: 	at java.base/java.util.concurrent.ForkJoinPool.runWorker(ForkJoinPool.java:1633)
[0212月2025 23:16:48.702] [Worker-ResourceReload-13/INFO] [STDERR/]: [software.bernie.geckolib.loading.json.typeadapter.BakedAnimationsAdapter:deserialize:43]: 	at java.base/java.util.concurrent.ForkJoinWorkerThread.run(ForkJoinWorkerThread.java:165)
[0212月2025 23:16:48.715] [ForkJoinPool.commonPool-worker-3/INFO] [ModernUI/TextLayout]: Redirect registered font 'Source Han Sans CN Medium' to 'modernui:source-han-sans-cn-medium'
[0212月2025 23:16:48.715] [ForkJoinPool.commonPool-worker-3/INFO] [ModernUI/Core]: Registered font 'Source Han Sans CN Medium', location 'modernui:font/source-han-sans-cn-medium.otf' in pack: 'mod_resources'
[0212月2025 23:16:48.734] [Worker-ResourceReload-14/INFO] [ModernUI/TextLayout]: Loaded raw font 'minecraft:alt' in pack: 'vanilla'
[0212月2025 23:16:48.735] [Worker-ResourceReload-14/INFO] [ModernUI/TextLayout]: Loaded raw font bundle: 'minecraft:font/alt.json', font set: [minecraft:include/space,minecraft:font/ascii_sga.png]
[0212月2025 23:16:48.735] [Worker-ResourceReload-14/INFO] [ModernUI/TextLayout]: Loaded raw font 'minecraft:default' in pack: 'vanilla'
[0212月2025 23:16:48.735] [Worker-ResourceReload-14/INFO] [ModernUI/TextLayout]: Loaded raw font bundle: 'minecraft:font/default.json', font set: [minecraft:include/space,minecraft:include/default]
[0212月2025 23:16:48.737] [Worker-ResourceReload-14/INFO] [ModernUI/TextLayout]: Loaded raw font 'minecraft:illageralt' in pack: 'vanilla'
[0212月2025 23:16:48.737] [Worker-ResourceReload-14/INFO] [ModernUI/TextLayout]: Loaded raw font bundle: 'minecraft:font/illageralt.json', font set: [minecraft:include/space,minecraft:font/asciillager.png]
[0212月2025 23:16:48.744] [modloading-worker-0/INFO] [ModernUI/Core]: Font 'Noto Sans' failed to load or invalid
[0212月2025 23:16:48.746] [Worker-ResourceReload-14/INFO] [ModernUI/TextLayout]: Loaded raw font 'minecraft:include/default' in pack: 'vanilla'
[0212月2025 23:16:48.746] [Worker-ResourceReload-14/INFO] [ModernUI/TextLayout]: Loaded raw font bundle: 'minecraft:font/include/default.json', font set: [minecraft:font/nonlatin_european.png,minecraft:font/accented.png,minecraft:font/ascii.png]
[0212月2025 23:16:48.762] [Worker-ResourceReload-12/ERROR] [net.minecraft.client.resources.model.ModelManager/]: Failed to load model born_in_chaos_v1:models/custom/icysweetness.json
net.minecraft.ResourceLocationException: Non [a-z0-9/._-] character in path of location: minecraft:Icysweetness
	at net.minecraft.resources.ResourceLocation.assertValidPath(ResourceLocation.java:242) ~[forge-1.20.1-47.4.10_mapped_official_1.20.1-recomp.jar%23191!/:?]
	at net.minecraft.resources.ResourceLocation.<init>(ResourceLocation.java:40) ~[forge-1.20.1-47.4.10_mapped_official_1.20.1-recomp.jar%23191!/:?]
	at net.minecraft.resources.ResourceLocation.<init>(ResourceLocation.java:44) ~[forge-1.20.1-47.4.10_mapped_official_1.20.1-recomp.jar%23191!/:?]
	at net.minecraft.resources.ResourceLocation.<init>(ResourceLocation.java:50) ~[forge-1.20.1-47.4.10_mapped_official_1.20.1-recomp.jar%23191!/:?]
	at net.minecraft.client.renderer.block.model.BlockModel$Deserializer.deserialize(BlockModel.java:321) ~[forge-1.20.1-47.4.10_mapped_official_1.20.1-recomp.jar%23191!/:?]
	at net.minecraftforge.client.model.ExtendedBlockModelDeserializer.deserialize(ExtendedBlockModelDeserializer.java:53) ~[forge-1.20.1-47.4.10_mapped_official_1.20.1-recomp.jar%23190%23197!/:?]
	at net.minecraftforge.client.model.ExtendedBlockModelDeserializer.deserialize(ExtendedBlockModelDeserializer.java:38) ~[forge-1.20.1-47.4.10_mapped_official_1.20.1-recomp.jar%23190%23197!/:?]
	at com.google.gson.internal.bind.TreeTypeAdapter.read(TreeTypeAdapter.java:76) ~[gson-2.10.jar%23130!/:?]
	at net.minecraft.util.GsonHelper.fromNullableJson(GsonHelper.java:434) ~[forge-1.20.1-47.4.10_mapped_official_1.20.1-recomp.jar%23191!/:?]
	at net.minecraft.util.GsonHelper.fromJson(GsonHelper.java:441) ~[forge-1.20.1-47.4.10_mapped_official_1.20.1-recomp.jar%23191!/:?]
	at net.minecraft.util.GsonHelper.fromJson(GsonHelper.java:493) ~[forge-1.20.1-47.4.10_mapped_official_1.20.1-recomp.jar%23191!/:?]
	at net.minecraft.client.renderer.block.model.BlockModel.fromStream(BlockModel.java:74) ~[forge-1.20.1-47.4.10_mapped_official_1.20.1-recomp.jar%23191!/:?]
	at net.minecraft.client.resources.model.ModelManager.lambda$loadBlockModels$8(ModelManager.java:110) ~[forge-1.20.1-47.4.10_mapped_official_1.20.1-recomp.jar%23191!/:?]
	at java.util.concurrent.CompletableFuture$AsyncSupply.run(CompletableFuture.java:1768) ~[?:?]
	at java.util.concurrent.CompletableFuture$AsyncSupply.exec(CompletableFuture.java:1760) ~[?:?]
	at java.util.concurrent.ForkJoinTask.doExec(ForkJoinTask.java:373) ~[?:?]
	at java.util.concurrent.ForkJoinPool$WorkQueue.topLevelExec(ForkJoinPool.java:1193) ~[?:?]
	at java.util.concurrent.ForkJoinPool.scan(ForkJoinPool.java:1666) ~[?:?]
	at java.util.concurrent.ForkJoinPool.runWorker(ForkJoinPool.java:1633) ~[?:?]
	at java.util.concurrent.ForkJoinWorkerThread.run(ForkJoinWorkerThread.java:165) ~[?:?]
[0212月2025 23:16:48.763] [Worker-ResourceReload-14/INFO] [ModernUI/TextLayout]: Loaded raw font 'minecraft:include/space' in pack: 'vanilla'
[0212月2025 23:16:48.763] [Worker-ResourceReload-14/INFO] [ModernUI/TextLayout]: Loaded raw font bundle: 'minecraft:font/include/space.json', font set: [minecraft:include/space / minecraft:space]
[0212月2025 23:16:48.765] [modloading-worker-0/INFO] [ModernUI/Core]: Font 'Segoe UI Variable' failed to load or invalid
[0212月2025 23:16:48.767] [Worker-ResourceReload-14/INFO] [ModernUI/TextLayout]: Loaded font: 'minecraft:include/space', font set: [minecraft:include/space / minecraft:space]
[0212月2025 23:16:48.768] [Worker-ResourceReload-14/INFO] [ModernUI/TextLayout]: Loaded font: 'minecraft:include/default', font set: [minecraft:font/nonlatin_european.png,minecraft:font/accented.png,minecraft:font/ascii.png]
[0212月2025 23:16:48.768] [Worker-ResourceReload-14/INFO] [ModernUI/TextLayout]: Loaded font: 'minecraft:default', font set: [minecraft:include/space / minecraft:space,minecraft:font/nonlatin_european.png,minecraft:font/accented.png,minecraft:font/ascii.png]
[0212月2025 23:16:48.768] [Worker-ResourceReload-14/INFO] [ModernUI/TextLayout]: Loaded font: 'minecraft:illageralt', font set: [minecraft:include/space / minecraft:space,minecraft:font/asciillager.png]
[0212月2025 23:16:48.768] [Worker-ResourceReload-14/INFO] [ModernUI/TextLayout]: Loaded font: 'minecraft:alt', font set: [minecraft:include/space / minecraft:space,minecraft:font/ascii_sga.png]
[0212月2025 23:16:48.788] [modloading-worker-0/INFO] [ModernUI/Core]: Font 'San Francisco' failed to load or invalid
[0212月2025 23:16:48.803] [modloading-worker-0/INFO] [ModernUI/Core]: Font 'Open Sans' failed to load or invalid
[0212月2025 23:16:48.822] [modloading-worker-0/INFO] [ModernUI/Core]: Font 'STHeiti' failed to load or invalid
[0212月2025 23:16:48.823] [modloading-worker-0/INFO] [ModernUI/Core]: Loaded typeface: FontCollection{mFamilies=[Source Han Sans CN Medium, Segoe UI, SimHei, Segoe UI Symbol, mui-i18n-compat], mExclusiveEastAsianBits=null}
[0212月2025 23:16:48.833] [Render thread/INFO] [ModernUI/TextLayout]: Loaded smart SDF text shaders
[0212月2025 23:16:48.836] [Render thread/INFO] [ModernUI/TextLayout]: Reloaded text layout engine, res level: 2 to 2, locale: zh_CN, layout RTL: false
[0212月2025 23:16:48.840] [modloading-worker-0/WARN] [net.minecraftforge.common.ForgeConfigSpec/CORE]: Configuration file E:\yuanchu\Gameplay Sculptor\gameplay_sculptor\run\config\gameplay_sculptor-common.toml is not correct. Correcting
[0212月2025 23:16:48.842] [modloading-worker-0/WARN] [net.minecraftforge.common.ForgeConfigSpec/CORE]: Incorrect key player_count_multiplier·玩家数量倍数 was corrected from null to its default, SimpleCommentedConfig:{}. 
[0212月2025 23:16:48.842] [modloading-worker-0/WARN] [net.minecraftforge.common.ForgeConfigSpec/CORE]: Incorrect key player_count_multiplier·玩家数量倍数.enablePlayerCountMultiplier·启用玩家数量倍数 was corrected from null to its default, true. 
[0212月2025 23:16:48.842] [modloading-worker-0/WARN] [net.minecraftforge.common.ForgeConfigSpec/CORE]: Incorrect key player_count_multiplier·玩家数量倍数.playerCountMultiplierPercent·每个玩家增长百分比 was corrected from null to its default, 50.0. 
[0212月2025 23:16:48.852] [Worker-ResourceReload-7/INFO] [tianyi.gameplay_sculptor.Gameplay_sculptor/]: Common setup completed.
[0212月2025 23:16:48.895] [Forge Version Check/INFO] [net.minecraftforge.fml.VersionChecker/]: [moonlight] Starting version check at https://raw.githubusercontent.com/MehVahdJukaar/Moonlight/multi-loader/forge/update.json
[0212月2025 23:16:48.980] [Render thread/INFO] [Moonlight/]: Initialized color sets in 9ms
[0212月2025 23:16:48.993] [Render thread/INFO] [tianyi.gameplay_sculptor.Gameplay_sculptor/]: Loaded entity configs: 2 health, 3 attack, 3 armor settings
[0212月2025 23:16:48.994] [Worker-ResourceReload-13/WARN] [net.minecraft.client.resources.model.ModelBakery/]: Unable to load model: 'minecraft:grudbone' referenced from: born_in_chaos_v1:gnawed_bones#face=floor,facing=north,waterlogged=true: java.io.FileNotFoundException: minecraft:models/grudbone.json
[0212月2025 23:16:48.995] [Worker-ResourceReload-13/WARN] [net.minecraft.client.resources.model.ModelBakery/]: Unable to load model: 'minecraft:puddleofintoxication' referenced from: born_in_chaos_v1:puddleofintoxication#waterlogged=true: java.io.FileNotFoundException: minecraft:models/puddleofintoxication.json
[0212月2025 23:16:48.995] [Worker-ResourceReload-13/WARN] [net.minecraft.client.resources.model.ModelBakery/]: Unable to load model: 'minecraft:houndtrap' referenced from: born_in_chaos_v1:hound_trap#facing=north,waterlogged=true: java.io.FileNotFoundException: minecraft:models/houndtrap.json
[0212月2025 23:16:48.995] [Worker-ResourceReload-13/WARN] [net.minecraft.client.resources.model.ModelBakery/]: Unable to load model: 'minecraft:houndtrapserried' referenced from: born_in_chaos_v1:closed_hound_trap#facing=north,waterlogged=true: java.io.FileNotFoundException: minecraft:models/houndtrapserried.json
[0212月2025 23:16:48.995] [Worker-ResourceReload-13/WARN] [net.minecraft.client.resources.model.ModelBakery/]: Unable to load model: 'minecraft:shellspikes' referenced from: born_in_chaos_v1:spiny_shell_trap#waterlogged=true: java.io.FileNotFoundException: minecraft:models/shellspikes.json
[0212月2025 23:16:48.996] [Worker-ResourceReload-13/WARN] [net.minecraft.client.resources.model.ModelBakery/]: Unable to load model: 'minecraft:puddleofstimulation' referenced from: born_in_chaos_v1:puddleof_stimulation#waterlogged=true: java.io.FileNotFoundException: minecraft:models/puddleofstimulation.json
[0212月2025 23:16:48.996] [Worker-ResourceReload-13/WARN] [net.minecraft.client.resources.model.ModelBakery/]: Unable to load model: 'minecraft:tombstonedarktitan' referenced from: born_in_chaos_v1:tombstone_dark_titan_066#facing=north,waterlogged=true: java.io.FileNotFoundException: minecraft:models/tombstonedarktitan.json
[0212月2025 23:16:48.996] [Worker-ResourceReload-13/WARN] [net.minecraft.client.resources.model.ModelBakery/]: Unable to load model: 'minecraft:tombstonepetasi' referenced from: born_in_chaos_v1:tombstone_petasi#facing=north,waterlogged=true: java.io.FileNotFoundException: minecraft:models/tombstonepetasi.json
[0212月2025 23:16:48.996] [Worker-ResourceReload-13/WARN] [net.minecraft.client.resources.model.ModelBakery/]: Unable to load model: 'minecraft:tombstonewise' referenced from: born_in_chaos_v1:tombstone_2003wise#facing=north,waterlogged=true: java.io.FileNotFoundException: minecraft:models/tombstonewise.json
[0212月2025 23:16:48.996] [Worker-ResourceReload-13/WARN] [net.minecraft.client.resources.model.ModelBakery/]: Unable to load model: 'minecraft:tombstoneorion' referenced from: born_in_chaos_v1:tombstone_orion#facing=north,waterlogged=true: java.io.FileNotFoundException: minecraft:models/tombstoneorion.json
[0212月2025 23:16:48.996] [Worker-ResourceReload-13/WARN] [net.minecraft.client.resources.model.ModelBakery/]: Unable to load model: 'minecraft:cobwebcover' referenced from: born_in_chaos_v1:cobweb_cover#: java.io.FileNotFoundException: minecraft:models/cobwebcover.json
[0212月2025 23:16:48.996] [Worker-ResourceReload-13/WARN] [net.minecraft.client.resources.model.ModelBakery/]: Unable to load model: 'minecraft:lifestealerskull' referenced from: born_in_chaos_v1:lifestealer_skull#face=floor,facing=north,waterlogged=true: java.io.FileNotFoundException: minecraft:models/lifestealerskull.json
[0212月2025 23:16:48.996] [Worker-ResourceReload-13/WARN] [net.minecraft.client.resources.model.ModelBakery/]: Unable to load model: 'minecraft:tombstonederivas' referenced from: born_in_chaos_v1:tombstone_derivas#facing=north,waterlogged=true: java.io.FileNotFoundException: minecraft:models/tombstonederivas.json
[0212月2025 23:16:48.996] [Worker-ResourceReload-13/WARN] [net.minecraft.client.resources.model.ModelBakery/]: Unable to load model: 'minecraft:tombstonefubukibanzai' referenced from: born_in_chaos_v1:tombstone_fubuki_banzai#facing=north,waterlogged=true: java.io.FileNotFoundException: minecraft:models/tombstonefubukibanzai.json
[0212月2025 23:16:48.996] [Worker-ResourceReload-13/WARN] [net.minecraft.client.resources.model.ModelBakery/]: Unable to load model: 'minecraft:rotteninfernalpumpkin' referenced from: born_in_chaos_v1:rotten_infernal_pumpkin#facing=north,waterlogged=true: java.io.FileNotFoundException: minecraft:models/rotteninfernalpumpkin.json
[0212月2025 23:16:48.996] [Worker-ResourceReload-13/WARN] [net.minecraft.client.resources.model.ModelBakery/]: Unable to load model: 'minecraft:creepysnowmanhead' referenced from: born_in_chaos_v1:spooky_snowman_head#facing=north,waterlogged=true: java.io.FileNotFoundException: minecraft:models/creepysnowmanhead.json
[0212月2025 23:16:48.996] [Worker-ResourceReload-13/WARN] [net.minecraft.client.resources.model.ModelBakery/]: Unable to load model: 'minecraft:nutcracker' referenced from: born_in_chaos_v1:creepy_nutcracker#facing=north,waterlogged=true: java.io.FileNotFoundException: minecraft:models/nutcracker.json
[0212月2025 23:16:48.996] [Worker-ResourceReload-13/WARN] [net.minecraft.client.resources.model.ModelBakery/]: Unable to load model: 'minecraft:tombstonesomfunambulist' referenced from: born_in_chaos_v1:tombstone_somfunambulist#facing=north,waterlogged=true: java.io.FileNotFoundException: minecraft:models/tombstonesomfunambulist.json
[0212月2025 23:16:48.996] [Worker-ResourceReload-13/WARN] [net.minecraft.client.resources.model.ModelBakery/]: Unable to load model: 'minecraft:tombstonememesus' referenced from: born_in_chaos_v1:tombstone_memesus#facing=north,waterlogged=true: java.io.FileNotFoundException: minecraft:models/tombstonememesus.json
[0212月2025 23:16:48.996] [Worker-ResourceReload-13/WARN] [net.minecraft.client.resources.model.ModelBakery/]: Unable to load model: 'minecraft:tombstonetem' referenced from: born_in_chaos_v1:tombstone_tem_187#facing=north,waterlogged=true: java.io.FileNotFoundException: minecraft:models/tombstonetem.json
[0212月2025 23:16:48.996] [Worker-ResourceReload-13/WARN] [net.minecraft.client.resources.model.ModelBakery/]: Unable to load model: 'minecraft:tombstonecarrion' referenced from: born_in_chaos_v1:tombstone_carrion#facing=north,waterlogged=true: java.io.FileNotFoundException: minecraft:models/tombstonecarrion.json
[0212月2025 23:16:48.996] [Worker-ResourceReload-13/WARN] [net.minecraft.client.resources.model.ModelBakery/]: Unable to load model: 'minecraft:tombstonedling' referenced from: born_in_chaos_v1:tombstone_2_dling#facing=north,waterlogged=true: java.io.FileNotFoundException: minecraft:models/tombstonedling.json
[0212月2025 23:16:48.997] [Worker-ResourceReload-13/WARN] [net.minecraft.client.resources.model.ModelBakery/]: Unable to load model: 'minecraft:tombstoneeuthymia' referenced from: born_in_chaos_v1:tombstone_euthymia#facing=north,waterlogged=true: java.io.FileNotFoundException: minecraft:models/tombstoneeuthymia.json
[0212月2025 23:16:48.997] [Worker-ResourceReload-13/WARN] [net.minecraft.client.resources.model.ModelBakery/]: Unable to load model: 'minecraft:tombstoneferal' referenced from: born_in_chaos_v1:tombstone_feral#facing=north,waterlogged=true: java.io.FileNotFoundException: minecraft:models/tombstoneferal.json
[0212月2025 23:16:48.997] [Worker-ResourceReload-13/WARN] [net.minecraft.client.resources.model.ModelBakery/]: Unable to load model: 'minecraft:tombstonemikerory' referenced from: born_in_chaos_v1:tombstone_mike_rory#facing=north,waterlogged=true: java.io.FileNotFoundException: minecraft:models/tombstonemikerory.json
[0212月2025 23:16:48.997] [Worker-ResourceReload-13/WARN] [net.minecraft.client.resources.model.ModelBakery/]: Unable to load model: 'minecraft:tombstoned4rkdevilx' referenced from: born_in_chaos_v1:tombstone_d_4rkdevilx#facing=north,waterlogged=true: java.io.FileNotFoundException: minecraft:models/tombstoned4rkdevilx.json
[0212月2025 23:16:48.997] [Worker-ResourceReload-13/WARN] [net.minecraft.client.resources.model.ModelBakery/]: Unable to load model: 'minecraft:tombstonerotborne' referenced from: born_in_chaos_v1:tombstone_rotborne#facing=north,waterlogged=true: java.io.FileNotFoundException: minecraft:models/tombstonerotborne.json
[0212月2025 23:16:48.997] [Worker-ResourceReload-13/WARN] [net.minecraft.client.resources.model.ModelBakery/]: Unable to load model: 'minecraft:tombstonethegentlemanfrog' referenced from: born_in_chaos_v1:tombstone_the_gentleman_frog#facing=north,waterlogged=true: java.io.FileNotFoundException: minecraft:models/tombstonethegentlemanfrog.json
[0212月2025 23:16:48.997] [Worker-ResourceReload-13/WARN] [net.minecraft.client.resources.model.ModelBakery/]: Unable to load model: 'minecraft:tombstoneplug' referenced from: born_in_chaos_v1:tombstone_plug#facing=north,waterlogged=true: java.io.FileNotFoundException: minecraft:models/tombstoneplug.json
[0212月2025 23:16:48.997] [Worker-ResourceReload-13/WARN] [net.minecraft.client.resources.model.ModelBakery/]: Unable to load model: 'minecraft:tombstonenino4416' referenced from: born_in_chaos_v1:tombstone_nino_4416#facing=north,waterlogged=true: java.io.FileNotFoundException: minecraft:models/tombstonenino4416.json
[0212月2025 23:16:49.001] [Worker-ResourceReload-13/WARN] [net.minecraft.client.resources.model.ModelBakery/]: Unable to load model: 'modernui:project_builder#inventory' referenced from: modernui:project_builder#inventory: java.io.FileNotFoundException: modernui:models/item/project_builder.json
[0212月2025 23:16:49.005] [Worker-ResourceReload-13/WARN] [net.minecraft.client.resources.model.ModelBakery/]: Unable to load model: 'modernui:item/project_builder_cube' referenced from: modernui:item/project_builder_cube: java.io.FileNotFoundException: modernui:models/item/project_builder_cube.json
[0212月2025 23:16:49.006] [Worker-ResourceReload-13/WARN] [net.minecraft.client.resources.model.ModelBakery/]: Unable to load model: 'modernui:item/project_builder_main' referenced from: modernui:item/project_builder_main: java.io.FileNotFoundException: modernui:models/item/project_builder_main.json
[0212月2025 23:16:49.008] [Worker-ResourceReload-13/WARN] [net.minecraft.client.resources.model.ModelBakery/]: Unable to load model: 'minecraft:nightmarescythe' referenced from: born_in_chaos_v1:custom/nightmarescythe: java.io.FileNotFoundException: minecraft:models/nightmarescythe.json
[0212月2025 23:16:49.011] [Worker-ResourceReload-5/INFO] [tianyi.gameplay_sculptor.Gameplay_sculptor/]: HELLO FROM CLIENT SETUP
[0212月2025 23:16:49.011] [Worker-ResourceReload-5/INFO] [tianyi.gameplay_sculptor.Gameplay_sculptor/]: MINECRAFT NAME >> Dev
[0212月2025 23:16:49.012] [Placebo Patreon Trail Loader/INFO] [placebo/]: Loading patreon trails data...
[0212月2025 23:16:49.012] [Worker-ResourceReload-7/INFO] [ModernUI/Core]: Loaded modern text engine
[0212月2025 23:16:49.013] [Placebo Patreon Wing Loader/INFO] [placebo/]: Loading patreon wing data...
[0212月2025 23:16:49.014] [Worker-ResourceReload-13/WARN] [net.minecraft.client.resources.model.ModelBakery/]: Unable to load model: 'minecraft:shellmace' referenced from: born_in_chaos_v1:custom/shellmace: java.io.FileNotFoundException: minecraft:models/shellmace.json
[0212月2025 23:16:49.016] [Worker-ResourceReload-13/WARN] [net.minecraft.client.resources.model.ModelBakery/]: Unable to load model: 'minecraft:frostbittenblade' referenced from: born_in_chaos_v1:custom/frostbittenblade: java.io.FileNotFoundException: minecraft:models/frostbittenblade.json
[0212月2025 23:16:49.022] [Worker-ResourceReload-13/WARN] [net.minecraft.client.resources.model.ModelBakery/]: Unable to load model: 'minecraft:soulsaber' referenced from: born_in_chaos_v1:custom/soulsaber: java.io.FileNotFoundException: minecraft:models/soulsaber.json
[0212月2025 23:16:49.025] [Worker-ResourceReload-13/WARN] [net.minecraft.client.resources.model.ModelBakery/]: Unable to load model: 'minecraft:greatdarksword' referenced from: born_in_chaos_v1:custom/greatdarksword: java.io.FileNotFoundException: minecraft:models/greatdarksword.json
[0212月2025 23:16:49.029] [Worker-ResourceReload-13/WARN] [net.minecraft.client.resources.model.ModelBakery/]: Unable to load model: 'minecraft:skullbreaker' referenced from: born_in_chaos_v1:custom/skullbreaker: java.io.FileNotFoundException: minecraft:models/skullbreaker.json
[0212月2025 23:16:49.032] [Worker-ResourceReload-13/WARN] [net.minecraft.client.resources.model.ModelBakery/]: Unable to load model: 'minecraft:spiderbite' referenced from: born_in_chaos_v1:custom/spiderbite: java.io.FileNotFoundException: minecraft:models/spiderbite.json
[0212月2025 23:16:49.036] [Worker-ResourceReload-13/WARN] [net.minecraft.client.resources.model.ModelBakery/]: Unable to load model: 'minecraft:sweetness' referenced from: born_in_chaos_v1:custom/sweetness: java.io.FileNotFoundException: minecraft:models/sweetness.json
[0212月2025 23:16:49.036] [Worker-ResourceReload-13/WARN] [net.minecraft.client.resources.model.ModelBakery/]: Unable to load model: 'minecraft:nuthammer' referenced from: born_in_chaos_v1:custom/nuthammer: java.io.FileNotFoundException: minecraft:models/nuthammer.json
[0212月2025 23:16:49.039] [Worker-ResourceReload-13/WARN] [net.minecraft.client.resources.model.ModelBakery/]: Unable to load model: 'minecraft:pitchfork' referenced from: born_in_chaos_v1:custom/pitchfork: java.io.FileNotFoundException: minecraft:models/pitchfork.json
[0212月2025 23:16:49.042] [Worker-ResourceReload-13/WARN] [net.minecraft.client.resources.model.ModelBakery/]: Unable to load model: 'minecraft:executionersgreatax' referenced from: born_in_chaos_v1:custom/executionersgreatax: java.io.FileNotFoundException: minecraft:models/executionersgreatax.json
[0212月2025 23:16:49.097] [Render thread/INFO] [ModernUI/UIManager]: UI renderer initialized
[0212月2025 23:16:49.286] [Placebo Patreon Trail Loader/INFO] [placebo/]: Loaded 50 patreon trails.
[0212月2025 23:16:49.410] [Worker-ResourceReload-1/INFO] [Jade/]: Start loading plugin at snownee.jade.addon.vanilla.VanillaPlugin
[0212月2025 23:16:49.432] [Worker-ResourceReload-1/INFO] [Jade/]: Start loading plugin at snownee.jade.addon.universal.UniversalPlugin
[0212月2025 23:16:49.435] [Worker-ResourceReload-1/INFO] [Jade/]: Start loading plugin at snownee.jade.addon.core.CorePlugin
[0212月2025 23:16:49.436] [Worker-ResourceReload-1/INFO] [Jade/]: Dev environment detected, loading test plugin
[0212月2025 23:16:49.479] [Render thread/INFO] [Configured/]: Successfully loaded config provider: com.mrcrayfish.configured.impl.forge.ForgeConfigProvider
[0212月2025 23:16:49.479] [Render thread/INFO] [Configured/]: Successfully loaded config provider: com.mrcrayfish.configured.impl.framework.FrameworkConfigProvider
[0212月2025 23:16:49.480] [Render thread/INFO] [Configured/]: Successfully loaded config provider: com.mrcrayfish.configured.impl.jei.JeiConfigProvider
[0212月2025 23:16:49.480] [Render thread/INFO] [Configured/]: Creating config GUI factories...
[0212月2025 23:16:49.483] [Render thread/INFO] [Configured/]: Registering config factory for mod damage_number. Found 1 config(s)
[0212月2025 23:16:49.483] [Render thread/INFO] [Configured/]: Registering config factory for mod moonlight. Found 2 config(s)
[0212月2025 23:16:49.483] [Render thread/INFO] [Configured/]: Registering config factory for mod itemzoom. Found 1 config(s)
[0212月2025 23:16:49.483] [Render thread/INFO] [Configured/]: Registering config factory for mod gameplay_sculptor. Found 1 config(s)
[0212月2025 23:16:49.483] [Render thread/INFO] [Configured/]: Registering config factory for mod forge. Found 2 config(s)
[0212月2025 23:16:49.483] [Render thread/INFO] [Configured/]: Registering config factory for mod dummmmmmy. Found 2 config(s)
[0212月2025 23:16:49.483] [Render thread/INFO] [Configured/]: Registering config factory for mod curios. Found 3 config(s)
[0212月2025 23:16:49.483] [Render thread/INFO] [Configured/]: Registering config factory for mod invtweaks. Found 1 config(s)
[0212月2025 23:16:49.483] [Render thread/INFO] [Configured/]: Registering config factory for mod bhc. Found 2 config(s)
[0212月2025 23:16:49.547] [Placebo Patreon Wing Loader/INFO] [placebo/]: Loaded 43 patreon wings.
[0212月2025 23:16:49.562] [Render thread/WARN] [net.minecraft.client.sounds.SoundEngine/]: Missing sound for event: minecraft:item.goat_horn.play
[0212月2025 23:16:49.562] [Render thread/WARN] [net.minecraft.client.sounds.SoundEngine/]: Missing sound for event: minecraft:entity.goat.screaming.horn_break
[0212月2025 23:16:49.589] [Render thread/INFO] [com.mojang.blaze3d.audio.Library/]: OpenAL initialized on device OpenAL Soft on 耳机 (XIBERIA S21 MAX)
[0212月2025 23:16:49.589] [Render thread/INFO] [net.minecraft.client.sounds.SoundEngine/SOUNDS]: Sound engine started
[0212月2025 23:16:49.602] [Render thread/INFO] [ModernUI/Core]: Font 'Noto Sans' failed to load or invalid
[0212月2025 23:16:49.612] [Render thread/INFO] [ModernUI/Core]: Font 'Segoe UI Variable' failed to load or invalid
[0212月2025 23:16:49.622] [Render thread/INFO] [ModernUI/Core]: Font 'San Francisco' failed to load or invalid
[0212月2025 23:16:49.632] [Render thread/INFO] [ModernUI/Core]: Font 'Open Sans' failed to load or invalid
[0212月2025 23:16:49.649] [Render thread/INFO] [ModernUI/Core]: Font 'STHeiti' failed to load or invalid
[0212月2025 23:16:49.650] [Render thread/INFO] [ModernUI/Core]: Reloaded typeface: FontCollection{mFamilies=[Google Noto Color Emoji, Source Han Sans CN Medium, Segoe UI, SimHei, Segoe UI Symbol, mui-i18n-compat], mExclusiveEastAsianBits=null}
[0212月2025 23:16:49.650] [Render thread/INFO] [ModernUI/Glyph]: Reloaded glyph manager
[0212月2025 23:16:49.651] [Render thread/INFO] [ModernUI/TextLayout]: Reloaded text layout engine, res level: 2 to 2, locale: zh_CN, layout RTL: false
[0212月2025 23:16:49.652] [Render thread/INFO] [net.minecraft.client.renderer.texture.TextureAtlas/]: Created: 2048x1024x4 minecraft:textures/atlas/blocks.png-atlas
[0212月2025 23:16:49.658] [Render thread/INFO] [net.minecraft.client.renderer.texture.TextureAtlas/]: Created: 256x256x4 minecraft:textures/atlas/signs.png-atlas
[0212月2025 23:16:49.658] [Render thread/INFO] [net.minecraft.client.renderer.texture.TextureAtlas/]: Created: 512x512x4 minecraft:textures/atlas/banner_patterns.png-atlas
[0212月2025 23:16:49.658] [Render thread/INFO] [net.minecraft.client.renderer.texture.TextureAtlas/]: Created: 512x512x4 minecraft:textures/atlas/shield_patterns.png-atlas
[0212月2025 23:16:49.659] [Render thread/INFO] [net.minecraft.client.renderer.texture.TextureAtlas/]: Created: 1024x1024x4 minecraft:textures/atlas/armor_trims.png-atlas
[0212月2025 23:16:49.660] [Render thread/INFO] [net.minecraft.client.renderer.texture.TextureAtlas/]: Created: 256x256x4 minecraft:textures/atlas/chest.png-atlas
[0212月2025 23:16:49.660] [Render thread/INFO] [net.minecraft.client.renderer.texture.TextureAtlas/]: Created: 128x64x4 minecraft:textures/atlas/decorated_pot.png-atlas
[0212月2025 23:16:49.661] [Render thread/INFO] [net.minecraft.client.renderer.texture.TextureAtlas/]: Created: 512x256x4 minecraft:textures/atlas/beds.png-atlas
[0212月2025 23:16:49.661] [Render thread/INFO] [net.minecraft.client.renderer.texture.TextureAtlas/]: Created: 512x256x4 minecraft:textures/atlas/shulker_boxes.png-atlas
[0212月2025 23:16:49.726] [Render thread/WARN] [net.minecraft.client.renderer.ShaderInstance/]: Shader rendertype_entity_translucent_emissive could not find sampler named Sampler2 in the specified shader program.
[0212月2025 23:16:49.738] [Render thread/WARN] [net.minecraft.client.renderer.ShaderInstance/]: Shader moonlight:text_alpha_color could not find sampler named Sampler2 in the specified shader program.
[0212月2025 23:16:49.739] [Render thread/WARN] [net.minecraft.client.renderer.ShaderInstance/]: Shader moonlight:text_alpha_color could not find uniform named IViewRotMat in the specified shader program.
[0212月2025 23:16:49.739] [Render thread/WARN] [net.minecraft.client.renderer.ShaderInstance/]: Shader moonlight:text_alpha_color could not find uniform named FogStart in the specified shader program.
[0212月2025 23:16:49.739] [Render thread/WARN] [net.minecraft.client.renderer.ShaderInstance/]: Shader moonlight:text_alpha_color could not find uniform named FogEnd in the specified shader program.
[0212月2025 23:16:49.739] [Render thread/WARN] [net.minecraft.client.renderer.ShaderInstance/]: Shader moonlight:text_alpha_color could not find uniform named FogColor in the specified shader program.
[0212月2025 23:16:49.751] [Render thread/INFO] [net.minecraft.client.renderer.texture.TextureAtlas/]: Created: 512x512x0 minecraft:textures/atlas/particles.png-atlas
[0212月2025 23:16:49.753] [Render thread/INFO] [net.minecraft.client.renderer.texture.TextureAtlas/]: Created: 256x256x0 minecraft:textures/atlas/paintings.png-atlas
[0212月2025 23:16:49.753] [Render thread/INFO] [net.minecraft.client.renderer.texture.TextureAtlas/]: Created: 512x256x0 minecraft:textures/atlas/mob_effects.png-atlas
[0212月2025 23:16:49.756] [Render thread/INFO] [net.minecraft.client.renderer.texture.TextureAtlas/]: Created: 256x256x0 moonlight:textures/atlas/map_markers.png-atlas
[0212月2025 23:16:50.297] [Realms Notification Availability checker #1/INFO] [com.mojang.realmsclient.client.RealmsClient/]: Could not authorize you against Realms server: java.lang.RuntimeException: Failed to parse into SignedJWT: 0
[0212月2025 23:16:51.783] [Render thread/WARN] [ModernFix/]: Game took 14.604 seconds to start
[0212月2025 23:16:52.306] [Render thread/INFO] [ModernUI/TextLayout]: Reloaded text layout engine, res level: 2 to 4, locale: zh_CN, layout RTL: false
[0212月2025 23:16:56.171] [Render thread/INFO] [Configured/]: Started editing 'gameplay_sculptor-common.toml'
[0212月2025 23:17:00.706] [Render thread/INFO] [Configured/]: Stopped editing 'gameplay_sculptor-common.toml'
[0212月2025 23:17:02.912] [Render thread/WARN] [net.minecraftforge.common.ForgeHooks/WP]: The following mods have version differences that were not resolved:
gameplay_sculptor (version 1.0-SNAPSHOT -> 1.1)
Things may not work well.
[0212月2025 23:17:02.918] [Render thread/INFO] [net.minecraftforge.registries.GameData/REGISTRIES]: Injecting existing registry data into this CLIENT instance
[0212月2025 23:17:03.861] [Render thread/INFO] [net.minecraft.world.item.crafting.RecipeManager/]: Loaded 7 recipes
[0212月2025 23:17:03.899] [Render thread/INFO] [net.minecraft.advancements.AdvancementList/]: Loaded 1334 advancements
[0212月2025 23:17:03.901] [Render thread/INFO] [placebo/]: Registered 0 additional recipes.
[0212月2025 23:17:03.903] [Render thread/INFO] [top.theillusivec4.curios.Curios/]: Loaded 11 curio slots
[0212月2025 23:17:03.903] [Render thread/INFO] [top.theillusivec4.curios.Curios/]: Loaded 1 curio entities
[0212月2025 23:17:03.905] [Render thread/INFO] [placebo/]: Registered 0 gear_sets.
[0212月2025 23:17:03.919] [Render thread/INFO] [EMI/]: [EMI] Recipes synchronized, waiting for tags to reload EMI...
[0212月2025 23:17:03.920] [Render thread/WARN] [ModernFix/]: Initial datapack load took 934.5 ms
[0212月2025 23:17:03.920] [Forge Version Check/WARN] [net.minecraftforge.fml.VersionChecker/]: Failed to process update information
java.net.http.HttpTimeoutException: request timed out
	at jdk.internal.net.http.HttpClientImpl.send(HttpClientImpl.java:572) ~[java.net.http:?]
	at jdk.internal.net.http.HttpClientFacade.send(HttpClientFacade.java:123) ~[java.net.http:?]
	at net.minecraftforge.fml.VersionChecker$1.openUrlString(VersionChecker.java:142) ~[fmlcore-1.20.1-47.4.10.jar%23195!/:?]
	at net.minecraftforge.fml.VersionChecker$1.process(VersionChecker.java:180) ~[fmlcore-1.20.1-47.4.10.jar%23195!/:?]
	at java.lang.Iterable.forEach(Iterable.java:75) ~[?:?]
	at net.minecraftforge.fml.VersionChecker$1.run(VersionChecker.java:117) ~[fmlcore-1.20.1-47.4.10.jar%23195!/:?]
[0212月2025 23:17:03.920] [Forge Version Check/INFO] [net.minecraftforge.fml.VersionChecker/]: [configured] Starting version check at https://mrcrayfish.com/modupdatejson?id=configured
[0212月2025 23:17:03.921] [Render thread/INFO] [EMI/]: [EMI] Disconnecting from server, EMI data cleared
[0212月2025 23:17:03.922] [Thread-6/INFO] [EMI/]: [EMI] Clearing data
[0212月2025 23:17:03.981] [Server thread/INFO] [net.minecraft.client.server.IntegratedServer/]: Starting integrated minecraft server version 1.20.1
[0212月2025 23:17:03.981] [Server thread/INFO] [net.minecraft.server.MinecraftServer/]: Generating keypair
[0212月2025 23:17:04.265] [Server thread/INFO] [net.minecraft.server.MinecraftServer/]: Preparing start region for dimension minecraft:overworld
[0212月2025 23:17:04.327] [Render thread/INFO] [net.minecraft.server.level.progress.LoggerChunkProgressListener/]: 准备生成区域中：0%
[0212月2025 23:17:04.349] [Server thread/INFO] [net.minecraftforge.server.permission.PermissionAPI/]: Successfully initialized permission handler forge:default_handler
[0212月2025 23:17:04.349] [Server thread/INFO] [tianyi.gameplay_sculptor.Gameplay_sculptor/]: HELLO from server starting
[0212月2025 23:17:04.363] [Render thread/INFO] [net.minecraft.server.level.progress.LoggerChunkProgressListener/]: Time elapsed: 91 ms
[0212月2025 23:17:04.440] [Server thread/INFO] [net.minecraft.client.server.IntegratedServer/]: Changing view distance to 12, from 10
[0212月2025 23:17:04.442] [Server thread/INFO] [net.minecraft.client.server.IntegratedServer/]: Changing simulation distance to 12, from 0
[0212月2025 23:17:04.528] [Render thread/WARN] [io.netty.util.internal.SystemPropertyUtil/]: Unable to parse the boolean system property 'java.net.preferIPv6Addresses':system - using the default value: false
[0212月2025 23:17:04.954] [Netty Local Client IO #0/INFO] [net.minecraftforge.network.NetworkHooks/]: Connected to a modded server.
[0212月2025 23:17:04.967] [Netty Local Client IO #0/WARN] [mixin/]: @Inject(@At("INVOKE")) Shift.BY=5 on attributeslib.mixins.json:client.ClientPacketListenerMixin::handler$zla000$apoth_postAttrChangedEvent exceeds the maximum allowed value: 0. Increase the value of maxShiftBy to suppress this warning.
[0212月2025 23:17:05.028] [Server thread/INFO] [net.minecraft.server.players.PlayerList/]: Dev[local:E:403b1a3a] logged in with entity id 1 at (-9.699999988079071, 56.0, -0.33364356521982813)
[0212月2025 23:17:05.047] [Server thread/INFO] [ModernFix/]: Using enhanced recipe sync for player Dev
[0212月2025 23:17:05.079] [Server thread/INFO] [net.minecraft.server.MinecraftServer/]: Dev加入了游戏
[0212月2025 23:17:05.092] [Server thread/INFO] [Jade/]: Syncing config to Dev (380df991-f603-344c-a090-369bad2a924a)
[0212月2025 23:17:05.257] [Render thread/INFO] [EMI/]: [EMI] Recipes synchronized, waiting for tags to reload EMI...
[0212月2025 23:17:05.267] [Render thread/INFO] [EMI/]: [EMI] Tags synchronized, reloading EMI
[0212月2025 23:17:05.267] [Render thread/INFO] [EMI/]: [EMI] Starting Reload
[0212月2025 23:17:05.267] [Thread-15/INFO] [EMI/]: [EMI] Starting EMI reload...
[0212月2025 23:17:05.267] [Thread-15/INFO] [EMI/]: [EMI] Clearing data
[0212月2025 23:17:05.270] [Thread-15/INFO] [EMI/]: [EMI] Processing tags
[0212月2025 23:17:05.274] [Thread-15/ERROR] [EMI/]: [EMI] Untranslated tag #born_in_chaos_v1:rareloot
[0212月2025 23:17:05.274] [Thread-15/ERROR] [EMI/]: [EMI] Untranslated tag #born_in_chaos_v1:unusualloot
[0212月2025 23:17:05.274] [Thread-15/ERROR] [EMI/]: [EMI] Untranslated tag #curios:heartamulet
[0212月2025 23:17:05.274] [Thread-15/ERROR] [EMI/]: [EMI] Untranslated tag #forge:heart
[0212月2025 23:17:05.275] [Thread-15/ERROR] [EMI/]: [EMI] Untranslated tag #forge:permafrost_shard
[0212月2025 23:17:05.275] [Thread-15/ERROR] [EMI/]: [EMI] Untranslated tag #forge:wither_bones
[0212月2025 23:17:05.275] [Thread-15/ERROR] [EMI/]: [EMI] Untranslated tag #minecraft:d_dub
[0212月2025 23:17:05.275] [Thread-15/ERROR] [EMI/]: [EMI] Untranslated tag #minecraft:enchantable/mining
[0212月2025 23:17:05.275] [Thread-15/ERROR] [EMI/]: [EMI] Untranslated tag #minecraft:enchantable/weapon
[0212月2025 23:17:05.275] [Thread-15/ERROR] [EMI/]: [EMI] Untranslated tag #minecraft:logss
[0212月2025 23:17:05.275] [Thread-15/ERROR] [EMI/]: [EMI] Untranslated tag #minecraft:moseek
[0212月2025 23:17:05.275] [Thread-15/ERROR] [EMI/]: [EMI] Untranslated tag #minecraft:woodkr
[0212月2025 23:17:05.275] [Thread-15/INFO] [EMI/]: [EMI]  Tag warning can be disabled in the config, EMI docs describe how to add a translation or exclude tags.
[0212月2025 23:17:05.280] [Render thread/INFO] [Jade/]: Received config from the server: 
[0212月2025 23:17:05.281] [Render thread/INFO] [net.minecraft.advancements.AdvancementList/]: Loaded 125 advancements
[0212月2025 23:17:05.287] [Thread-15/INFO] [EMI/]: [EMI] Constructing index
[0212月2025 23:17:05.508] [Thread-15/INFO] [EMI/]: [EMI] Reloaded plugin from emi in 158ms
[0212月2025 23:17:05.508] [Thread-15/INFO] [EMI/]: [EMI] Baking index
[0212月2025 23:17:05.594] [Render thread/WARN] [ModernFix/]: Time from main menu to in-game was 1.6733273 seconds
[0212月2025 23:17:05.594] [Render thread/WARN] [ModernFix/]: Total time to load game and open world was 16.277327 seconds
[0212月2025 23:17:05.664] [Thread-15/INFO] [EMI/]: [EMI] Baked 5770 recipes in 138ms
[0212月2025 23:17:05.808] [Thread-15/INFO] [EMI/]: [EMI] Finishing up
[0212月2025 23:17:05.827] [Thread-15/INFO] [EMI/]: [EMI] Reloaded EMI in 560ms
[0212月2025 23:17:16.745] [Render thread/INFO] [invtweaks/]: net.minecraft.client.gui.screens.inventory.InventoryScreen
[0212月2025 23:17:17.703] [Server thread/INFO] [net.minecraft.client.server.IntegratedServer/]: Saving and pausing game...
[0212月2025 23:17:17.710] [Server thread/INFO] [net.minecraft.server.MinecraftServer/]: Saving chunks for level 'ServerLevel[新的世界]'/minecraft:overworld
[0212月2025 23:17:17.714] [Server thread/INFO] [net.minecraft.server.MinecraftServer/]: Saving chunks for level 'ServerLevel[新的世界]'/minecraft:the_end
[0212月2025 23:17:17.715] [Server thread/INFO] [net.minecraft.server.MinecraftServer/]: Saving chunks for level 'ServerLevel[新的世界]'/minecraft:the_nether
[0212月2025 23:17:18.920] [Forge Version Check/WARN] [net.minecraftforge.fml.VersionChecker/]: Failed to process update information
java.net.http.HttpConnectTimeoutException: HTTP connect timed out
	at jdk.internal.net.http.HttpClientImpl.send(HttpClientImpl.java:568) ~[java.net.http:?]
	at jdk.internal.net.http.HttpClientFacade.send(HttpClientFacade.java:123) ~[java.net.http:?]
	at net.minecraftforge.fml.VersionChecker$1.openUrlString(VersionChecker.java:142) ~[fmlcore-1.20.1-47.4.10.jar%23195!/:?]
	at net.minecraftforge.fml.VersionChecker$1.process(VersionChecker.java:180) ~[fmlcore-1.20.1-47.4.10.jar%23195!/:?]
	at java.lang.Iterable.forEach(Iterable.java:75) ~[?:?]
	at net.minecraftforge.fml.VersionChecker$1.run(VersionChecker.java:117) ~[fmlcore-1.20.1-47.4.10.jar%23195!/:?]
Caused by: java.net.http.HttpConnectTimeoutException: HTTP connect timed out
	at jdk.internal.net.http.MultiExchange.toTimeoutException(MultiExchange.java:580) ~[java.net.http:?]
	at jdk.internal.net.http.MultiExchange.getExceptionalCF(MultiExchange.java:527) ~[java.net.http:?]
	at jdk.internal.net.http.MultiExchange.lambda$responseAsyncImpl$7(MultiExchange.java:447) ~[java.net.http:?]
	at java.util.concurrent.CompletableFuture.uniHandle(CompletableFuture.java:934) ~[?:?]
	at java.util.concurrent.CompletableFuture$UniHandle.tryFire(CompletableFuture.java:911) ~[?:?]
	at java.util.concurrent.CompletableFuture.postComplete(CompletableFuture.java:510) ~[?:?]
	at java.util.concurrent.CompletableFuture.completeExceptionally(CompletableFuture.java:2162) ~[?:?]
	at jdk.internal.net.http.common.SSLFlowDelegate.stopOnError(SSLFlowDelegate.java:997) ~[java.net.http:?]
	at java.util.concurrent.CompletableFuture.uniExceptionally(CompletableFuture.java:990) ~[?:?]
	at java.util.concurrent.CompletableFuture$UniExceptionally.tryFire(CompletableFuture.java:974) ~[?:?]
	at java.util.concurrent.CompletableFuture.postComplete(CompletableFuture.java:510) ~[?:?]
	at java.util.concurrent.CompletableFuture.completeExceptionally(CompletableFuture.java:2162) ~[?:?]
	at jdk.internal.net.http.common.SubscriberWrapper$DownstreamPusher.run1(SubscriberWrapper.java:295) ~[java.net.http:?]
	at jdk.internal.net.http.common.SubscriberWrapper$DownstreamPusher.run(SubscriberWrapper.java:259) ~[java.net.http:?]
	at jdk.internal.net.http.common.SequentialScheduler$LockingRestartableTask.run(SequentialScheduler.java:205) ~[java.net.http:?]
	at jdk.internal.net.http.common.SequentialScheduler$CompleteRestartableTask.run(SequentialScheduler.java:149) ~[java.net.http:?]
	at jdk.internal.net.http.common.SequentialScheduler$SchedulableTask.run(SequentialScheduler.java:230) ~[java.net.http:?]
	at jdk.internal.net.http.common.SequentialScheduler.runOrSchedule(SequentialScheduler.java:303) ~[java.net.http:?]
	at jdk.internal.net.http.common.SequentialScheduler.runOrSchedule(SequentialScheduler.java:256) ~[java.net.http:?]
	at jdk.internal.net.http.common.SubscriberWrapper.errorCommon(SubscriberWrapper.java:419) ~[java.net.http:?]
	at jdk.internal.net.http.common.SSLFlowDelegate$Reader.errorCommon(SSLFlowDelegate.java:380) ~[java.net.http:?]
	at jdk.internal.net.http.common.SubscriberWrapper.onError(SubscriberWrapper.java:410) ~[java.net.http:?]
	at jdk.internal.net.http.SocketTube$InternalReadPublisher$ReadSubscription.signalCompletion(SocketTube.java:637) ~[java.net.http:?]
	at jdk.internal.net.http.SocketTube$InternalReadPublisher$InternalReadSubscription.read(SocketTube.java:821) ~[java.net.http:?]
	at jdk.internal.net.http.SocketTube$SocketFlowTask.run(SocketTube.java:181) ~[java.net.http:?]
	at jdk.internal.net.http.common.SequentialScheduler$SchedulableTask.run(SequentialScheduler.java:230) ~[java.net.http:?]
	at jdk.internal.net.http.common.SequentialScheduler.runOrSchedule(SequentialScheduler.java:303) ~[java.net.http:?]
	at jdk.internal.net.http.common.SequentialScheduler.runOrSchedule(SequentialScheduler.java:256) ~[java.net.http:?]
	at jdk.internal.net.http.SocketTube$InternalReadPublisher$InternalReadSubscription.signalError(SocketTube.java:770) ~[java.net.http:?]
	at jdk.internal.net.http.SocketTube.signalClosed(SocketTube.java:159) ~[java.net.http:?]
	at jdk.internal.net.http.PlainHttpConnection.close(PlainHttpConnection.java:372) ~[java.net.http:?]
	at jdk.internal.net.http.AsyncSSLConnection.close(AsyncSSLConnection.java:111) ~[java.net.http:?]
	at jdk.internal.net.http.Exchange$ConnectionAborter.closeConnection(Exchange.java:163) ~[java.net.http:?]
	at jdk.internal.net.http.Exchange.cancel(Exchange.java:251) ~[java.net.http:?]
	at jdk.internal.net.http.MultiExchange.cancel(MultiExchange.java:260) ~[java.net.http:?]
	at jdk.internal.net.http.ResponseTimerEvent.handle(ResponseTimerEvent.java:71) ~[java.net.http:?]
	at jdk.internal.net.http.HttpClientImpl.purgeTimeoutsAndReturnNextDeadline(HttpClientImpl.java:1275) ~[java.net.http:?]
	at jdk.internal.net.http.HttpClientImpl$SelectorManager.run(HttpClientImpl.java:904) ~[java.net.http:?]
Caused by: java.net.ConnectException: HTTP connect timed out
	at jdk.internal.net.http.MultiExchange.toTimeoutException(MultiExchange.java:581) ~[java.net.http:?]
	at jdk.internal.net.http.MultiExchange.getExceptionalCF(MultiExchange.java:527) ~[java.net.http:?]
	at jdk.internal.net.http.MultiExchange.lambda$responseAsyncImpl$7(MultiExchange.java:447) ~[java.net.http:?]
	at java.util.concurrent.CompletableFuture.uniHandle(CompletableFuture.java:934) ~[?:?]
	at java.util.concurrent.CompletableFuture$UniHandle.tryFire(CompletableFuture.java:911) ~[?:?]
	at java.util.concurrent.CompletableFuture.postComplete(CompletableFuture.java:510) ~[?:?]
	at java.util.concurrent.CompletableFuture.completeExceptionally(CompletableFuture.java:2162) ~[?:?]
	at jdk.internal.net.http.common.SSLFlowDelegate.stopOnError(SSLFlowDelegate.java:997) ~[java.net.http:?]
	at java.util.concurrent.CompletableFuture.uniExceptionally(CompletableFuture.java:990) ~[?:?]
	at java.util.concurrent.CompletableFuture$UniExceptionally.tryFire(CompletableFuture.java:974) ~[?:?]
	at java.util.concurrent.CompletableFuture.postComplete(CompletableFuture.java:510) ~[?:?]
	at java.util.concurrent.CompletableFuture.completeExceptionally(CompletableFuture.java:2162) ~[?:?]
	at jdk.internal.net.http.common.SubscriberWrapper$DownstreamPusher.run1(SubscriberWrapper.java:295) ~[java.net.http:?]
	at jdk.internal.net.http.common.SubscriberWrapper$DownstreamPusher.run(SubscriberWrapper.java:259) ~[java.net.http:?]
	at jdk.internal.net.http.common.SequentialScheduler$LockingRestartableTask.run(SequentialScheduler.java:205) ~[java.net.http:?]
	at jdk.internal.net.http.common.SequentialScheduler$CompleteRestartableTask.run(SequentialScheduler.java:149) ~[java.net.http:?]
	at jdk.internal.net.http.common.SequentialScheduler$SchedulableTask.run(SequentialScheduler.java:230) ~[java.net.http:?]
	at jdk.internal.net.http.common.SequentialScheduler.runOrSchedule(SequentialScheduler.java:303) ~[java.net.http:?]
	at jdk.internal.net.http.common.SequentialScheduler.runOrSchedule(SequentialScheduler.java:256) ~[java.net.http:?]
	at jdk.internal.net.http.common.SubscriberWrapper.errorCommon(SubscriberWrapper.java:419) ~[java.net.http:?]
	at jdk.internal.net.http.common.SSLFlowDelegate$Reader.errorCommon(SSLFlowDelegate.java:380) ~[java.net.http:?]
	at jdk.internal.net.http.common.SubscriberWrapper.onError(SubscriberWrapper.java:410) ~[java.net.http:?]
	at jdk.internal.net.http.SocketTube$InternalReadPublisher$ReadSubscription.signalCompletion(SocketTube.java:637) ~[java.net.http:?]
	at jdk.internal.net.http.SocketTube$InternalReadPublisher$InternalReadSubscription.read(SocketTube.java:821) ~[java.net.http:?]
	at jdk.internal.net.http.SocketTube$SocketFlowTask.run(SocketTube.java:181) ~[java.net.http:?]
	at jdk.internal.net.http.common.SequentialScheduler$SchedulableTask.run(SequentialScheduler.java:230) ~[java.net.http:?]
	at jdk.internal.net.http.common.SequentialScheduler.runOrSchedule(SequentialScheduler.java:303) ~[java.net.http:?]
	at jdk.internal.net.http.common.SequentialScheduler.runOrSchedule(SequentialScheduler.java:256) ~[java.net.http:?]
	at jdk.internal.net.http.SocketTube$InternalReadPublisher$InternalReadSubscription.signalError(SocketTube.java:770) ~[java.net.http:?]
	at jdk.internal.net.http.SocketTube.signalClosed(SocketTube.java:159) ~[java.net.http:?]
	at jdk.internal.net.http.PlainHttpConnection.close(PlainHttpConnection.java:372) ~[java.net.http:?]
	at jdk.internal.net.http.AsyncSSLConnection.close(AsyncSSLConnection.java:111) ~[java.net.http:?]
	at jdk.internal.net.http.Exchange$ConnectionAborter.closeConnection(Exchange.java:163) ~[java.net.http:?]
	at jdk.internal.net.http.Exchange.cancel(Exchange.java:251) ~[java.net.http:?]
	at jdk.internal.net.http.MultiExchange.cancel(MultiExchange.java:260) ~[java.net.http:?]
	at jdk.internal.net.http.ResponseTimerEvent.handle(ResponseTimerEvent.java:71) ~[java.net.http:?]
	at jdk.internal.net.http.HttpClientImpl.purgeTimeoutsAndReturnNextDeadline(HttpClientImpl.java:1275) ~[java.net.http:?]
	at jdk.internal.net.http.HttpClientImpl$SelectorManager.run(HttpClientImpl.java:904) ~[java.net.http:?]
[0212月2025 23:17:18.921] [Forge Version Check/INFO] [net.minecraftforge.fml.VersionChecker/]: [forge] Starting version check at https://files.minecraftforge.net/net/minecraftforge/forge/promotions_slim.json
[0212月2025 23:17:20.012] [Render thread/INFO] [Configured/]: Started editing 'gameplay_sculptor-common.toml'
[0212月2025 23:17:30.784] [Render thread/INFO] [Configured/]: Stopped editing 'gameplay_sculptor-common.toml'
[0212月2025 23:17:32.470] [Render thread/INFO] [invtweaks/]: net.minecraft.client.gui.screens.inventory.InventoryScreen
[0212月2025 23:17:33.921] [Forge Version Check/WARN] [net.minecraftforge.fml.VersionChecker/]: Failed to process update information
java.net.http.HttpConnectTimeoutException: HTTP connect timed out
	at jdk.internal.net.http.HttpClientImpl.send(HttpClientImpl.java:568) ~[java.net.http:?]
	at jdk.internal.net.http.HttpClientFacade.send(HttpClientFacade.java:123) ~[java.net.http:?]
	at net.minecraftforge.fml.VersionChecker$1.openUrlString(VersionChecker.java:142) ~[fmlcore-1.20.1-47.4.10.jar%23195!/:?]
	at net.minecraftforge.fml.VersionChecker$1.process(VersionChecker.java:180) ~[fmlcore-1.20.1-47.4.10.jar%23195!/:?]
	at java.lang.Iterable.forEach(Iterable.java:75) ~[?:?]
	at net.minecraftforge.fml.VersionChecker$1.run(VersionChecker.java:117) ~[fmlcore-1.20.1-47.4.10.jar%23195!/:?]
Caused by: java.net.http.HttpConnectTimeoutException: HTTP connect timed out
	at jdk.internal.net.http.MultiExchange.toTimeoutException(MultiExchange.java:580) ~[java.net.http:?]
	at jdk.internal.net.http.MultiExchange.getExceptionalCF(MultiExchange.java:527) ~[java.net.http:?]
	at jdk.internal.net.http.MultiExchange.lambda$responseAsyncImpl$7(MultiExchange.java:447) ~[java.net.http:?]
	at java.util.concurrent.CompletableFuture.uniHandle(CompletableFuture.java:934) ~[?:?]
	at java.util.concurrent.CompletableFuture$UniHandle.tryFire(CompletableFuture.java:911) ~[?:?]
	at java.util.concurrent.CompletableFuture.postComplete(CompletableFuture.java:510) ~[?:?]
	at java.util.concurrent.CompletableFuture.completeExceptionally(CompletableFuture.java:2162) ~[?:?]
	at jdk.internal.net.http.common.SSLFlowDelegate.stopOnError(SSLFlowDelegate.java:997) ~[java.net.http:?]
	at java.util.concurrent.CompletableFuture.uniExceptionally(CompletableFuture.java:990) ~[?:?]
	at java.util.concurrent.CompletableFuture$UniExceptionally.tryFire(CompletableFuture.java:974) ~[?:?]
	at java.util.concurrent.CompletableFuture.postComplete(CompletableFuture.java:510) ~[?:?]
	at java.util.concurrent.CompletableFuture.completeExceptionally(CompletableFuture.java:2162) ~[?:?]
	at jdk.internal.net.http.common.SubscriberWrapper$DownstreamPusher.run1(SubscriberWrapper.java:295) ~[java.net.http:?]
	at jdk.internal.net.http.common.SubscriberWrapper$DownstreamPusher.run(SubscriberWrapper.java:259) ~[java.net.http:?]
	at jdk.internal.net.http.common.SequentialScheduler$LockingRestartableTask.run(SequentialScheduler.java:205) ~[java.net.http:?]
	at jdk.internal.net.http.common.SequentialScheduler$CompleteRestartableTask.run(SequentialScheduler.java:149) ~[java.net.http:?]
	at jdk.internal.net.http.common.SequentialScheduler$SchedulableTask.run(SequentialScheduler.java:230) ~[java.net.http:?]
	at jdk.internal.net.http.common.SequentialScheduler.runOrSchedule(SequentialScheduler.java:303) ~[java.net.http:?]
	at jdk.internal.net.http.common.SequentialScheduler.runOrSchedule(SequentialScheduler.java:256) ~[java.net.http:?]
	at jdk.internal.net.http.common.SubscriberWrapper.errorCommon(SubscriberWrapper.java:419) ~[java.net.http:?]
	at jdk.internal.net.http.common.SSLFlowDelegate$Reader.errorCommon(SSLFlowDelegate.java:380) ~[java.net.http:?]
	at jdk.internal.net.http.common.SubscriberWrapper.onError(SubscriberWrapper.java:410) ~[java.net.http:?]
	at jdk.internal.net.http.SocketTube$InternalReadPublisher$ReadSubscription.signalCompletion(SocketTube.java:637) ~[java.net.http:?]
	at jdk.internal.net.http.SocketTube$InternalReadPublisher$InternalReadSubscription.read(SocketTube.java:821) ~[java.net.http:?]
	at jdk.internal.net.http.SocketTube$SocketFlowTask.run(SocketTube.java:181) ~[java.net.http:?]
	at jdk.internal.net.http.common.SequentialScheduler$SchedulableTask.run(SequentialScheduler.java:230) ~[java.net.http:?]
	at jdk.internal.net.http.common.SequentialScheduler.runOrSchedule(SequentialScheduler.java:303) ~[java.net.http:?]
	at jdk.internal.net.http.common.SequentialScheduler.runOrSchedule(SequentialScheduler.java:256) ~[java.net.http:?]
	at jdk.internal.net.http.SocketTube$InternalReadPublisher$InternalReadSubscription.signalError(SocketTube.java:770) ~[java.net.http:?]
	at jdk.internal.net.http.SocketTube.signalClosed(SocketTube.java:159) ~[java.net.http:?]
	at jdk.internal.net.http.PlainHttpConnection.close(PlainHttpConnection.java:372) ~[java.net.http:?]
	at jdk.internal.net.http.AsyncSSLConnection.close(AsyncSSLConnection.java:111) ~[java.net.http:?]
	at jdk.internal.net.http.Exchange$ConnectionAborter.closeConnection(Exchange.java:163) ~[java.net.http:?]
	at jdk.internal.net.http.Exchange.cancel(Exchange.java:251) ~[java.net.http:?]
	at jdk.internal.net.http.MultiExchange.cancel(MultiExchange.java:260) ~[java.net.http:?]
	at jdk.internal.net.http.ResponseTimerEvent.handle(ResponseTimerEvent.java:71) ~[java.net.http:?]
	at jdk.internal.net.http.HttpClientImpl.purgeTimeoutsAndReturnNextDeadline(HttpClientImpl.java:1275) ~[java.net.http:?]
	at jdk.internal.net.http.HttpClientImpl$SelectorManager.run(HttpClientImpl.java:904) ~[java.net.http:?]
Caused by: java.net.ConnectException: HTTP connect timed out
	at jdk.internal.net.http.MultiExchange.toTimeoutException(MultiExchange.java:581) ~[java.net.http:?]
	at jdk.internal.net.http.MultiExchange.getExceptionalCF(MultiExchange.java:527) ~[java.net.http:?]
	at jdk.internal.net.http.MultiExchange.lambda$responseAsyncImpl$7(MultiExchange.java:447) ~[java.net.http:?]
	at java.util.concurrent.CompletableFuture.uniHandle(CompletableFuture.java:934) ~[?:?]
	at java.util.concurrent.CompletableFuture$UniHandle.tryFire(CompletableFuture.java:911) ~[?:?]
	at java.util.concurrent.CompletableFuture.postComplete(CompletableFuture.java:510) ~[?:?]
	at java.util.concurrent.CompletableFuture.completeExceptionally(CompletableFuture.java:2162) ~[?:?]
	at jdk.internal.net.http.common.SSLFlowDelegate.stopOnError(SSLFlowDelegate.java:997) ~[java.net.http:?]
	at java.util.concurrent.CompletableFuture.uniExceptionally(CompletableFuture.java:990) ~[?:?]
	at java.util.concurrent.CompletableFuture$UniExceptionally.tryFire(CompletableFuture.java:974) ~[?:?]
	at java.util.concurrent.CompletableFuture.postComplete(CompletableFuture.java:510) ~[?:?]
	at java.util.concurrent.CompletableFuture.completeExceptionally(CompletableFuture.java:2162) ~[?:?]
	at jdk.internal.net.http.common.SubscriberWrapper$DownstreamPusher.run1(SubscriberWrapper.java:295) ~[java.net.http:?]
	at jdk.internal.net.http.common.SubscriberWrapper$DownstreamPusher.run(SubscriberWrapper.java:259) ~[java.net.http:?]
	at jdk.internal.net.http.common.SequentialScheduler$LockingRestartableTask.run(SequentialScheduler.java:205) ~[java.net.http:?]
	at jdk.internal.net.http.common.SequentialScheduler$CompleteRestartableTask.run(SequentialScheduler.java:149) ~[java.net.http:?]
	at jdk.internal.net.http.common.SequentialScheduler$SchedulableTask.run(SequentialScheduler.java:230) ~[java.net.http:?]
	at jdk.internal.net.http.common.SequentialScheduler.runOrSchedule(SequentialScheduler.java:303) ~[java.net.http:?]
	at jdk.internal.net.http.common.SequentialScheduler.runOrSchedule(SequentialScheduler.java:256) ~[java.net.http:?]
	at jdk.internal.net.http.common.SubscriberWrapper.errorCommon(SubscriberWrapper.java:419) ~[java.net.http:?]
	at jdk.internal.net.http.common.SSLFlowDelegate$Reader.errorCommon(SSLFlowDelegate.java:380) ~[java.net.http:?]
	at jdk.internal.net.http.common.SubscriberWrapper.onError(SubscriberWrapper.java:410) ~[java.net.http:?]
	at jdk.internal.net.http.SocketTube$InternalReadPublisher$ReadSubscription.signalCompletion(SocketTube.java:637) ~[java.net.http:?]
	at jdk.internal.net.http.SocketTube$InternalReadPublisher$InternalReadSubscription.read(SocketTube.java:821) ~[java.net.http:?]
	at jdk.internal.net.http.SocketTube$SocketFlowTask.run(SocketTube.java:181) ~[java.net.http:?]
	at jdk.internal.net.http.common.SequentialScheduler$SchedulableTask.run(SequentialScheduler.java:230) ~[java.net.http:?]
	at jdk.internal.net.http.common.SequentialScheduler.runOrSchedule(SequentialScheduler.java:303) ~[java.net.http:?]
	at jdk.internal.net.http.common.SequentialScheduler.runOrSchedule(SequentialScheduler.java:256) ~[java.net.http:?]
	at jdk.internal.net.http.SocketTube$InternalReadPublisher$InternalReadSubscription.signalError(SocketTube.java:770) ~[java.net.http:?]
	at jdk.internal.net.http.SocketTube.signalClosed(SocketTube.java:159) ~[java.net.http:?]
	at jdk.internal.net.http.PlainHttpConnection.close(PlainHttpConnection.java:372) ~[java.net.http:?]
	at jdk.internal.net.http.AsyncSSLConnection.close(AsyncSSLConnection.java:111) ~[java.net.http:?]
	at jdk.internal.net.http.Exchange$ConnectionAborter.closeConnection(Exchange.java:163) ~[java.net.http:?]
	at jdk.internal.net.http.Exchange.cancel(Exchange.java:251) ~[java.net.http:?]
	at jdk.internal.net.http.MultiExchange.cancel(MultiExchange.java:260) ~[java.net.http:?]
	at jdk.internal.net.http.ResponseTimerEvent.handle(ResponseTimerEvent.java:71) ~[java.net.http:?]
	at jdk.internal.net.http.HttpClientImpl.purgeTimeoutsAndReturnNextDeadline(HttpClientImpl.java:1275) ~[java.net.http:?]
	at jdk.internal.net.http.HttpClientImpl$SelectorManager.run(HttpClientImpl.java:904) ~[java.net.http:?]
[0212月2025 23:17:42.715] [Render thread/INFO] [invtweaks/]: net.minecraft.client.gui.screens.inventory.InventoryScreen
[0212月2025 23:18:13.877] [Server thread/INFO] [net.minecraft.server.players.PlayerList/]: Steve[local] logged in with entity id 27 at (-8.062959318653611, 56.0, -0.5675850375764141)
[0212月2025 23:18:13.886] [Server thread/INFO] [net.minecraft.server.MinecraftServer/]: Steve加入了游戏
[0212月2025 23:18:13.895] [Server thread/INFO] [Jade/]: Syncing config to Steve (8667ba71-b85a-4004-af54-457a9734eed7)
[0212月2025 23:18:13.896] [Render thread/INFO] [net.minecraft.client.gui.components.ChatComponent/]: [System] [CHAT] Steve加入了游戏
[0212月2025 23:18:13.967] [Render thread/INFO] [invtweaks/]: net.minecraft.client.gui.screens.inventory.InventoryScreen
[0212月2025 23:18:47.667] [Render thread/INFO] [invtweaks/]: net.minecraft.client.gui.screens.inventory.InventoryScreen
[0212月2025 23:18:52.168] [Render thread/INFO] [invtweaks/]: net.minecraft.client.gui.screens.inventory.InventoryScreen
[0212月2025 23:18:53.804] [Server thread/INFO] [net.minecraft.client.server.IntegratedServer/]: Saving and pausing game...
[0212月2025 23:18:53.811] [Server thread/INFO] [net.minecraft.server.MinecraftServer/]: Saving chunks for level 'ServerLevel[新的世界]'/minecraft:overworld
[0212月2025 23:18:53.813] [Server thread/INFO] [net.minecraft.server.MinecraftServer/]: Saving chunks for level 'ServerLevel[新的世界]'/minecraft:the_end
[0212月2025 23:18:53.813] [Server thread/INFO] [net.minecraft.server.MinecraftServer/]: Saving chunks for level 'ServerLevel[新的世界]'/minecraft:the_nether
[0212月2025 23:18:54.237] [Render thread/INFO] [EMI/]: [EMI] Disconnecting from server, EMI data cleared
[0212月2025 23:18:54.238] [Thread-20/INFO] [EMI/]: [EMI] Clearing data
[0212月2025 23:18:54.255] [Server thread/INFO] [net.minecraft.server.network.ServerGamePacketListenerImpl/]: Dev lost connection: 连接中断
[0212月2025 23:18:54.255] [Server thread/INFO] [net.minecraft.server.MinecraftServer/]: Dev退出了游戏
[0212月2025 23:18:54.260] [Server thread/INFO] [net.minecraft.server.network.ServerGamePacketListenerImpl/]: Stopping singleplayer server as player logged out
[0212月2025 23:18:54.304] [Server thread/INFO] [net.minecraft.server.MinecraftServer/]: Stopping server
[0212月2025 23:18:54.304] [Server thread/INFO] [net.minecraft.server.MinecraftServer/]: Saving players
[0212月2025 23:18:54.304] [Server thread/INFO] [net.minecraft.server.MinecraftServer/]: Saving worlds
[0212月2025 23:18:54.338] [Server thread/INFO] [net.minecraft.server.MinecraftServer/]: Saving chunks for level 'ServerLevel[新的世界]'/minecraft:overworld
[0212月2025 23:18:54.360] [Server thread/INFO] [net.minecraft.server.MinecraftServer/]: Saving chunks for level 'ServerLevel[新的世界]'/minecraft:the_end
[0212月2025 23:18:54.360] [Server thread/INFO] [net.minecraft.server.MinecraftServer/]: Saving chunks for level 'ServerLevel[新的世界]'/minecraft:the_nether
[0212月2025 23:18:54.374] [Server thread/INFO] [net.minecraft.server.MinecraftServer/]: ThreadedAnvilChunkStorage (新的世界): All chunks are saved
[0212月2025 23:18:54.374] [Server thread/INFO] [net.minecraft.server.MinecraftServer/]: ThreadedAnvilChunkStorage (DIM1): All chunks are saved
[0212月2025 23:18:54.374] [Server thread/INFO] [net.minecraft.server.MinecraftServer/]: ThreadedAnvilChunkStorage (DIM-1): All chunks are saved
[0212月2025 23:18:54.374] [Server thread/INFO] [net.minecraft.server.MinecraftServer/]: ThreadedAnvilChunkStorage: All dimensions are saved
[0212月2025 23:18:59.393] [Render thread/INFO] [net.minecraft.client.Minecraft/]: Stopping!
[0212月2025 23:18:59.393] [Render thread/INFO] [EMI/]: [EMI] Disconnecting from server, EMI data cleared
[0212月2025 23:18:59.394] [Thread-24/INFO] [EMI/]: [EMI] Clearing data
